file,entity_type,en_field,ua_field,state,ua_status,ua_drafted_by,draft_revision,en_chars,ua_chars,mtime_days,defer,note
knowledge_base/hosted/content/biomarkers/bio_1p19q_codeletion.yaml,biomarkers,notes,notes_ua,drafted_v2plus,pending_clinical_signoff,claude_ua_02,2,559,688,56,,
knowledge_base/hosted/content/biomarkers/bio_akt1.yaml,biomarkers,notes,notes_ua,drafted_v2plus,pending_clinical_signoff,claude_ua_02,2,471,663,56,,
knowledge_base/hosted/content/biomarkers/bio_alk_fusion.yaml,biomarkers,notes,notes_ua,drafted_v2plus,pending_clinical_signoff,claude_ua_02,2,86,429,56,,
knowledge_base/hosted/content/biomarkers/bio_alk_g1202r.yaml,biomarkers,notes,notes_ua,drafted_v2plus,pending_clinical_signoff,claude_ua_02,2,521,566,56,,
knowledge_base/hosted/content/biomarkers/bio_alk_l1196m.yaml,biomarkers,notes,notes_ua,drafted_v2plus,pending_clinical_signoff,claude_ua_02,2,508,530,56,,
knowledge_base/hosted/content/biomarkers/bio_alk_rearrangement.yaml,biomarkers,notes,notes_ua,drafted_v2plus,pending_clinical_signoff,claude_ua_02,2,763,1004,56,,
knowledge_base/hosted/content/biomarkers/bio_amh_ovarian_reserve.yaml,biomarkers,notes,notes_ua,drafted_pending,pending_clinical_signoff,claude_surveillance_2026_05_18,1,1039,365,49,,
knowledge_base/hosted/content/biomarkers/bio_aml_tp53_adverse.yaml,biomarkers,notes,notes_ua,drafted_v2plus,pending_clinical_signoff,claude_ua_02,2,905,955,56,,
knowledge_base/hosted/content/biomarkers/bio_anal_cytology_hsil.yaml,biomarkers,notes,notes_ua,missing,,,,407,0,49,,
knowledge_base/hosted/content/biomarkers/bio_apc.yaml,biomarkers,notes,notes_ua,drafted_v2plus,pending_clinical_signoff,claude_ua_02,2,896,890,56,,
knowledge_base/hosted/content/biomarkers/bio_apc_germline.yaml,biomarkers,notes,notes_ua,drafted_pending,pending_clinical_signoff,claude_v04_germline_batch2,1,353,71,50,,
knowledge_base/hosted/content/biomarkers/bio_ar_amplification.yaml,biomarkers,notes,notes_ua,drafted_v2plus,pending_clinical_signoff,claude_ua_02,2,1277,1358,56,,
knowledge_base/hosted/content/biomarkers/bio_ar_v7.yaml,biomarkers,notes,notes_ua,drafted_v2plus,pending_clinical_signoff,claude_ua_02,2,1027,1007,56,,
knowledge_base/hosted/content/biomarkers/bio_atm_chek2_cdk12_germline.yaml,biomarkers,notes,notes_ua,drafted_v2plus,pending_clinical_signoff,claude_ua_02,2,434,395,56,,
knowledge_base/hosted/content/biomarkers/bio_atm_germline.yaml,biomarkers,notes,notes_ua,drafted_pending,pending_clinical_signoff,claude_v04_germline_batch2,1,449,92,50,,
knowledge_base/hosted/content/biomarkers/bio_atrx_mutation.yaml,biomarkers,notes,notes_ua,drafted_v2plus,pending_clinical_signoff,claude_ua_02,2,536,299,56,,
knowledge_base/hosted/content/biomarkers/bio_axin2_germline.yaml,biomarkers,notes,notes_ua,drafted_pending,pending_clinical_signoff,claude_v05_germline_batch3,1,391,157,49,,
knowledge_base/hosted/content/biomarkers/bio_bap1.yaml,biomarkers,notes,notes_ua,missing,,,,70,0,60,,
knowledge_base/hosted/content/biomarkers/bio_bap1_germline.yaml,biomarkers,notes,notes_ua,drafted_pending,pending_clinical_signoff,claude_v04_germline_batch2,1,390,117,50,,
knowledge_base/hosted/content/biomarkers/bio_bap1_mutation.yaml,biomarkers,notes,notes_ua,drafted_v2plus,pending_clinical_signoff,claude_ua_02,2,1737,1731,56,,
knowledge_base/hosted/content/biomarkers/bio_bard1_germline.yaml,biomarkers,notes,notes_ua,drafted_pending,pending_clinical_signoff,claude_v04_germline_batch2,1,317,84,50,,
knowledge_base/hosted/content/biomarkers/bio_bcl2_ihc.yaml,biomarkers,notes,notes_ua,drafted_v2plus,pending_clinical_signoff,claude_ua_02,2,988,1277,56,,
knowledge_base/hosted/content/biomarkers/bio_bcl2_ihc_alias.yaml,biomarkers,notes,notes_ua,missing,,,,140,0,60,,
knowledge_base/hosted/content/biomarkers/bio_bcl2_rearrangement.yaml,biomarkers,notes,notes_ua,drafted_v2plus,pending_clinical_signoff,claude_ua_02,2,274,277,56,,
knowledge_base/hosted/content/biomarkers/bio_bcl6_ihc.yaml,biomarkers,notes,notes_ua,drafted_v2plus,pending_clinical_signoff,claude_ua_02,2,523,541,56,,
knowledge_base/hosted/content/biomarkers/bio_bcl6_rearrangement.yaml,biomarkers,notes,notes_ua,drafted_v2plus,pending_clinical_signoff,claude_ua_02,2,506,569,56,,
knowledge_base/hosted/content/biomarkers/bio_bcma_expression.yaml,biomarkers,notes,notes_ua,drafted_v2plus,pending_clinical_signoff,claude_ua_02,2,1435,1666,56,,
knowledge_base/hosted/content/biomarkers/bio_bcr_abl1.yaml,biomarkers,notes,notes_ua,drafted_v2plus,pending_clinical_signoff,claude_ua_02,2,596,684,56,,
knowledge_base/hosted/content/biomarkers/bio_bcr_abl1_e255k.yaml,biomarkers,notes,notes_ua,drafted_v2plus,pending_clinical_signoff,claude_ua_02,2,493,498,56,,
knowledge_base/hosted/content/biomarkers/bio_bcr_abl1_f317l.yaml,biomarkers,notes,notes_ua,drafted_v2plus,pending_clinical_signoff,claude_ua_02,2,501,592,56,,
knowledge_base/hosted/content/biomarkers/bio_bcr_abl1_t315i.yaml,biomarkers,notes,notes_ua,drafted_v2plus,pending_clinical_signoff,claude_ua_02,2,868,926,56,,
knowledge_base/hosted/content/biomarkers/bio_bcr_abl1_v299l.yaml,biomarkers,notes,notes_ua,drafted_v2plus,pending_clinical_signoff,claude_ua_02,2,451,480,56,,
knowledge_base/hosted/content/biomarkers/bio_blm_germline.yaml,biomarkers,notes,notes_ua,drafted_pending,pending_clinical_signoff,claude_v05_germline_batch3,1,507,187,49,,
knowledge_base/hosted/content/biomarkers/bio_braf_class_ii_iii.yaml,biomarkers,notes,notes_ua,drafted_v2plus,pending_clinical_signoff,claude_ua_02,2,940,959,56,,
knowledge_base/hosted/content/biomarkers/bio_braf_v600e.yaml,biomarkers,notes,notes_ua,drafted_v2plus,pending_clinical_signoff,claude_ua_02,2,243,244,56,,
knowledge_base/hosted/content/biomarkers/bio_braf_v600k.yaml,biomarkers,notes,notes_ua,drafted_v2plus,pending_clinical_signoff,claude_ua_02,2,403,624,56,,
knowledge_base/hosted/content/biomarkers/bio_brca1_ashkenazi_founder_185delag.yaml,biomarkers,notes,notes_ua,drafted_pending,pending_clinical_signoff,claude_surveillance_2026_05_18,1,919,409,49,,
knowledge_base/hosted/content/biomarkers/bio_brca1_ashkenazi_founder_5266dupc.yaml,biomarkers,notes,notes_ua,drafted_pending,pending_clinical_signoff,claude_surveillance_2026_05_18,1,897,379,49,,
knowledge_base/hosted/content/biomarkers/bio_brca2_ashkenazi_founder_6174delt.yaml,biomarkers,notes,notes_ua,drafted_pending,pending_clinical_signoff,claude_surveillance_2026_05_18,1,978,349,49,,
knowledge_base/hosted/content/biomarkers/bio_brca_germline.yaml,biomarkers,notes,notes_ua,drafted_v2plus,pending_clinical_signoff,claude_ua_02,2,208,320,56,,
knowledge_base/hosted/content/biomarkers/bio_brca_somatic.yaml,biomarkers,notes,notes_ua,drafted_v2plus,pending_clinical_signoff,claude_ua_02,2,369,427,56,,
knowledge_base/hosted/content/biomarkers/bio_brip1_germline.yaml,biomarkers,notes,notes_ua,drafted_pending,pending_clinical_signoff,claude_v04_germline_batch2,1,287,77,50,,
knowledge_base/hosted/content/biomarkers/bio_ca_15_3_breast.yaml,biomarkers,notes,notes_ua,drafted_pending,pending_clinical_signoff,claude_surveillance_2026_05_18,1,695,289,49,,
knowledge_base/hosted/content/biomarkers/bio_ca_19_9_pancreatic.yaml,biomarkers,notes,notes_ua,drafted_pending,pending_clinical_signoff,claude_surveillance_2026_05_18,1,727,295,49,,
knowledge_base/hosted/content/biomarkers/bio_calcitonin_mtc.yaml,biomarkers,notes,notes_ua,drafted_pending,pending_clinical_signoff,claude_surveillance_2026_05_18,1,1007,352,49,,
knowledge_base/hosted/content/biomarkers/bio_calr.yaml,biomarkers,notes,notes_ua,drafted_v2plus,pending_clinical_signoff,claude_ua_02,2,610,685,56,,
knowledge_base/hosted/content/biomarkers/bio_ccnd1_ihc.yaml,biomarkers,notes,notes_ua,drafted_v2plus,pending_clinical_signoff,claude_ua_02,2,617,621,56,,
knowledge_base/hosted/content/biomarkers/bio_cd10_ihc.yaml,biomarkers,notes,notes_ua,drafted_v2plus,pending_clinical_signoff,claude_ua_02,2,352,188,56,,
knowledge_base/hosted/content/biomarkers/bio_cd20_ihc.yaml,biomarkers,notes,notes_ua,drafted_v2plus,pending_clinical_signoff,claude_ua_02,2,308,324,56,,
knowledge_base/hosted/content/biomarkers/bio_cd22_expression.yaml,biomarkers,notes,notes_ua,drafted_v2plus,pending_clinical_signoff,claude_ua_02,2,910,1013,56,,
knowledge_base/hosted/content/biomarkers/bio_cd23_ihc.yaml,biomarkers,notes,notes_ua,drafted_v2plus,pending_clinical_signoff,claude_ua_02,2,220,219,56,,
knowledge_base/hosted/content/biomarkers/bio_cd30_ihc.yaml,biomarkers,notes,notes_ua,drafted_v2plus,pending_clinical_signoff,claude_ua_02,2,123,125,56,,
knowledge_base/hosted/content/biomarkers/bio_cd33_expression.yaml,biomarkers,notes,notes_ua,drafted_v2plus,pending_clinical_signoff,claude_ua_02,2,1011,1111,56,,
knowledge_base/hosted/content/biomarkers/bio_cd38_expression.yaml,biomarkers,notes,notes_ua,drafted_v2plus,pending_clinical_signoff,claude_ua_02,2,1430,1623,56,,
knowledge_base/hosted/content/biomarkers/bio_cd52_ihc.yaml,biomarkers,notes,notes_ua,drafted_v2plus,pending_clinical_signoff,claude_ua_02,2,598,754,56,,
knowledge_base/hosted/content/biomarkers/bio_cd5_ihc.yaml,biomarkers,notes,notes_ua,drafted_v2plus,pending_clinical_signoff,claude_ua_02,2,549,599,56,,
knowledge_base/hosted/content/biomarkers/bio_cd79b_ihc.yaml,biomarkers,notes,notes_ua,drafted_v2plus,pending_clinical_signoff,claude_ua_02,2,455,600,56,,
knowledge_base/hosted/content/biomarkers/bio_cd79b_mutation.yaml,biomarkers,notes,notes_ua,drafted_v2plus,pending_clinical_signoff,claude_ua_02,2,989,1146,56,,
knowledge_base/hosted/content/biomarkers/bio_cdc73_germline.yaml,biomarkers,notes,notes_ua,drafted_pending,pending_clinical_signoff,claude_v05_germline_batch3,1,399,193,49,,
knowledge_base/hosted/content/biomarkers/bio_cdh1_germline.yaml,biomarkers,notes,notes_ua,drafted_v2plus,pending_clinical_signoff,claude_ua_02,2,324,314,56,,
knowledge_base/hosted/content/biomarkers/bio_cdkn2a.yaml,biomarkers,notes,notes_ua,drafted_v2plus,pending_clinical_signoff,claude_ua_02,2,575,697,56,,
knowledge_base/hosted/content/biomarkers/bio_cdkn2a_germline.yaml,biomarkers,notes,notes_ua,drafted_pending,pending_clinical_signoff,claude_v04_germline_batch2,1,347,103,50,,
knowledge_base/hosted/content/biomarkers/bio_cea_crc_monitoring.yaml,biomarkers,notes,notes_ua,drafted_pending,pending_clinical_signoff,claude_surveillance_2026_05_18,1,815,360,49,,
knowledge_base/hosted/content/biomarkers/bio_cfdna_methylation_mced.yaml,biomarkers,notes,notes_ua,drafted_pending,pending_clinical_signoff,claude_surveillance_2026_05_18,1,1479,501,49,,
knowledge_base/hosted/content/biomarkers/bio_chek2_germline.yaml,biomarkers,notes,notes_ua,drafted_pending,pending_clinical_signoff,claude_v04_germline_batch2,1,384,122,50,,
knowledge_base/hosted/content/biomarkers/bio_chromoendoscopy_dysplasia_ibd.yaml,biomarkers,notes,notes_ua,missing,,,,367,0,49,,
knowledge_base/hosted/content/biomarkers/bio_chromogranin_a_net.yaml,biomarkers,notes,notes_ua,drafted_pending,pending_clinical_signoff,claude_surveillance_2026_05_18,1,869,390,49,,
knowledge_base/hosted/content/biomarkers/bio_cldn18_2.yaml,biomarkers,notes,notes_ua,drafted_v2plus,pending_clinical_signoff,claude_ua_02,2,606,494,56,,
knowledge_base/hosted/content/biomarkers/bio_cll_high_risk_genetics.yaml,biomarkers,notes,notes_ua,drafted_v2plus,pending_clinical_signoff,claude_ua_02,2,384,542,56,,
knowledge_base/hosted/content/biomarkers/bio_csf1r.yaml,biomarkers,notes,notes_ua,drafted_v2plus,pending_clinical_signoff,claude_ua_02,2,802,320,56,,
knowledge_base/hosted/content/biomarkers/bio_ctdna_mrd.yaml,biomarkers,notes,notes_ua,drafted_v2plus,pending_clinical_signoff,claude_ua_02,2,2285,2384,56,,
knowledge_base/hosted/content/biomarkers/bio_ctdna_mrd_post_treatment.yaml,biomarkers,notes,notes_ua,drafted_pending,pending_clinical_signoff,claude_surveillance_2026_05_18,1,1394,476,49,,
knowledge_base/hosted/content/biomarkers/bio_ctnnb1.yaml,biomarkers,notes,notes_ua,drafted_v2plus,pending_clinical_signoff,claude_ua_02,2,1844,459,56,,
knowledge_base/hosted/content/biomarkers/bio_cxcr4_whim.yaml,biomarkers,notes,notes_ua,drafted_v2plus,pending_clinical_signoff,claude_ua_02,2,594,741,56,,
knowledge_base/hosted/content/biomarkers/bio_ddr2.yaml,biomarkers,notes,notes_ua,drafted_v2plus,pending_clinical_signoff,claude_ua_02,2,691,778,56,,
knowledge_base/hosted/content/biomarkers/bio_dermoscopy_atypical_naevi.yaml,biomarkers,notes,notes_ua,missing,,,,415,0,49,,
knowledge_base/hosted/content/biomarkers/bio_diagnostic_ihc_lineage_markers.yaml,biomarkers,notes,notes_ua,missing,,,,461,0,60,,
knowledge_base/hosted/content/biomarkers/bio_dicer1_germline.yaml,biomarkers,notes,notes_ua,drafted_pending,pending_clinical_signoff,claude_v05_germline_batch3,1,455,201,49,,
knowledge_base/hosted/content/biomarkers/bio_dlbcl_coo_hans.yaml,biomarkers,notes,notes_ua,drafted_v2plus,pending_clinical_signoff,claude_ua_02,2,407,528,56,,
knowledge_base/hosted/content/biomarkers/bio_dlbcl_ipi.yaml,biomarkers,notes,notes_ua,drafted_v2plus,pending_clinical_signoff,claude_ua_02,2,314,382,56,,
knowledge_base/hosted/content/biomarkers/bio_double_hit.yaml,biomarkers,notes,notes_ua,drafted_v2plus,pending_clinical_signoff,claude_ua_02,2,232,291,56,,
knowledge_base/hosted/content/biomarkers/bio_duodenal_adenoma_spigelman_score.yaml,biomarkers,notes,notes_ua,missing,,,,439,0,49,,
knowledge_base/hosted/content/biomarkers/bio_ebv_dna.yaml,biomarkers,notes,notes_ua,drafted_v2plus,pending_clinical_signoff,claude_ua_02,2,945,1108,56,,
knowledge_base/hosted/content/biomarkers/bio_ebv_status.yaml,biomarkers,notes,notes_ua,drafted_v2plus,pending_clinical_signoff,claude_ua_02,2,888,1007,56,,
knowledge_base/hosted/content/biomarkers/bio_egfr_c797s.yaml,biomarkers,notes,notes_ua,drafted_v2plus,pending_clinical_signoff,claude_ua_02,2,651,678,56,,
knowledge_base/hosted/content/biomarkers/bio_egfr_exon19_deletion.yaml,biomarkers,notes,notes_ua,drafted_v2plus,pending_clinical_signoff,claude_ua_02,2,387,522,56,,
knowledge_base/hosted/content/biomarkers/bio_egfr_exon20_insertion.yaml,biomarkers,notes,notes_ua,drafted_v2plus,pending_clinical_signoff,claude_ua_02,2,402,497,56,,
knowledge_base/hosted/content/biomarkers/bio_egfr_l858r.yaml,biomarkers,notes,notes_ua,drafted_v2plus,pending_clinical_signoff,claude_ua_02,2,251,255,56,,
knowledge_base/hosted/content/biomarkers/bio_egfr_mutation.yaml,biomarkers,notes,notes_ua,drafted_v2plus,pending_clinical_signoff,claude_ua_02,2,75,101,56,,
knowledge_base/hosted/content/biomarkers/bio_egfr_t790m.yaml,biomarkers,notes,notes_ua,drafted_v2plus,pending_clinical_signoff,claude_ua_02,2,318,459,56,,
knowledge_base/hosted/content/biomarkers/bio_epcam_germline.yaml,biomarkers,notes,notes_ua,drafted_pending,pending_clinical_signoff,claude_v04_germline_batch2,1,346,89,50,,
knowledge_base/hosted/content/biomarkers/bio_erbb4.yaml,biomarkers,notes,notes_ua,drafted_v2plus,pending_clinical_signoff,claude_ua_02,2,794,345,56,,
knowledge_base/hosted/content/biomarkers/bio_esr1.yaml,biomarkers,notes,notes_ua,drafted_v2plus,pending_clinical_signoff,claude_ua_02,2,565,750,56,,
knowledge_base/hosted/content/biomarkers/bio_estrogen_receptor.yaml,biomarkers,notes,notes_ua,drafted_v2plus,pending_clinical_signoff,claude_ua_02,2,178,229,56,,
knowledge_base/hosted/content/biomarkers/bio_ezh2_y641.yaml,biomarkers,notes,notes_ua,drafted_v2plus,pending_clinical_signoff,claude_ua_02,2,572,755,56,,
knowledge_base/hosted/content/biomarkers/bio_fbxw7.yaml,biomarkers,notes,notes_ua,drafted_v2plus,pending_clinical_signoff,claude_ua_02,2,872,891,56,,
knowledge_base/hosted/content/biomarkers/bio_fecal_immunochemical_test_fit.yaml,biomarkers,notes,notes_ua,missing,,,,446,0,49,,
knowledge_base/hosted/content/biomarkers/bio_fgfr1.yaml,biomarkers,notes,notes_ua,drafted_v2plus,pending_clinical_signoff,claude_ua_02,2,459,583,56,,
knowledge_base/hosted/content/biomarkers/bio_fgfr2.yaml,biomarkers,notes,notes_ua,drafted_v2plus,pending_clinical_signoff,claude_ua_02,2,506,635,56,,
knowledge_base/hosted/content/biomarkers/bio_fgfr2b_ihc.yaml,biomarkers,notes,notes_ua,drafted_v2plus,pending_clinical_signoff,claude_ua_02,2,655,688,56,,
knowledge_base/hosted/content/biomarkers/bio_fgfr3_mutation.yaml,biomarkers,notes,notes_ua,drafted_v2plus,pending_clinical_signoff,claude_ua_02,2,33,37,56,,
knowledge_base/hosted/content/biomarkers/bio_fh_germline.yaml,biomarkers,notes,notes_ua,drafted_pending,pending_clinical_signoff,claude_v03_germline,1,149,28,50,,
knowledge_base/hosted/content/biomarkers/bio_fl_flipi.yaml,biomarkers,notes,notes_ua,drafted_v2plus,pending_clinical_signoff,claude_ua_02,2,317,446,56,,
knowledge_base/hosted/content/biomarkers/bio_flcn_germline.yaml,biomarkers,notes,notes_ua,drafted_pending,pending_clinical_signoff,claude_v03_germline,1,163,54,50,,
knowledge_base/hosted/content/biomarkers/bio_flt3_d835.yaml,biomarkers,notes,notes_ua,drafted_v2plus,pending_clinical_signoff,claude_ua_02,2,408,521,56,,
knowledge_base/hosted/content/biomarkers/bio_flt3_f691l.yaml,biomarkers,notes,notes_ua,drafted_v2plus,pending_clinical_signoff,claude_ua_02,2,885,912,56,,
knowledge_base/hosted/content/biomarkers/bio_flt3_itd.yaml,biomarkers,notes,notes_ua,drafted_v2plus,pending_clinical_signoff,claude_ua_02,2,477,610,56,,
knowledge_base/hosted/content/biomarkers/bio_foxl2.yaml,biomarkers,notes,notes_ua,drafted_v2plus,pending_clinical_signoff,claude_ua_02,2,1237,447,56,,
knowledge_base/hosted/content/biomarkers/bio_fra_folr1.yaml,biomarkers,notes,notes_ua,missing,,,,202,0,60,,
knowledge_base/hosted/content/biomarkers/bio_gleason_isup.yaml,biomarkers,notes,notes_ua,drafted_v2plus,pending_clinical_signoff,claude_ua_02,2,145,193,56,,
knowledge_base/hosted/content/biomarkers/bio_gnas.yaml,biomarkers,notes,notes_ua,drafted_v2plus,pending_clinical_signoff,claude_ua_02,2,1717,1012,56,,
knowledge_base/hosted/content/biomarkers/bio_hbv_dna_quantitative_monitoring.yaml,biomarkers,notes,notes_ua,drafted_pending,pending_clinical_signoff,claude_surveillance_2026_05_18,1,1361,415,49,,
knowledge_base/hosted/content/biomarkers/bio_hbv_status.yaml,biomarkers,notes,notes_ua,drafted_v2plus,pending_clinical_signoff,claude_ua_02,2,1010,1069,56,,
knowledge_base/hosted/content/biomarkers/bio_hcv_rna.yaml,biomarkers,notes,notes_ua,drafted_v2plus,pending_clinical_signoff,claude_ua_02,2,171,210,50,,
knowledge_base/hosted/content/biomarkers/bio_hcv_rna_quantitative_monitoring.yaml,biomarkers,notes,notes_ua,drafted_pending,pending_clinical_signoff,claude_surveillance_2026_05_18,1,1312,391,49,,
knowledge_base/hosted/content/biomarkers/bio_hcv_status.yaml,biomarkers,notes,notes_ua,drafted_v2plus,pending_clinical_signoff,claude_ua_02,2,681,668,56,,
knowledge_base/hosted/content/biomarkers/bio_her2_low.yaml,biomarkers,notes,notes_ua,drafted_v2plus,pending_clinical_signoff,claude_ua_02,2,660,647,56,,
knowledge_base/hosted/content/biomarkers/bio_her2_ultralow.yaml,biomarkers,notes,notes_ua,drafted_v2plus,pending_clinical_signoff,claude_ua_02,2,1126,1219,56,,
knowledge_base/hosted/content/biomarkers/bio_hiv_status.yaml,biomarkers,notes,notes_ua,drafted_v2plus,pending_clinical_signoff,claude_ua_02,2,854,921,56,,
knowledge_base/hosted/content/biomarkers/bio_hnf1a.yaml,biomarkers,notes,notes_ua,drafted_v2plus,pending_clinical_signoff,claude_ua_02,2,1081,416,56,,
knowledge_base/hosted/content/biomarkers/bio_hpv_dna_cervical_primary.yaml,biomarkers,notes,notes_ua,missing,,,,324,0,49,,
knowledge_base/hosted/content/biomarkers/bio_hras.yaml,biomarkers,notes,notes_ua,drafted_v2plus,pending_clinical_signoff,claude_ua_02,2,605,715,56,,
knowledge_base/hosted/content/biomarkers/bio_hrd_assay_distinction.yaml,biomarkers,notes,notes_ua,drafted_v2plus,pending_clinical_signoff,claude_ua_02,2,2737,2766,56,,
knowledge_base/hosted/content/biomarkers/bio_hrr_panel.yaml,biomarkers,notes,notes_ua,drafted_v2plus,pending_clinical_signoff,claude_ua_02,2,200,320,56,,
knowledge_base/hosted/content/biomarkers/bio_htlv_1.yaml,biomarkers,notes,notes_ua,drafted_v2plus,pending_clinical_signoff,claude_ua_02,2,858,891,56,,
knowledge_base/hosted/content/biomarkers/bio_idh1_r132c.yaml,biomarkers,notes,notes_ua,drafted_v2plus,pending_clinical_signoff,claude_ua_02,2,763,762,56,,
knowledge_base/hosted/content/biomarkers/bio_idh1_r132g.yaml,biomarkers,notes,notes_ua,drafted_v2plus,pending_clinical_signoff,claude_ua_02,2,495,497,56,,
knowledge_base/hosted/content/biomarkers/bio_idh1_r132h.yaml,biomarkers,notes,notes_ua,drafted_v2plus,pending_clinical_signoff,claude_ua_02,2,566,716,56,,
knowledge_base/hosted/content/biomarkers/bio_idh2_r140q.yaml,biomarkers,notes,notes_ua,drafted_v2plus,pending_clinical_signoff,claude_ua_02,2,749,719,56,,
knowledge_base/hosted/content/biomarkers/bio_idh2_r172k.yaml,biomarkers,notes,notes_ua,drafted_v2plus,pending_clinical_signoff,claude_ua_02,2,602,599,56,,
knowledge_base/hosted/content/biomarkers/bio_ighv_mutational_status.yaml,biomarkers,notes,notes_ua,drafted_v2plus,pending_clinical_signoff,claude_ua_02,2,866,1053,56,,
knowledge_base/hosted/content/biomarkers/bio_jak2.yaml,biomarkers,notes,notes_ua,drafted_v2plus,pending_clinical_signoff,claude_ua_02,2,570,650,56,,
knowledge_base/hosted/content/biomarkers/bio_jak3.yaml,biomarkers,notes,notes_ua,drafted_v2plus,pending_clinical_signoff,claude_ua_02,2,1221,320,56,,
knowledge_base/hosted/content/biomarkers/bio_kdr.yaml,biomarkers,notes,notes_ua,drafted_v2plus,pending_clinical_signoff,claude_ua_02,2,835,459,56,,
knowledge_base/hosted/content/biomarkers/bio_ki67_ihc_proliferation_index.yaml,biomarkers,notes,notes_ua,missing,,,,445,0,49,,
knowledge_base/hosted/content/biomarkers/bio_ki67_proliferation.yaml,biomarkers,notes,notes_ua,drafted_v2plus,pending_clinical_signoff,claude_ua_02,2,689,822,56,,
knowledge_base/hosted/content/biomarkers/bio_kit.yaml,biomarkers,notes,notes_ua,drafted_v2plus,pending_clinical_signoff,claude_ua_02,2,508,505,56,,
knowledge_base/hosted/content/biomarkers/bio_kit_d816v.yaml,biomarkers,notes,notes_ua,drafted_v2plus,pending_clinical_signoff,claude_ua_02,2,500,570,56,,
knowledge_base/hosted/content/biomarkers/bio_kmt2a_rearrangement.yaml,biomarkers,notes,notes_ua,drafted_v2plus,pending_clinical_signoff,claude_ua_02,2,798,745,56,,
knowledge_base/hosted/content/biomarkers/bio_kras_g12c.yaml,biomarkers,notes,notes_ua,drafted_v2plus,pending_clinical_signoff,claude_ua_02,2,108,108,56,,
knowledge_base/hosted/content/biomarkers/bio_kras_g12d.yaml,biomarkers,notes,notes_ua,drafted_v2plus,pending_clinical_signoff,claude_ua_02,2,334,450,56,,
knowledge_base/hosted/content/biomarkers/bio_kras_g12v.yaml,biomarkers,notes,notes_ua,drafted_v2plus,pending_clinical_signoff,claude_ua_02,2,299,343,56,,
knowledge_base/hosted/content/biomarkers/bio_lung_nodule_lung_rads.yaml,biomarkers,notes,notes_ua,missing,,,,383,0,49,,
knowledge_base/hosted/content/biomarkers/bio_lynch_panel_split.yaml,biomarkers,notes,notes_ua,drafted_v2plus,pending_clinical_signoff,claude_ua_02,2,556,563,56,,
knowledge_base/hosted/content/biomarkers/bio_mammography_density_birads.yaml,biomarkers,notes,notes_ua,missing,,,,455,0,49,,
knowledge_base/hosted/content/biomarkers/bio_map2k1.yaml,biomarkers,notes,notes_ua,drafted_v2plus,pending_clinical_signoff,claude_ua_02,2,1217,609,56,,
knowledge_base/hosted/content/biomarkers/bio_mcl_mipi.yaml,biomarkers,notes,notes_ua,drafted_v2plus,pending_clinical_signoff,claude_ua_02,2,261,351,56,,
knowledge_base/hosted/content/biomarkers/bio_mds_del_5q.yaml,biomarkers,notes,notes_ua,drafted_v2plus,pending_clinical_signoff,claude_ua_02,2,1035,1044,56,,
knowledge_base/hosted/content/biomarkers/bio_men1_germline.yaml,biomarkers,notes,notes_ua,drafted_pending,pending_clinical_signoff,claude_v03_germline,1,151,90,50,,
knowledge_base/hosted/content/biomarkers/bio_met.yaml,biomarkers,notes,notes_ua,drafted_v2plus,pending_clinical_signoff,claude_ua_02,2,417,517,56,,
knowledge_base/hosted/content/biomarkers/bio_met_amplification.yaml,biomarkers,notes,notes_ua,drafted_v2plus,pending_clinical_signoff,claude_ua_02,2,635,667,56,,
knowledge_base/hosted/content/biomarkers/bio_met_germline.yaml,biomarkers,notes,notes_ua,drafted_pending,pending_clinical_signoff,claude_v04_germline_batch2,1,452,107,50,,
knowledge_base/hosted/content/biomarkers/bio_metanephrines_plasma_pheo.yaml,biomarkers,notes,notes_ua,drafted_pending,pending_clinical_signoff,claude_surveillance_2026_05_18,1,900,335,49,,
knowledge_base/hosted/content/biomarkers/bio_mf_large_cell_transformation.yaml,biomarkers,notes,notes_ua,drafted_v2plus,pending_clinical_signoff,claude_ua_02,2,374,480,56,,
knowledge_base/hosted/content/biomarkers/bio_mgmt_methylation_glioma_secondary.yaml,biomarkers,notes,notes_ua,missing,,,,510,0,49,,
knowledge_base/hosted/content/biomarkers/bio_mlh1_germline.yaml,biomarkers,notes,notes_ua,drafted_pending,pending_clinical_signoff,claude_v03_germline,1,198,131,50,,
knowledge_base/hosted/content/biomarkers/bio_mm_cytogenetics_hr.yaml,biomarkers,notes,notes_ua,drafted_v2plus,pending_clinical_signoff,claude_ua_02,2,380,448,56,,
knowledge_base/hosted/content/biomarkers/bio_msh2_germline.yaml,biomarkers,notes,notes_ua,drafted_pending,pending_clinical_signoff,claude_v03_germline,1,148,75,50,,
knowledge_base/hosted/content/biomarkers/bio_msh3_germline.yaml,biomarkers,notes,notes_ua,drafted_pending,pending_clinical_signoff,claude_v05_germline_batch3,1,554,164,49,,
knowledge_base/hosted/content/biomarkers/bio_msh6_germline.yaml,biomarkers,notes,notes_ua,drafted_pending,pending_clinical_signoff,claude_v03_germline,1,138,45,50,,
knowledge_base/hosted/content/biomarkers/bio_mum1_ihc.yaml,biomarkers,notes,notes_ua,drafted_v2plus,pending_clinical_signoff,claude_ua_02,2,529,532,56,,
knowledge_base/hosted/content/biomarkers/bio_mutyh_germline.yaml,biomarkers,notes,notes_ua,drafted_pending,pending_clinical_signoff,claude_v03_germline,1,225,98,50,,
knowledge_base/hosted/content/biomarkers/bio_myc_rearrangement.yaml,biomarkers,notes,notes_ua,drafted_v2plus,pending_clinical_signoff,claude_ua_02,2,326,323,56,,
knowledge_base/hosted/content/biomarkers/bio_myd88_l265p.yaml,biomarkers,notes,notes_ua,drafted_v2plus,pending_clinical_signoff,claude_ua_02,2,772,912,56,,
knowledge_base/hosted/content/biomarkers/bio_nf1_germline.yaml,biomarkers,notes,notes_ua,drafted_pending,pending_clinical_signoff,claude_v04_germline_batch2,1,435,110,50,,
knowledge_base/hosted/content/biomarkers/bio_nf1_mutation.yaml,biomarkers,notes,notes_ua,drafted_v2plus,pending_clinical_signoff,claude_ua_02,2,1313,1272,56,,
knowledge_base/hosted/content/biomarkers/bio_nf2.yaml,biomarkers,notes,notes_ua,drafted_v2plus,pending_clinical_signoff,claude_ua_02,2,1144,356,56,,
knowledge_base/hosted/content/biomarkers/bio_nf2_germline.yaml,biomarkers,notes,notes_ua,drafted_pending,pending_clinical_signoff,claude_v05_germline_batch3,1,395,174,49,,
knowledge_base/hosted/content/biomarkers/bio_notch1_mutation.yaml,biomarkers,notes,notes_ua,drafted_v2plus,pending_clinical_signoff,claude_ua_02,2,528,647,56,,
knowledge_base/hosted/content/biomarkers/bio_notch2_mutation.yaml,biomarkers,notes,notes_ua,drafted_v2plus,pending_clinical_signoff,claude_ua_02,2,984,861,56,,
knowledge_base/hosted/content/biomarkers/bio_npm1.yaml,biomarkers,notes,notes_ua,drafted_v2plus,pending_clinical_signoff,claude_ua_02,2,459,512,56,,
knowledge_base/hosted/content/biomarkers/bio_nras_q61r.yaml,biomarkers,notes,notes_ua,drafted_v2plus,pending_clinical_signoff,claude_ua_02,2,466,485,56,,
knowledge_base/hosted/content/biomarkers/bio_nrg1_fusion.yaml,biomarkers,notes,notes_ua,drafted_v2plus,pending_clinical_signoff,claude_ua_02,2,861,933,56,,
knowledge_base/hosted/content/biomarkers/bio_nthl1_germline.yaml,biomarkers,notes,notes_ua,drafted_pending,pending_clinical_signoff,claude_v05_germline_batch3,1,501,174,49,,
knowledge_base/hosted/content/biomarkers/bio_ntrk_fusion.yaml,biomarkers,notes,notes_ua,drafted_v2plus,pending_clinical_signoff,claude_ua_02,2,632,737,56,,
knowledge_base/hosted/content/biomarkers/bio_p16_ihc_cervical_dysplasia.yaml,biomarkers,notes,notes_ua,missing,,,,431,0,49,,
knowledge_base/hosted/content/biomarkers/bio_p53_ihc_dysplasia.yaml,biomarkers,notes,notes_ua,missing,,,,395,0,49,,
knowledge_base/hosted/content/biomarkers/bio_palb2_germline.yaml,biomarkers,notes,notes_ua,drafted_v2plus,pending_clinical_signoff,claude_ua_02,2,310,321,56,,
knowledge_base/hosted/content/biomarkers/bio_pap_cytology_cervical.yaml,biomarkers,notes,notes_ua,missing,,,,397,0,49,,
knowledge_base/hosted/content/biomarkers/bio_pdgfra.yaml,biomarkers,notes,notes_ua,drafted_v2plus,pending_clinical_signoff,claude_ua_02,2,547,602,56,,
knowledge_base/hosted/content/biomarkers/bio_pdl1_22c3_clone.yaml,biomarkers,notes,notes_ua,drafted_v2plus,pending_clinical_signoff,claude_ua_02,2,448,414,56,,
knowledge_base/hosted/content/biomarkers/bio_pdl1_28_8_clone.yaml,biomarkers,notes,notes_ua,drafted_v2plus,pending_clinical_signoff,claude_ua_02,2,396,399,56,,
knowledge_base/hosted/content/biomarkers/bio_pdl1_expression.yaml,biomarkers,notes,notes_ua,drafted_v2plus,pending_clinical_signoff,claude_ua_02,2,808,1004,56,,
knowledge_base/hosted/content/biomarkers/bio_pdl1_sp142_clone.yaml,biomarkers,notes,notes_ua,drafted_v2plus,pending_clinical_signoff,claude_ua_02,2,510,500,56,,
knowledge_base/hosted/content/biomarkers/bio_pdl1_sp263_clone.yaml,biomarkers,notes,notes_ua,drafted_v2plus,pending_clinical_signoff,claude_ua_02,2,402,395,56,,
knowledge_base/hosted/content/biomarkers/bio_pdl1_tps.yaml,biomarkers,notes,notes_ua,drafted_v2plus,pending_clinical_signoff,claude_ua_02,2,119,119,56,,
knowledge_base/hosted/content/biomarkers/bio_pik3ca_h1047r.yaml,biomarkers,notes,notes_ua,drafted_v2plus,pending_clinical_signoff,claude_ua_02,2,435,613,56,,
knowledge_base/hosted/content/biomarkers/bio_pik3ca_mutation.yaml,biomarkers,notes,notes_ua,drafted_v2plus,pending_clinical_signoff,claude_ua_02,2,178,182,56,,
knowledge_base/hosted/content/biomarkers/bio_pik3r1.yaml,biomarkers,notes,notes_ua,drafted_v2plus,pending_clinical_signoff,claude_ua_02,2,1369,395,56,,
knowledge_base/hosted/content/biomarkers/bio_pms2_germline.yaml,biomarkers,notes,notes_ua,drafted_pending,pending_clinical_signoff,claude_v03_germline,1,142,87,50,,
knowledge_base/hosted/content/biomarkers/bio_pold1_germline.yaml,biomarkers,notes,notes_ua,drafted_pending,pending_clinical_signoff,claude_v05_germline_batch3,1,444,211,49,,
knowledge_base/hosted/content/biomarkers/bio_pold1_hypermutator.yaml,biomarkers,notes,notes_ua,drafted_v2plus,pending_clinical_signoff,claude_ua_02,2,328,346,56,,
knowledge_base/hosted/content/biomarkers/bio_pole_germline.yaml,biomarkers,notes,notes_ua,drafted_pending,pending_clinical_signoff,claude_v05_germline_batch3,1,460,212,49,,
knowledge_base/hosted/content/biomarkers/bio_pole_hypermutator.yaml,biomarkers,notes,notes_ua,drafted_v2plus,pending_clinical_signoff,claude_ua_02,2,617,720,56,,
knowledge_base/hosted/content/biomarkers/bio_progesterone_receptor.yaml,biomarkers,notes,notes_ua,drafted_v2plus,pending_clinical_signoff,claude_ua_02,2,161,160,56,,
knowledge_base/hosted/content/biomarkers/bio_psa.yaml,biomarkers,notes,notes_ua,drafted_v2plus,pending_clinical_signoff,claude_ua_02,2,199,328,56,,
knowledge_base/hosted/content/biomarkers/bio_psa_prostate_screening.yaml,biomarkers,notes,notes_ua,drafted_pending,pending_clinical_signoff,claude_surveillance_2026_05_18,1,1136,343,49,,
knowledge_base/hosted/content/biomarkers/bio_psma_pet.yaml,biomarkers,notes,notes_ua,drafted_v2plus,pending_clinical_signoff,claude_ua_02,2,170,180,56,,
knowledge_base/hosted/content/biomarkers/bio_ptch1.yaml,biomarkers,notes,notes_ua,drafted_v2plus,pending_clinical_signoff,claude_ua_02,2,1034,339,56,,
knowledge_base/hosted/content/biomarkers/bio_ptch1_germline.yaml,biomarkers,notes,notes_ua,drafted_pending,pending_clinical_signoff,claude_v05_germline_batch3,1,521,174,49,,
knowledge_base/hosted/content/biomarkers/bio_pten.yaml,biomarkers,notes,notes_ua,drafted_v2plus,pending_clinical_signoff,claude_ua_02,2,595,685,56,,
knowledge_base/hosted/content/biomarkers/bio_pten_germline.yaml,biomarkers,notes,notes_ua,drafted_pending,pending_clinical_signoff,claude_v04_germline_batch2,1,407,80,50,,
knowledge_base/hosted/content/biomarkers/bio_ptpn11.yaml,biomarkers,notes,notes_ua,drafted_v2plus,pending_clinical_signoff,claude_ua_02,2,1424,347,56,,
knowledge_base/hosted/content/biomarkers/bio_rad51c_germline.yaml,biomarkers,notes,notes_ua,drafted_pending,pending_clinical_signoff,claude_v04_germline_batch2,1,334,80,50,,
knowledge_base/hosted/content/biomarkers/bio_rad51d_germline.yaml,biomarkers,notes,notes_ua,drafted_pending,pending_clinical_signoff,claude_v04_germline_batch2,1,255,81,50,,
knowledge_base/hosted/content/biomarkers/bio_rb1.yaml,biomarkers,notes,notes_ua,drafted_v2plus,pending_clinical_signoff,claude_ua_02,2,1348,817,56,,
knowledge_base/hosted/content/biomarkers/bio_rb1_germline.yaml,biomarkers,notes,notes_ua,drafted_pending,pending_clinical_signoff,claude_v05_germline_batch3,1,435,191,49,,
knowledge_base/hosted/content/biomarkers/bio_ret.yaml,biomarkers,notes,notes_ua,drafted_v2plus,pending_clinical_signoff,claude_ua_02,2,518,524,56,,
knowledge_base/hosted/content/biomarkers/bio_ret_germline.yaml,biomarkers,notes,notes_ua,drafted_pending,pending_clinical_signoff,claude_v04_germline_batch2,1,372,128,50,,
knowledge_base/hosted/content/biomarkers/bio_ret_m918t.yaml,biomarkers,notes,notes_ua,drafted_v2plus,pending_clinical_signoff,claude_ua_02,2,448,531,56,,
knowledge_base/hosted/content/biomarkers/bio_ret_men2_classification.yaml,biomarkers,notes,notes_ua,drafted_pending,pending_clinical_signoff,claude_surveillance_2026_05_18,1,1411,428,49,,
knowledge_base/hosted/content/biomarkers/bio_rhoa_g17v.yaml,biomarkers,notes,notes_ua,drafted_v2plus,pending_clinical_signoff,claude_ua_02,2,379,418,56,,
knowledge_base/hosted/content/biomarkers/bio_ros1_fusion.yaml,biomarkers,notes,notes_ua,drafted_v2plus,pending_clinical_signoff,claude_ua_02,2,44,63,56,,
knowledge_base/hosted/content/biomarkers/bio_ros1_g2032r.yaml,biomarkers,notes,notes_ua,drafted_v2plus,pending_clinical_signoff,claude_ua_02,2,624,668,56,,
knowledge_base/hosted/content/biomarkers/bio_sdhb_germline.yaml,biomarkers,notes,notes_ua,drafted_pending,pending_clinical_signoff,claude_v03_germline,1,101,52,50,,
knowledge_base/hosted/content/biomarkers/bio_sdhc_germline.yaml,biomarkers,notes,notes_ua,drafted_pending,pending_clinical_signoff,claude_v04_germline_batch2,1,359,91,50,,
knowledge_base/hosted/content/biomarkers/bio_sdhd_germline.yaml,biomarkers,notes,notes_ua,drafted_pending,pending_clinical_signoff,claude_v04_germline_batch2,1,443,105,50,,
knowledge_base/hosted/content/biomarkers/bio_sezary_count.yaml,biomarkers,notes,notes_ua,drafted_v2plus,pending_clinical_signoff,claude_ua_02,2,387,473,56,,
knowledge_base/hosted/content/biomarkers/bio_sf3b1.yaml,biomarkers,notes,notes_ua,drafted_v2plus,pending_clinical_signoff,claude_ua_02,2,554,655,56,,
knowledge_base/hosted/content/biomarkers/bio_smarcb1.yaml,biomarkers,notes,notes_ua,drafted_v2plus,pending_clinical_signoff,claude_ua_02,2,948,895,56,,
knowledge_base/hosted/content/biomarkers/bio_smo.yaml,biomarkers,notes,notes_ua,drafted_v2plus,pending_clinical_signoff,claude_ua_02,2,923,347,56,,
knowledge_base/hosted/content/biomarkers/bio_stk11_germline.yaml,biomarkers,notes,notes_ua,drafted_pending,pending_clinical_signoff,claude_v03_germline,1,150,48,50,,
knowledge_base/hosted/content/biomarkers/bio_stool_dna_multitarget_crc.yaml,biomarkers,notes,notes_ua,missing,,,,372,0,49,,
knowledge_base/hosted/content/biomarkers/bio_sufu_germline.yaml,biomarkers,notes,notes_ua,drafted_pending,pending_clinical_signoff,claude_v05_germline_batch3,1,464,176,49,,
knowledge_base/hosted/content/biomarkers/bio_t11_14_igh_ccnd1.yaml,biomarkers,notes,notes_ua,drafted_v2plus,pending_clinical_signoff,claude_ua_02,2,259,269,56,,
knowledge_base/hosted/content/biomarkers/bio_tert.yaml,biomarkers,notes,notes_ua,drafted_v2plus,pending_clinical_signoff,claude_ua_02,2,1500,901,56,,
knowledge_base/hosted/content/biomarkers/bio_thyroid_nodule_us_tirads.yaml,biomarkers,notes,notes_ua,missing,,,,382,0,49,,
knowledge_base/hosted/content/biomarkers/bio_tmb_high.yaml,biomarkers,notes,notes_ua,drafted_v2plus,pending_clinical_signoff,claude_ua_02,2,40,62,56,,
knowledge_base/hosted/content/biomarkers/bio_tmprss2_erg_fusion.yaml,biomarkers,notes,notes_ua,drafted_v2plus,pending_clinical_signoff,claude_ua_02,2,1281,1336,56,,
knowledge_base/hosted/content/biomarkers/bio_tp53_chek2_composite.yaml,biomarkers,notes,notes_ua,drafted_pending,pending_clinical_signoff,claude_surveillance_2026_05_18,1,1240,406,49,,
knowledge_base/hosted/content/biomarkers/bio_tp53_germline.yaml,biomarkers,notes,notes_ua,drafted_pending,pending_clinical_signoff,claude_v04_germline_batch2,1,301,90,50,,
knowledge_base/hosted/content/biomarkers/bio_tp53_ihc.yaml,biomarkers,notes,notes_ua,drafted_v2plus,pending_clinical_signoff,claude_ua_02,2,513,310,56,,
knowledge_base/hosted/content/biomarkers/bio_tp53_mutation.yaml,biomarkers,notes,notes_ua,drafted_v2plus,pending_clinical_signoff,claude_ua_02,2,1625,1834,56,,
knowledge_base/hosted/content/biomarkers/bio_tp53_r175h.yaml,biomarkers,notes,notes_ua,drafted_v2plus,pending_clinical_signoff,claude_ua_02,2,1025,1030,56,,
knowledge_base/hosted/content/biomarkers/bio_tp53_r248q.yaml,biomarkers,notes,notes_ua,drafted_v2plus,pending_clinical_signoff,claude_ua_02,2,871,862,56,,
knowledge_base/hosted/content/biomarkers/bio_tp53_r273h.yaml,biomarkers,notes,notes_ua,drafted_v2plus,pending_clinical_signoff,claude_ua_02,2,950,940,56,,
knowledge_base/hosted/content/biomarkers/bio_tp53_r282w.yaml,biomarkers,notes,notes_ua,drafted_v2plus,pending_clinical_signoff,claude_ua_02,2,918,965,56,,
knowledge_base/hosted/content/biomarkers/bio_trop2_expression.yaml,biomarkers,notes,notes_ua,drafted_v2plus,pending_clinical_signoff,claude_ua_02,2,558,481,56,,
knowledge_base/hosted/content/biomarkers/bio_tsc1.yaml,biomarkers,notes,notes_ua,drafted_v2plus,pending_clinical_signoff,claude_ua_02,2,1172,929,56,,
knowledge_base/hosted/content/biomarkers/bio_tsc1_germline.yaml,biomarkers,notes,notes_ua,drafted_pending,pending_clinical_signoff,claude_v05_germline_batch3,1,363,160,49,,
knowledge_base/hosted/content/biomarkers/bio_tsc2_germline.yaml,biomarkers,notes,notes_ua,drafted_pending,pending_clinical_signoff,claude_v05_germline_batch3,1,399,130,49,,
knowledge_base/hosted/content/biomarkers/bio_vhl_classification_phenotype.yaml,biomarkers,notes,notes_ua,drafted_pending,pending_clinical_signoff,claude_surveillance_2026_05_18,1,1305,365,49,,
knowledge_base/hosted/content/biomarkers/bio_vhl_germline.yaml,biomarkers,notes,notes_ua,drafted_pending,pending_clinical_signoff,claude_v04_germline_batch2,1,378,144,50,,
knowledge_base/hosted/content/biomarkers/bio_vhl_status.yaml,biomarkers,notes,notes_ua,drafted_v2plus,pending_clinical_signoff,claude_ua_02,2,83,145,56,,
knowledge_base/hosted/content/biomarkers/bio_wt1_germline.yaml,biomarkers,notes,notes_ua,drafted_pending,pending_clinical_signoff,claude_v05_germline_batch3,1,410,143,49,,
knowledge_base/hosted/content/biomarkers/bio_wt1_mutation.yaml,biomarkers,notes,notes_ua,drafted_v2plus,pending_clinical_signoff,claude_ua_02,2,503,333,56,,
knowledge_base/hosted/content/biomarker_actionability/bma_1p19q_codeletion_lgg.yaml,biomarker_actionability,evidence_summary,evidence_summary_ua,drafted_v2plus,pending_clinical_signoff,claude_ua_03,2,1184,1407,56,,
knowledge_base/hosted/content/biomarker_actionability/bma_1p19q_codeletion_lgg.yaml,biomarker_actionability,notes,notes_ua,drafted_v2plus,pending_clinical_signoff,claude_ua_03,2,731,806,56,,
knowledge_base/hosted/content/biomarker_actionability/bma_afp_hcc_aasld_surveillance.yaml,biomarker_actionability,evidence_summary,evidence_summary_ua,missing,,,,893,0,49,,
knowledge_base/hosted/content/biomarker_actionability/bma_afp_hcc_aasld_surveillance.yaml,biomarker_actionability,notes,notes_ua,missing,,,,680,0,49,,
knowledge_base/hosted/content/biomarker_actionability/bma_alk_eml4_v1_nsclc.yaml,biomarker_actionability,evidence_summary,evidence_summary_ua,drafted_v2plus,pending_clinical_signoff,claude_ua_03,2,267,430,56,,
knowledge_base/hosted/content/biomarker_actionability/bma_alk_eml4_v1_nsclc.yaml,biomarker_actionability,notes,notes_ua,drafted_v2plus,pending_clinical_signoff,claude_ua_03,2,138,214,56,,
knowledge_base/hosted/content/biomarker_actionability/bma_alk_eml4_v3_nsclc.yaml,biomarker_actionability,evidence_summary,evidence_summary_ua,drafted_v2plus,pending_clinical_signoff,claude_ua_03,2,286,458,56,,
knowledge_base/hosted/content/biomarker_actionability/bma_alk_eml4_v3_nsclc.yaml,biomarker_actionability,notes,notes_ua,drafted_v2plus,pending_clinical_signoff,claude_ua_03,2,159,267,56,,
knowledge_base/hosted/content/biomarker_actionability/bma_alk_fusion_alcl.yaml,biomarker_actionability,evidence_summary,evidence_summary_ua,drafted_v2plus,pending_clinical_signoff,claude_ua_03,2,332,445,56,,
knowledge_base/hosted/content/biomarker_actionability/bma_alk_fusion_alcl.yaml,biomarker_actionability,notes,notes_ua,drafted_v2plus,pending_clinical_signoff,claude_ua_03,2,160,252,56,,
knowledge_base/hosted/content/biomarker_actionability/bma_alk_fusion_nsclc.yaml,biomarker_actionability,evidence_summary,evidence_summary_ua,drafted_v2plus,pending_clinical_signoff,claude_ua_03,2,256,381,56,,
knowledge_base/hosted/content/biomarker_actionability/bma_alk_fusion_nsclc.yaml,biomarker_actionability,notes,notes_ua,drafted_v2plus,pending_clinical_signoff,claude_ua_03,2,197,202,56,,
knowledge_base/hosted/content/biomarker_actionability/bma_alk_g1202r_nsclc.yaml,biomarker_actionability,evidence_summary,evidence_summary_ua,drafted_v2plus,pending_clinical_signoff,claude_ua_03,2,294,369,56,,
knowledge_base/hosted/content/biomarker_actionability/bma_alk_g1202r_nsclc.yaml,biomarker_actionability,notes,notes_ua,drafted_v2plus,pending_clinical_signoff,claude_ua_03,2,263,366,56,,
knowledge_base/hosted/content/biomarker_actionability/bma_alk_l1196m_nsclc.yaml,biomarker_actionability,evidence_summary,evidence_summary_ua,drafted_v2plus,pending_clinical_signoff,claude_ua_03,2,287,378,56,,
knowledge_base/hosted/content/biomarker_actionability/bma_alk_l1196m_nsclc.yaml,biomarker_actionability,notes,notes_ua,drafted_v2plus,pending_clinical_signoff,claude_ua_03,2,117,156,56,,
knowledge_base/hosted/content/biomarker_actionability/bma_amh_ovarian_reserve_bso_timing.yaml,biomarker_actionability,evidence_summary,evidence_summary_ua,missing,,,,843,0,49,,
knowledge_base/hosted/content/biomarker_actionability/bma_amh_ovarian_reserve_bso_timing.yaml,biomarker_actionability,notes,notes_ua,missing,,,,507,0,49,,
knowledge_base/hosted/content/biomarker_actionability/bma_apc_crc.yaml,biomarker_actionability,evidence_summary,evidence_summary_ua,drafted_v2plus,pending_clinical_signoff,claude_ua_03,2,1281,1405,56,,
knowledge_base/hosted/content/biomarker_actionability/bma_apc_crc.yaml,biomarker_actionability,notes,notes_ua,drafted_v2plus,pending_clinical_signoff,claude_ua_03,2,758,875,56,,
knowledge_base/hosted/content/biomarker_actionability/bma_atm_germline_breast.yaml,biomarker_actionability,evidence_summary,evidence_summary_ua,drafted_v2plus,pending_clinical_signoff,claude_ua_03,2,297,421,56,,
knowledge_base/hosted/content/biomarker_actionability/bma_atm_germline_breast.yaml,biomarker_actionability,notes,notes_ua,drafted_v2plus,pending_clinical_signoff,claude_ua_03,2,186,249,56,,
knowledge_base/hosted/content/biomarker_actionability/bma_atm_germline_pdac.yaml,biomarker_actionability,evidence_summary,evidence_summary_ua,drafted_v2plus,pending_clinical_signoff,claude_ua_03,2,251,396,56,,
knowledge_base/hosted/content/biomarker_actionability/bma_atm_germline_pdac.yaml,biomarker_actionability,notes,notes_ua,drafted_v2plus,pending_clinical_signoff,claude_ua_03,2,99,165,56,,
knowledge_base/hosted/content/biomarker_actionability/bma_atm_germline_prostate.yaml,biomarker_actionability,evidence_summary,evidence_summary_ua,drafted_v2plus,pending_clinical_signoff,claude_ua_03,2,260,407,56,,
knowledge_base/hosted/content/biomarker_actionability/bma_atm_germline_prostate.yaml,biomarker_actionability,notes,notes_ua,drafted_v2plus,pending_clinical_signoff,claude_ua_03,2,171,237,56,,
knowledge_base/hosted/content/biomarker_actionability/bma_atm_loss_cll.yaml,biomarker_actionability,evidence_summary,evidence_summary_ua,drafted_v2plus,pending_clinical_signoff,claude_ua_03,2,299,406,56,,
knowledge_base/hosted/content/biomarker_actionability/bma_atm_loss_cll.yaml,biomarker_actionability,notes,notes_ua,drafted_v2plus,pending_clinical_signoff,claude_ua_03,2,168,234,56,,
knowledge_base/hosted/content/biomarker_actionability/bma_atm_loss_mcl.yaml,biomarker_actionability,evidence_summary,evidence_summary_ua,drafted_v2plus,pending_clinical_signoff,claude_ua_03,2,256,310,56,,
knowledge_base/hosted/content/biomarker_actionability/bma_atm_loss_mcl.yaml,biomarker_actionability,notes,notes_ua,drafted_v2plus,pending_clinical_signoff,claude_ua_03,2,101,146,56,,
knowledge_base/hosted/content/biomarker_actionability/bma_atm_somatic_breast.yaml,biomarker_actionability,evidence_summary,evidence_summary_ua,drafted_v2plus,pending_clinical_signoff,claude_ua_03,2,146,191,56,,
knowledge_base/hosted/content/biomarker_actionability/bma_atm_somatic_breast.yaml,biomarker_actionability,notes,notes_ua,drafted_v2plus,pending_clinical_signoff,claude_ua_03,2,41,54,56,,
knowledge_base/hosted/content/biomarker_actionability/bma_atm_somatic_pdac.yaml,biomarker_actionability,evidence_summary,evidence_summary_ua,drafted_v2plus,pending_clinical_signoff,claude_ua_03,2,145,175,56,,
knowledge_base/hosted/content/biomarker_actionability/bma_atm_somatic_pdac.yaml,biomarker_actionability,notes,notes_ua,drafted_v2plus,pending_clinical_signoff,claude_ua_03,2,37,50,56,,
knowledge_base/hosted/content/biomarker_actionability/bma_atm_somatic_prostate.yaml,biomarker_actionability,evidence_summary,evidence_summary_ua,drafted_v2plus,pending_clinical_signoff,claude_ua_03,2,160,215,56,,
knowledge_base/hosted/content/biomarker_actionability/bma_atm_somatic_prostate.yaml,biomarker_actionability,notes,notes_ua,drafted_v2plus,pending_clinical_signoff,claude_ua_03,2,85,132,56,,
knowledge_base/hosted/content/biomarker_actionability/bma_axin2_germline_crc_oligodontia.yaml,biomarker_actionability,evidence_summary,evidence_summary_ua,drafted_pending,pending_clinical_signoff,claude_v05_bma_batch3,1,818,593,49,,
knowledge_base/hosted/content/biomarker_actionability/bma_axin2_germline_crc_oligodontia.yaml,biomarker_actionability,notes,notes_ua,drafted_pending,pending_clinical_signoff,claude_v05_bma_batch3,1,428,280,49,,
knowledge_base/hosted/content/biomarker_actionability/bma_bap1_mut_rcc_prognostic.yaml,biomarker_actionability,notes,notes_ua,missing,pending_clinical_signoff,claude_ua_03,2,465,0,56,,
knowledge_base/hosted/content/biomarker_actionability/bma_bard1_germline_breast.yaml,biomarker_actionability,evidence_summary,evidence_summary_ua,drafted_v2plus,pending_clinical_signoff,claude_ua_03,2,217,318,56,,
knowledge_base/hosted/content/biomarker_actionability/bma_bard1_germline_breast.yaml,biomarker_actionability,notes,notes_ua,drafted_v2plus,pending_clinical_signoff,claude_ua_03,2,58,74,56,,
knowledge_base/hosted/content/biomarker_actionability/bma_bard1_germline_ovarian.yaml,biomarker_actionability,evidence_summary,evidence_summary_ua,drafted_v2plus,pending_clinical_signoff,claude_ua_03,2,181,239,56,,
knowledge_base/hosted/content/biomarker_actionability/bma_bard1_germline_ovarian.yaml,biomarker_actionability,notes,notes_ua,drafted_v2plus,pending_clinical_signoff,claude_ua_03,2,26,40,56,,
knowledge_base/hosted/content/biomarker_actionability/bma_bard1_somatic_breast.yaml,biomarker_actionability,evidence_summary,evidence_summary_ua,drafted_v2plus,pending_clinical_signoff,claude_ua_03,2,92,141,56,,
knowledge_base/hosted/content/biomarker_actionability/bma_bard1_somatic_breast.yaml,biomarker_actionability,notes,notes_ua,drafted_v2plus,pending_clinical_signoff,claude_ua_03,2,37,50,56,,
knowledge_base/hosted/content/biomarker_actionability/bma_bard1_somatic_ovarian.yaml,biomarker_actionability,evidence_summary,evidence_summary_ua,drafted_v2plus,pending_clinical_signoff,claude_ua_03,2,136,160,56,,
knowledge_base/hosted/content/biomarker_actionability/bma_bard1_somatic_ovarian.yaml,biomarker_actionability,notes,notes_ua,drafted_v2plus,pending_clinical_signoff,claude_ua_03,2,37,50,56,,
knowledge_base/hosted/content/biomarker_actionability/bma_bcl2_expression_aml.yaml,biomarker_actionability,evidence_summary,evidence_summary_ua,drafted_v2plus,pending_clinical_signoff,claude_ua_03,2,1063,1234,56,,
knowledge_base/hosted/content/biomarker_actionability/bma_bcl2_expression_aml.yaml,biomarker_actionability,notes,notes_ua,drafted_v2plus,pending_clinical_signoff,claude_ua_03,2,719,659,56,,
knowledge_base/hosted/content/biomarker_actionability/bma_bcl2_expression_cll.yaml,biomarker_actionability,evidence_summary,evidence_summary_ua,drafted_v2plus,pending_clinical_signoff,claude_ua_03,2,278,373,56,,
knowledge_base/hosted/content/biomarker_actionability/bma_bcl2_expression_cll.yaml,biomarker_actionability,notes,notes_ua,drafted_v2plus,pending_clinical_signoff,claude_ua_03,2,75,110,56,,
knowledge_base/hosted/content/biomarker_actionability/bma_bcl2_expression_dlbcl_nos.yaml,biomarker_actionability,evidence_summary,evidence_summary_ua,drafted_v2plus,pending_clinical_signoff,claude_ua_03,2,275,418,56,,
knowledge_base/hosted/content/biomarker_actionability/bma_bcl2_expression_dlbcl_nos.yaml,biomarker_actionability,notes,notes_ua,drafted_v2plus,pending_clinical_signoff,claude_ua_03,2,79,90,56,,
knowledge_base/hosted/content/biomarker_actionability/bma_bcl2_expression_fl.yaml,biomarker_actionability,evidence_summary,evidence_summary_ua,drafted_v2plus,pending_clinical_signoff,claude_ua_03,2,103,173,56,,
knowledge_base/hosted/content/biomarker_actionability/bma_bcl2_expression_fl.yaml,biomarker_actionability,notes,notes_ua,drafted_v2plus,pending_clinical_signoff,claude_ua_03,2,34,42,56,,
knowledge_base/hosted/content/biomarker_actionability/bma_bcl2_expression_mcl.yaml,biomarker_actionability,evidence_summary,evidence_summary_ua,drafted_v2plus,pending_clinical_signoff,claude_ua_03,2,145,229,56,,
knowledge_base/hosted/content/biomarker_actionability/bma_bcl2_expression_mcl.yaml,biomarker_actionability,notes,notes_ua,drafted_v2plus,pending_clinical_signoff,claude_ua_03,2,12,12,56,,
knowledge_base/hosted/content/biomarker_actionability/bma_bcl2_rearrangement_dlbcl_nos.yaml,biomarker_actionability,evidence_summary,evidence_summary_ua,drafted_v2plus,pending_clinical_signoff,claude_ua_03,2,187,207,56,,
knowledge_base/hosted/content/biomarker_actionability/bma_bcl2_rearrangement_dlbcl_nos.yaml,biomarker_actionability,notes,notes_ua,drafted_v2plus,pending_clinical_signoff,claude_ua_03,2,76,84,56,,
knowledge_base/hosted/content/biomarker_actionability/bma_bcl2_rearrangement_fl.yaml,biomarker_actionability,evidence_summary,evidence_summary_ua,drafted_v2plus,pending_clinical_signoff,claude_ua_03,2,340,427,56,,
knowledge_base/hosted/content/biomarker_actionability/bma_bcl2_rearrangement_fl.yaml,biomarker_actionability,notes,notes_ua,drafted_v2plus,pending_clinical_signoff,claude_ua_03,2,92,103,56,,
knowledge_base/hosted/content/biomarker_actionability/bma_bcl2_rearrangement_hgbl_dh.yaml,biomarker_actionability,evidence_summary,evidence_summary_ua,drafted_v2plus,pending_clinical_signoff,claude_ua_03,2,120,208,56,,
knowledge_base/hosted/content/biomarker_actionability/bma_bcl2_rearrangement_hgbl_dh.yaml,biomarker_actionability,notes,notes_ua,drafted_v2plus,pending_clinical_signoff,claude_ua_03,2,66,52,56,,
knowledge_base/hosted/content/biomarker_actionability/bma_bcl2_rearrangement_mcl.yaml,biomarker_actionability,evidence_summary,evidence_summary_ua,drafted_v2plus,pending_clinical_signoff,claude_ua_03,2,131,162,56,,
knowledge_base/hosted/content/biomarker_actionability/bma_bcl2_rearrangement_mcl.yaml,biomarker_actionability,notes,notes_ua,drafted_v2plus,pending_clinical_signoff,claude_ua_03,2,10,10,56,,
knowledge_base/hosted/content/biomarker_actionability/bma_bcr_abl1_e255k_cml.yaml,biomarker_actionability,evidence_summary,evidence_summary_ua,drafted_v2plus,pending_clinical_signoff,claude_ua_03,2,261,344,56,,
knowledge_base/hosted/content/biomarker_actionability/bma_bcr_abl1_e255k_cml.yaml,biomarker_actionability,notes,notes_ua,drafted_v2plus,pending_clinical_signoff,claude_ua_03,2,124,151,56,,
knowledge_base/hosted/content/biomarker_actionability/bma_bcr_abl1_f317l_ball.yaml,biomarker_actionability,evidence_summary,evidence_summary_ua,drafted_v2plus,pending_clinical_signoff,claude_ua_03,2,221,312,56,,
knowledge_base/hosted/content/biomarker_actionability/bma_bcr_abl1_f317l_ball.yaml,biomarker_actionability,notes,notes_ua,drafted_v2plus,pending_clinical_signoff,claude_ua_03,2,91,132,56,,
knowledge_base/hosted/content/biomarker_actionability/bma_bcr_abl1_f317l_cml.yaml,biomarker_actionability,evidence_summary,evidence_summary_ua,drafted_v2plus,pending_clinical_signoff,claude_ua_03,2,246,292,56,,
knowledge_base/hosted/content/biomarker_actionability/bma_bcr_abl1_f317l_cml.yaml,biomarker_actionability,notes,notes_ua,drafted_v2plus,pending_clinical_signoff,claude_ua_03,2,134,169,56,,
knowledge_base/hosted/content/biomarker_actionability/bma_bcr_abl1_p190_ball.yaml,biomarker_actionability,evidence_summary,evidence_summary_ua,drafted_v2plus,pending_clinical_signoff,claude_ua_03,2,368,457,56,,
knowledge_base/hosted/content/biomarker_actionability/bma_bcr_abl1_p190_ball.yaml,biomarker_actionability,notes,notes_ua,drafted_v2plus,pending_clinical_signoff,claude_ua_03,2,185,272,56,,
knowledge_base/hosted/content/biomarker_actionability/bma_bcr_abl1_p210_ball.yaml,biomarker_actionability,evidence_summary,evidence_summary_ua,drafted_v2plus,pending_clinical_signoff,claude_ua_03,2,282,338,56,,
knowledge_base/hosted/content/biomarker_actionability/bma_bcr_abl1_p210_ball.yaml,biomarker_actionability,notes,notes_ua,drafted_v2plus,pending_clinical_signoff,claude_ua_03,2,177,215,56,,
knowledge_base/hosted/content/biomarker_actionability/bma_bcr_abl1_p210_cml.yaml,biomarker_actionability,evidence_summary,evidence_summary_ua,drafted_v2plus,pending_clinical_signoff,claude_ua_03,2,375,463,56,,
knowledge_base/hosted/content/biomarker_actionability/bma_bcr_abl1_p210_cml.yaml,biomarker_actionability,notes,notes_ua,drafted_v2plus,pending_clinical_signoff,claude_ua_03,2,256,300,56,,
knowledge_base/hosted/content/biomarker_actionability/bma_bcr_abl1_t315i_ball.yaml,biomarker_actionability,evidence_summary,evidence_summary_ua,drafted_v2plus,pending_clinical_signoff,claude_ua_03,2,311,385,56,,
knowledge_base/hosted/content/biomarker_actionability/bma_bcr_abl1_t315i_ball.yaml,biomarker_actionability,notes,notes_ua,drafted_v2plus,pending_clinical_signoff,claude_ua_03,2,131,139,56,,
knowledge_base/hosted/content/biomarker_actionability/bma_bcr_abl1_t315i_cml.yaml,biomarker_actionability,evidence_summary,evidence_summary_ua,drafted_v2plus,pending_clinical_signoff,claude_ua_03,2,368,391,56,,
knowledge_base/hosted/content/biomarker_actionability/bma_bcr_abl1_t315i_cml.yaml,biomarker_actionability,notes,notes_ua,drafted_v2plus,pending_clinical_signoff,claude_ua_03,2,177,240,56,,
knowledge_base/hosted/content/biomarker_actionability/bma_bcr_abl1_v299l_cml.yaml,biomarker_actionability,evidence_summary,evidence_summary_ua,drafted_v2plus,pending_clinical_signoff,claude_ua_03,2,198,232,56,,
knowledge_base/hosted/content/biomarker_actionability/bma_bcr_abl1_v299l_cml.yaml,biomarker_actionability,notes,notes_ua,drafted_v2plus,pending_clinical_signoff,claude_ua_03,2,120,151,56,,
knowledge_base/hosted/content/biomarker_actionability/bma_blm_germline_bloom_broad.yaml,biomarker_actionability,evidence_summary,evidence_summary_ua,drafted_pending,pending_clinical_signoff,claude_v05_bma_batch3,1,1362,1010,49,,
knowledge_base/hosted/content/biomarker_actionability/bma_blm_germline_bloom_broad.yaml,biomarker_actionability,notes,notes_ua,drafted_pending,pending_clinical_signoff,claude_v05_bma_batch3,1,548,367,49,,
knowledge_base/hosted/content/biomarker_actionability/bma_braf_class3_nsclc.yaml,biomarker_actionability,evidence_summary,evidence_summary_ua,drafted_v2plus,pending_clinical_signoff,claude_ua_03,2,358,478,56,,
knowledge_base/hosted/content/biomarker_actionability/bma_braf_class3_nsclc.yaml,biomarker_actionability,notes,notes_ua,drafted_v2plus,pending_clinical_signoff,claude_ua_03,2,123,130,56,,
knowledge_base/hosted/content/biomarker_actionability/bma_braf_v600e_aml.yaml,biomarker_actionability,evidence_summary,evidence_summary_ua,drafted_v2plus,pending_clinical_signoff,claude_ua_03,2,284,443,56,,
knowledge_base/hosted/content/biomarker_actionability/bma_braf_v600e_aml.yaml,biomarker_actionability,notes,notes_ua,drafted_v2plus,pending_clinical_signoff,claude_ua_03,2,136,165,56,,
knowledge_base/hosted/content/biomarker_actionability/bma_braf_v600e_cholangio.yaml,biomarker_actionability,evidence_summary,evidence_summary_ua,drafted_v2plus,pending_clinical_signoff,claude_ua_03,2,590,677,56,,
knowledge_base/hosted/content/biomarker_actionability/bma_braf_v600e_cholangio.yaml,biomarker_actionability,notes,notes_ua,drafted_v2plus,pending_clinical_signoff,claude_ua_03,2,327,349,56,,
knowledge_base/hosted/content/biomarker_actionability/bma_braf_v600e_cll.yaml,biomarker_actionability,evidence_summary,evidence_summary_ua,drafted_v2plus,pending_clinical_signoff,claude_ua_03,2,158,203,56,,
knowledge_base/hosted/content/biomarker_actionability/bma_braf_v600e_cll.yaml,biomarker_actionability,notes,notes_ua,drafted_v2plus,pending_clinical_signoff,claude_ua_03,2,77,91,56,,
knowledge_base/hosted/content/biomarker_actionability/bma_braf_v600e_crc.yaml,biomarker_actionability,evidence_summary,evidence_summary_ua,drafted_v2plus,pending_clinical_signoff,claude_ua_03,2,294,397,56,,
knowledge_base/hosted/content/biomarker_actionability/bma_braf_v600e_crc.yaml,biomarker_actionability,notes,notes_ua,drafted_v2plus,pending_clinical_signoff,claude_ua_03,2,354,294,56,,
knowledge_base/hosted/content/biomarker_actionability/bma_braf_v600e_dlbcl_nos.yaml,biomarker_actionability,evidence_summary,evidence_summary_ua,drafted_v2plus,pending_clinical_signoff,claude_ua_03,2,128,298,56,,
knowledge_base/hosted/content/biomarker_actionability/bma_braf_v600e_dlbcl_nos.yaml,biomarker_actionability,notes,notes_ua,drafted_v2plus,pending_clinical_signoff,claude_ua_03,2,10,282,56,,
knowledge_base/hosted/content/biomarker_actionability/bma_braf_v600e_gbm.yaml,biomarker_actionability,evidence_summary,evidence_summary_ua,drafted_v2plus,pending_clinical_signoff,claude_ua_03,2,370,520,56,,
knowledge_base/hosted/content/biomarker_actionability/bma_braf_v600e_gbm.yaml,biomarker_actionability,notes,notes_ua,drafted_v2plus,pending_clinical_signoff,claude_ua_03,2,203,303,56,,
knowledge_base/hosted/content/biomarker_actionability/bma_braf_v600e_hcc.yaml,biomarker_actionability,evidence_summary,evidence_summary_ua,drafted_v2plus,pending_clinical_signoff,claude_ua_03,2,122,370,56,,
knowledge_base/hosted/content/biomarker_actionability/bma_braf_v600e_hcc.yaml,biomarker_actionability,notes,notes_ua,drafted_v2plus,pending_clinical_signoff,claude_ua_03,2,12,285,56,,
knowledge_base/hosted/content/biomarker_actionability/bma_braf_v600e_hcl.yaml,biomarker_actionability,evidence_summary,evidence_summary_ua,drafted_v2plus,pending_clinical_signoff,claude_ua_03,2,415,608,56,,
knowledge_base/hosted/content/biomarker_actionability/bma_braf_v600e_hcl.yaml,biomarker_actionability,notes,notes_ua,drafted_v2plus,pending_clinical_signoff,claude_ua_03,2,191,309,56,,
knowledge_base/hosted/content/biomarker_actionability/bma_braf_v600e_melanoma.yaml,biomarker_actionability,evidence_summary,evidence_summary_ua,drafted_v2plus,pending_clinical_signoff,claude_ua_03,2,466,610,56,,
knowledge_base/hosted/content/biomarker_actionability/bma_braf_v600e_melanoma.yaml,biomarker_actionability,notes,notes_ua,drafted_v2plus,pending_clinical_signoff,claude_ua_03,2,241,354,56,,
knowledge_base/hosted/content/biomarker_actionability/bma_braf_v600e_mm.yaml,biomarker_actionability,evidence_summary,evidence_summary_ua,drafted_v2plus,pending_clinical_signoff,claude_ua_03,2,507,708,56,,
knowledge_base/hosted/content/biomarker_actionability/bma_braf_v600e_mm.yaml,biomarker_actionability,notes,notes_ua,drafted_v2plus,pending_clinical_signoff,claude_ua_03,2,245,322,56,,
knowledge_base/hosted/content/biomarker_actionability/bma_braf_v600e_nsclc.yaml,biomarker_actionability,evidence_summary,evidence_summary_ua,drafted_v2plus,pending_clinical_signoff,claude_ua_03,2,304,420,56,,
knowledge_base/hosted/content/biomarker_actionability/bma_braf_v600e_nsclc.yaml,biomarker_actionability,notes,notes_ua,drafted_v2plus,pending_clinical_signoff,claude_ua_03,2,315,351,56,,
knowledge_base/hosted/content/biomarker_actionability/bma_braf_v600e_ovarian.yaml,biomarker_actionability,evidence_summary,evidence_summary_ua,drafted_v2plus,pending_clinical_signoff,claude_ua_03,2,380,533,56,,
knowledge_base/hosted/content/biomarker_actionability/bma_braf_v600e_ovarian.yaml,biomarker_actionability,notes,notes_ua,drafted_v2plus,pending_clinical_signoff,claude_ua_03,2,260,335,56,,
knowledge_base/hosted/content/biomarker_actionability/bma_braf_v600e_pdac.yaml,biomarker_actionability,evidence_summary,evidence_summary_ua,drafted_v2plus,pending_clinical_signoff,claude_ua_03,2,236,384,56,,
knowledge_base/hosted/content/biomarker_actionability/bma_braf_v600e_pdac.yaml,biomarker_actionability,notes,notes_ua,drafted_v2plus,pending_clinical_signoff,claude_ua_03,2,91,348,56,,
knowledge_base/hosted/content/biomarker_actionability/bma_braf_v600e_thyroid_anaplastic.yaml,biomarker_actionability,evidence_summary,evidence_summary_ua,drafted_v2plus,pending_clinical_signoff,claude_ua_03,2,616,676,56,,
knowledge_base/hosted/content/biomarker_actionability/bma_braf_v600e_thyroid_anaplastic.yaml,biomarker_actionability,notes,notes_ua,drafted_v2plus,pending_clinical_signoff,claude_ua_03,2,352,390,56,,
knowledge_base/hosted/content/biomarker_actionability/bma_braf_v600k_melanoma.yaml,biomarker_actionability,evidence_summary,evidence_summary_ua,drafted_v2plus,pending_clinical_signoff,claude_ua_03,2,248,337,56,,
knowledge_base/hosted/content/biomarker_actionability/bma_braf_v600k_melanoma.yaml,biomarker_actionability,notes,notes_ua,drafted_v2plus,pending_clinical_signoff,claude_ua_03,2,112,188,56,,
knowledge_base/hosted/content/biomarker_actionability/bma_brca1_germline_breast.yaml,biomarker_actionability,evidence_summary,evidence_summary_ua,drafted_v2plus,pending_clinical_signoff,claude_ua_03,2,325,427,56,,
knowledge_base/hosted/content/biomarker_actionability/bma_brca1_germline_breast.yaml,biomarker_actionability,notes,notes_ua,drafted_v2plus,pending_clinical_signoff,claude_ua_03,2,193,233,56,,
knowledge_base/hosted/content/biomarker_actionability/bma_brca1_germline_ovarian.yaml,biomarker_actionability,evidence_summary,evidence_summary_ua,drafted_v2plus,pending_clinical_signoff,claude_ua_03,2,361,424,56,,
knowledge_base/hosted/content/biomarker_actionability/bma_brca1_germline_ovarian.yaml,biomarker_actionability,notes,notes_ua,drafted_v2plus,pending_clinical_signoff,claude_ua_03,2,244,367,56,,
knowledge_base/hosted/content/biomarker_actionability/bma_brca1_germline_pdac.yaml,biomarker_actionability,evidence_summary,evidence_summary_ua,drafted_v2plus,pending_clinical_signoff,claude_ua_03,2,239,348,56,,
knowledge_base/hosted/content/biomarker_actionability/bma_brca1_germline_pdac.yaml,biomarker_actionability,notes,notes_ua,drafted_v2plus,pending_clinical_signoff,claude_ua_03,2,125,199,56,,
knowledge_base/hosted/content/biomarker_actionability/bma_brca1_germline_prostate.yaml,biomarker_actionability,evidence_summary,evidence_summary_ua,drafted_v2plus,pending_clinical_signoff,claude_ua_03,2,322,453,56,,
knowledge_base/hosted/content/biomarker_actionability/bma_brca1_germline_prostate.yaml,biomarker_actionability,notes,notes_ua,drafted_v2plus,pending_clinical_signoff,claude_ua_03,2,206,245,56,,
knowledge_base/hosted/content/biomarker_actionability/bma_brca1_somatic_breast.yaml,biomarker_actionability,evidence_summary,evidence_summary_ua,drafted_v2plus,pending_clinical_signoff,claude_ua_03,2,292,386,56,,
knowledge_base/hosted/content/biomarker_actionability/bma_brca1_somatic_breast.yaml,biomarker_actionability,notes,notes_ua,drafted_v2plus,pending_clinical_signoff,claude_ua_03,2,150,273,56,,
knowledge_base/hosted/content/biomarker_actionability/bma_brca1_somatic_ovarian.yaml,biomarker_actionability,evidence_summary,evidence_summary_ua,drafted_v2plus,pending_clinical_signoff,claude_ua_03,2,261,376,56,,
knowledge_base/hosted/content/biomarker_actionability/bma_brca1_somatic_ovarian.yaml,biomarker_actionability,notes,notes_ua,drafted_v2plus,pending_clinical_signoff,claude_ua_03,2,157,221,56,,
knowledge_base/hosted/content/biomarker_actionability/bma_brca1_somatic_pdac.yaml,biomarker_actionability,evidence_summary,evidence_summary_ua,drafted_v2plus,pending_clinical_signoff,claude_ua_03,2,247,310,56,,
knowledge_base/hosted/content/biomarker_actionability/bma_brca1_somatic_pdac.yaml,biomarker_actionability,notes,notes_ua,drafted_v2plus,pending_clinical_signoff,claude_ua_03,2,96,311,56,,
knowledge_base/hosted/content/biomarker_actionability/bma_brca1_somatic_prostate.yaml,biomarker_actionability,evidence_summary,evidence_summary_ua,drafted_v2plus,pending_clinical_signoff,claude_ua_03,2,195,259,56,,
knowledge_base/hosted/content/biomarker_actionability/bma_brca1_somatic_prostate.yaml,biomarker_actionability,notes,notes_ua,drafted_v2plus,pending_clinical_signoff,claude_ua_03,2,156,244,56,,
knowledge_base/hosted/content/biomarker_actionability/bma_brca2_germline_breast.yaml,biomarker_actionability,evidence_summary,evidence_summary_ua,drafted_v2plus,pending_clinical_signoff,claude_ua_03,2,241,332,56,,
knowledge_base/hosted/content/biomarker_actionability/bma_brca2_germline_breast.yaml,biomarker_actionability,notes,notes_ua,drafted_v2plus,pending_clinical_signoff,claude_ua_03,2,116,174,56,,
knowledge_base/hosted/content/biomarker_actionability/bma_brca2_germline_melanoma.yaml,biomarker_actionability,evidence_summary,evidence_summary_ua,drafted_v2plus,pending_clinical_signoff,claude_ua_03,2,285,332,56,,
knowledge_base/hosted/content/biomarker_actionability/bma_brca2_germline_melanoma.yaml,biomarker_actionability,notes,notes_ua,drafted_v2plus,pending_clinical_signoff,claude_ua_03,2,174,244,56,,
knowledge_base/hosted/content/biomarker_actionability/bma_brca2_germline_ovarian.yaml,biomarker_actionability,evidence_summary,evidence_summary_ua,drafted_v2plus,pending_clinical_signoff,claude_ua_03,2,233,352,56,,
knowledge_base/hosted/content/biomarker_actionability/bma_brca2_germline_ovarian.yaml,biomarker_actionability,notes,notes_ua,drafted_v2plus,pending_clinical_signoff,claude_ua_03,2,193,260,56,,
knowledge_base/hosted/content/biomarker_actionability/bma_brca2_germline_pdac.yaml,biomarker_actionability,evidence_summary,evidence_summary_ua,drafted_v2plus,pending_clinical_signoff,claude_ua_03,2,168,242,56,,
knowledge_base/hosted/content/biomarker_actionability/bma_brca2_germline_pdac.yaml,biomarker_actionability,notes,notes_ua,drafted_v2plus,pending_clinical_signoff,claude_ua_03,2,91,221,56,,
knowledge_base/hosted/content/biomarker_actionability/bma_brca2_germline_prostate.yaml,biomarker_actionability,evidence_summary,evidence_summary_ua,drafted_v2plus,pending_clinical_signoff,claude_ua_03,2,260,334,56,,
knowledge_base/hosted/content/biomarker_actionability/bma_brca2_germline_prostate.yaml,biomarker_actionability,notes,notes_ua,drafted_v2plus,pending_clinical_signoff,claude_ua_03,2,98,148,56,,
knowledge_base/hosted/content/biomarker_actionability/bma_brca2_somatic_breast.yaml,biomarker_actionability,evidence_summary,evidence_summary_ua,drafted_v2plus,pending_clinical_signoff,claude_ua_03,2,190,297,56,,
knowledge_base/hosted/content/biomarker_actionability/bma_brca2_somatic_breast.yaml,biomarker_actionability,notes,notes_ua,drafted_v2plus,pending_clinical_signoff,claude_ua_03,2,37,109,56,,
knowledge_base/hosted/content/biomarker_actionability/bma_brca2_somatic_melanoma.yaml,biomarker_actionability,evidence_summary,evidence_summary_ua,drafted_v2plus,pending_clinical_signoff,claude_ua_03,2,158,240,56,,
knowledge_base/hosted/content/biomarker_actionability/bma_brca2_somatic_melanoma.yaml,biomarker_actionability,notes,notes_ua,drafted_v2plus,pending_clinical_signoff,claude_ua_03,2,121,162,56,,
knowledge_base/hosted/content/biomarker_actionability/bma_brca2_somatic_ovarian.yaml,biomarker_actionability,evidence_summary,evidence_summary_ua,drafted_v2plus,pending_clinical_signoff,claude_ua_03,2,208,302,56,,
knowledge_base/hosted/content/biomarker_actionability/bma_brca2_somatic_ovarian.yaml,biomarker_actionability,notes,notes_ua,drafted_v2plus,pending_clinical_signoff,claude_ua_03,2,86,138,56,,
knowledge_base/hosted/content/biomarker_actionability/bma_brca2_somatic_pdac.yaml,biomarker_actionability,evidence_summary,evidence_summary_ua,drafted_v2plus,pending_clinical_signoff,claude_ua_03,2,218,269,56,,
knowledge_base/hosted/content/biomarker_actionability/bma_brca2_somatic_pdac.yaml,biomarker_actionability,notes,notes_ua,drafted_v2plus,pending_clinical_signoff,claude_ua_03,2,37,150,56,,
knowledge_base/hosted/content/biomarker_actionability/bma_brca2_somatic_prostate.yaml,biomarker_actionability,evidence_summary,evidence_summary_ua,drafted_v2plus,pending_clinical_signoff,claude_ua_03,2,168,226,56,,
knowledge_base/hosted/content/biomarker_actionability/bma_brca2_somatic_prostate.yaml,biomarker_actionability,notes,notes_ua,drafted_v2plus,pending_clinical_signoff,claude_ua_03,2,37,122,56,,
knowledge_base/hosted/content/biomarker_actionability/bma_brip1_germline_breast.yaml,biomarker_actionability,evidence_summary,evidence_summary_ua,drafted_v2plus,pending_clinical_signoff,claude_ua_03,2,215,221,56,,
knowledge_base/hosted/content/biomarker_actionability/bma_brip1_germline_breast.yaml,biomarker_actionability,notes,notes_ua,drafted_v2plus,pending_clinical_signoff,claude_ua_03,2,77,117,56,,
knowledge_base/hosted/content/biomarker_actionability/bma_brip1_germline_ovarian.yaml,biomarker_actionability,evidence_summary,evidence_summary_ua,drafted_v2plus,pending_clinical_signoff,claude_ua_03,2,224,274,56,,
knowledge_base/hosted/content/biomarker_actionability/bma_brip1_germline_ovarian.yaml,biomarker_actionability,notes,notes_ua,drafted_v2plus,pending_clinical_signoff,claude_ua_03,2,66,218,56,,
knowledge_base/hosted/content/biomarker_actionability/bma_brip1_somatic_breast.yaml,biomarker_actionability,evidence_summary,evidence_summary_ua,drafted_v2plus,pending_clinical_signoff,claude_ua_03,2,84,118,56,,
knowledge_base/hosted/content/biomarker_actionability/bma_brip1_somatic_breast.yaml,biomarker_actionability,notes,notes_ua,drafted_v2plus,pending_clinical_signoff,claude_ua_03,2,73,107,56,,
knowledge_base/hosted/content/biomarker_actionability/bma_brip1_somatic_ovarian.yaml,biomarker_actionability,evidence_summary,evidence_summary_ua,drafted_v2plus,pending_clinical_signoff,claude_ua_03,2,117,151,56,,
knowledge_base/hosted/content/biomarker_actionability/bma_brip1_somatic_ovarian.yaml,biomarker_actionability,notes,notes_ua,drafted_v2plus,pending_clinical_signoff,claude_ua_03,2,37,150,56,,
knowledge_base/hosted/content/biomarker_actionability/bma_ca_19_9_pancreatic_caps_surveillance.yaml,biomarker_actionability,evidence_summary,evidence_summary_ua,missing,,,,715,0,49,,
knowledge_base/hosted/content/biomarker_actionability/bma_ca_19_9_pancreatic_caps_surveillance.yaml,biomarker_actionability,notes,notes_ua,missing,,,,703,0,49,,
knowledge_base/hosted/content/biomarker_actionability/bma_calcitonin_mtc_men2_surveillance.yaml,biomarker_actionability,evidence_summary,evidence_summary_ua,missing,,,,926,0,49,,
knowledge_base/hosted/content/biomarker_actionability/bma_calcitonin_mtc_men2_surveillance.yaml,biomarker_actionability,notes,notes_ua,missing,,,,375,0,49,,
knowledge_base/hosted/content/biomarker_actionability/bma_calr_et.yaml,biomarker_actionability,evidence_summary,evidence_summary_ua,drafted_v2plus,pending_clinical_signoff,claude_ua_03,2,521,597,56,,
knowledge_base/hosted/content/biomarker_actionability/bma_calr_et.yaml,biomarker_actionability,notes,notes_ua,drafted_v2plus,pending_clinical_signoff,claude_ua_03,2,375,350,56,,
knowledge_base/hosted/content/biomarker_actionability/bma_calr_pmf.yaml,biomarker_actionability,evidence_summary,evidence_summary_ua,drafted_v2plus,pending_clinical_signoff,claude_extraction,2,718,895,56,,
knowledge_base/hosted/content/biomarker_actionability/bma_calr_pmf.yaml,biomarker_actionability,notes,notes_ua,drafted_v2plus,pending_clinical_signoff,claude_extraction,2,214,246,56,,
knowledge_base/hosted/content/biomarker_actionability/bma_ccnd1_ihc_mcl.yaml,biomarker_actionability,evidence_summary,evidence_summary_ua,drafted_v2plus,pending_clinical_signoff,claude_ua_03,2,197,237,56,,
knowledge_base/hosted/content/biomarker_actionability/bma_ccnd1_ihc_mcl.yaml,biomarker_actionability,notes,notes_ua,drafted_v2plus,pending_clinical_signoff,claude_ua_03,2,40,171,56,,
knowledge_base/hosted/content/biomarker_actionability/bma_ccnd1_ihc_mm.yaml,biomarker_actionability,evidence_summary,evidence_summary_ua,drafted_v2plus,pending_clinical_signoff,claude_ua_03,2,166,206,56,,
knowledge_base/hosted/content/biomarker_actionability/bma_ccnd1_ihc_mm.yaml,biomarker_actionability,notes,notes_ua,drafted_v2plus,pending_clinical_signoff,claude_ua_03,2,69,196,56,,
knowledge_base/hosted/content/biomarker_actionability/bma_ccnd1_t1114_mcl.yaml,biomarker_actionability,evidence_summary,evidence_summary_ua,drafted_v2plus,pending_clinical_signoff,claude_ua_03,2,371,530,56,,
knowledge_base/hosted/content/biomarker_actionability/bma_ccnd1_t1114_mcl.yaml,biomarker_actionability,notes,notes_ua,drafted_v2plus,pending_clinical_signoff,claude_ua_03,2,93,156,56,,
knowledge_base/hosted/content/biomarker_actionability/bma_ccnd1_t1114_mm.yaml,biomarker_actionability,evidence_summary,evidence_summary_ua,drafted_v2plus,pending_clinical_signoff,claude_ua_03,2,399,540,56,,
knowledge_base/hosted/content/biomarker_actionability/bma_ccnd1_t1114_mm.yaml,biomarker_actionability,notes,notes_ua,drafted_v2plus,pending_clinical_signoff,claude_ua_03,2,149,275,56,,
knowledge_base/hosted/content/biomarker_actionability/bma_cd30_alcl.yaml,biomarker_actionability,evidence_summary,evidence_summary_ua,drafted_v2plus,pending_clinical_signoff,claude_ua_03,2,552,609,56,,
knowledge_base/hosted/content/biomarker_actionability/bma_cd30_alcl.yaml,biomarker_actionability,notes,notes_ua,drafted_v2plus,pending_clinical_signoff,claude_ua_03,2,370,407,56,,
knowledge_base/hosted/content/biomarker_actionability/bma_cd30_chl.yaml,biomarker_actionability,evidence_summary,evidence_summary_ua,drafted_v2plus,pending_clinical_signoff,claude_ua_03,2,666,736,56,,
knowledge_base/hosted/content/biomarker_actionability/bma_cd30_chl.yaml,biomarker_actionability,notes,notes_ua,drafted_v2plus,pending_clinical_signoff,claude_ua_03,2,392,479,56,,
knowledge_base/hosted/content/biomarker_actionability/bma_cdc73_germline_hpt_jt.yaml,biomarker_actionability,evidence_summary,evidence_summary_ua,drafted_pending,pending_clinical_signoff,claude_v05_bma_batch3,1,1125,697,49,,
knowledge_base/hosted/content/biomarker_actionability/bma_cdc73_germline_hpt_jt.yaml,biomarker_actionability,notes,notes_ua,drafted_pending,pending_clinical_signoff,claude_v05_bma_batch3,1,564,420,49,,
knowledge_base/hosted/content/biomarker_actionability/bma_cfdna_mced_multi_cancer_screening.yaml,biomarker_actionability,evidence_summary,evidence_summary_ua,missing,,,,672,0,49,,
knowledge_base/hosted/content/biomarker_actionability/bma_cfdna_mced_multi_cancer_screening.yaml,biomarker_actionability,notes,notes_ua,missing,,,,871,0,49,,
knowledge_base/hosted/content/biomarker_actionability/bma_chek1_somatic_ovarian.yaml,biomarker_actionability,evidence_summary,evidence_summary_ua,drafted_v2plus,pending_clinical_signoff,claude_ua_03,2,217,297,56,,
knowledge_base/hosted/content/biomarker_actionability/bma_chek1_somatic_ovarian.yaml,biomarker_actionability,notes,notes_ua,drafted_v2plus,pending_clinical_signoff,claude_ua_03,2,64,174,56,,
knowledge_base/hosted/content/biomarker_actionability/bma_chek1_somatic_prostate.yaml,biomarker_actionability,evidence_summary,evidence_summary_ua,drafted_v2plus,pending_clinical_signoff,claude_ua_03,2,178,210,56,,
knowledge_base/hosted/content/biomarker_actionability/bma_chek1_somatic_prostate.yaml,biomarker_actionability,notes,notes_ua,drafted_v2plus,pending_clinical_signoff,claude_ua_03,2,37,173,56,,
knowledge_base/hosted/content/biomarker_actionability/bma_chek2_germline_breast.yaml,biomarker_actionability,evidence_summary,evidence_summary_ua,drafted_v2plus,pending_clinical_signoff,claude_ua_03,2,229,313,56,,
knowledge_base/hosted/content/biomarker_actionability/bma_chek2_germline_breast.yaml,biomarker_actionability,notes,notes_ua,drafted_v2plus,pending_clinical_signoff,claude_ua_03,2,180,298,56,,
knowledge_base/hosted/content/biomarker_actionability/bma_chek2_germline_prostate.yaml,biomarker_actionability,evidence_summary,evidence_summary_ua,drafted_v2plus,pending_clinical_signoff,claude_ua_03,2,208,241,56,,
knowledge_base/hosted/content/biomarker_actionability/bma_chek2_germline_prostate.yaml,biomarker_actionability,notes,notes_ua,drafted_v2plus,pending_clinical_signoff,claude_ua_03,2,89,222,56,,
knowledge_base/hosted/content/biomarker_actionability/bma_chek2_somatic_breast.yaml,biomarker_actionability,evidence_summary,evidence_summary_ua,drafted_v2plus,pending_clinical_signoff,claude_ua_03,2,113,163,56,,
knowledge_base/hosted/content/biomarker_actionability/bma_chek2_somatic_breast.yaml,biomarker_actionability,notes,notes_ua,drafted_v2plus,pending_clinical_signoff,claude_ua_03,2,37,143,56,,
knowledge_base/hosted/content/biomarker_actionability/bma_chek2_somatic_prostate.yaml,biomarker_actionability,evidence_summary,evidence_summary_ua,drafted_v2plus,pending_clinical_signoff,claude_ua_03,2,118,159,56,,
knowledge_base/hosted/content/biomarker_actionability/bma_chek2_somatic_prostate.yaml,biomarker_actionability,notes,notes_ua,drafted_v2plus,pending_clinical_signoff,claude_ua_03,2,37,101,56,,
knowledge_base/hosted/content/biomarker_actionability/bma_chromogranin_a_net_men1_surveillance.yaml,biomarker_actionability,evidence_summary,evidence_summary_ua,missing,,,,784,0,49,,
knowledge_base/hosted/content/biomarker_actionability/bma_chromogranin_a_net_men1_surveillance.yaml,biomarker_actionability,notes,notes_ua,missing,,,,389,0,49,,
knowledge_base/hosted/content/biomarker_actionability/bma_cldn18_2_gastric.yaml,biomarker_actionability,evidence_summary,evidence_summary_ua,drafted_v2plus,pending_clinical_signoff,claude_ua_03,2,882,956,56,,
knowledge_base/hosted/content/biomarker_actionability/bma_cldn18_2_gastric.yaml,biomarker_actionability,notes,notes_ua,drafted_v2plus,pending_clinical_signoff,claude_ua_03,2,519,751,56,,
knowledge_base/hosted/content/biomarker_actionability/bma_csf1r_tgct.yaml,biomarker_actionability,evidence_summary,evidence_summary_ua,drafted_v2plus,pending_clinical_signoff,claude_ua_03,2,991,1012,56,,
knowledge_base/hosted/content/biomarker_actionability/bma_csf1r_tgct.yaml,biomarker_actionability,notes,notes_ua,drafted_v2plus,pending_clinical_signoff,claude_ua_03,2,771,908,56,,
knowledge_base/hosted/content/biomarker_actionability/bma_ctdna_mrd_post_treatment_breast.yaml,biomarker_actionability,evidence_summary,evidence_summary_ua,missing,,,,508,0,49,,
knowledge_base/hosted/content/biomarker_actionability/bma_ctdna_mrd_post_treatment_breast.yaml,biomarker_actionability,notes,notes_ua,missing,,,,474,0,49,,
knowledge_base/hosted/content/biomarker_actionability/bma_ctdna_mrd_post_treatment_crc.yaml,biomarker_actionability,evidence_summary,evidence_summary_ua,missing,,,,618,0,49,,
knowledge_base/hosted/content/biomarker_actionability/bma_ctdna_mrd_post_treatment_crc.yaml,biomarker_actionability,notes,notes_ua,missing,,,,670,0,49,,
knowledge_base/hosted/content/biomarker_actionability/bma_ctnnb1_endometrial.yaml,biomarker_actionability,evidence_summary,evidence_summary_ua,drafted_v2plus,pending_clinical_signoff,claude_ua_03,2,1183,1120,56,,
knowledge_base/hosted/content/biomarker_actionability/bma_ctnnb1_endometrial.yaml,biomarker_actionability,notes,notes_ua,drafted_v2plus,pending_clinical_signoff,claude_ua_03,2,726,883,56,,
knowledge_base/hosted/content/biomarker_actionability/bma_cxcr4_whim_wm.yaml,biomarker_actionability,evidence_summary,evidence_summary_ua,drafted_v2plus,pending_clinical_signoff,claude_ua_03,2,732,1003,56,,
knowledge_base/hosted/content/biomarker_actionability/bma_cxcr4_whim_wm.yaml,biomarker_actionability,notes,notes_ua,drafted_v2plus,pending_clinical_signoff,claude_ua_03,2,352,537,56,,
knowledge_base/hosted/content/biomarker_actionability/bma_ddr2_nsclc_squamous.yaml,biomarker_actionability,evidence_summary,evidence_summary_ua,drafted_v2plus,pending_clinical_signoff,claude_ua_03,2,1071,1079,56,,
knowledge_base/hosted/content/biomarker_actionability/bma_ddr2_nsclc_squamous.yaml,biomarker_actionability,notes,notes_ua,drafted_v2plus,pending_clinical_signoff,claude_ua_03,2,679,768,56,,
knowledge_base/hosted/content/biomarker_actionability/bma_dicer1_germline_pleuropulmonary_blastoma.yaml,biomarker_actionability,evidence_summary,evidence_summary_ua,drafted_pending,pending_clinical_signoff,claude_v05_bma_batch3,1,1048,629,49,,
knowledge_base/hosted/content/biomarker_actionability/bma_dicer1_germline_pleuropulmonary_blastoma.yaml,biomarker_actionability,notes,notes_ua,drafted_pending,pending_clinical_signoff,claude_v05_bma_batch3,1,469,280,49,,
knowledge_base/hosted/content/biomarker_actionability/bma_ebv_positive_gastric.yaml,biomarker_actionability,evidence_summary,evidence_summary_ua,drafted_v2plus,pending_clinical_signoff,claude_ua_03,2,1254,1158,56,,
knowledge_base/hosted/content/biomarker_actionability/bma_ebv_positive_gastric.yaml,biomarker_actionability,notes,notes_ua,drafted_v2plus,pending_clinical_signoff,claude_ua_03,2,1097,765,56,,
knowledge_base/hosted/content/biomarker_actionability/bma_egfr_c797s_nsclc.yaml,biomarker_actionability,evidence_summary,evidence_summary_ua,drafted_v2plus,pending_clinical_signoff,claude_ua_03,2,342,412,56,,
knowledge_base/hosted/content/biomarker_actionability/bma_egfr_c797s_nsclc.yaml,biomarker_actionability,notes,notes_ua,drafted_v2plus,pending_clinical_signoff,claude_ua_03,2,213,307,56,,
knowledge_base/hosted/content/biomarker_actionability/bma_egfr_ex19del_nsclc.yaml,biomarker_actionability,evidence_summary,evidence_summary_ua,drafted_v2plus,pending_clinical_signoff,claude_ua_03,2,335,472,56,,
knowledge_base/hosted/content/biomarker_actionability/bma_egfr_ex19del_nsclc.yaml,biomarker_actionability,notes,notes_ua,drafted_v2plus,pending_clinical_signoff,claude_ua_03,2,156,380,56,,
knowledge_base/hosted/content/biomarker_actionability/bma_egfr_ex20ins_nsclc.yaml,biomarker_actionability,evidence_summary,evidence_summary_ua,drafted_v2plus,pending_clinical_signoff,claude_ua_03,2,317,420,56,,
knowledge_base/hosted/content/biomarker_actionability/bma_egfr_ex20ins_nsclc.yaml,biomarker_actionability,notes,notes_ua,drafted_v2plus,pending_clinical_signoff,claude_ua_03,2,194,269,56,,
knowledge_base/hosted/content/biomarker_actionability/bma_egfr_g719x_nsclc.yaml,biomarker_actionability,evidence_summary,evidence_summary_ua,drafted_v2plus,pending_clinical_signoff,claude_ua_03,2,256,335,56,,
knowledge_base/hosted/content/biomarker_actionability/bma_egfr_g719x_nsclc.yaml,biomarker_actionability,notes,notes_ua,drafted_v2plus,pending_clinical_signoff,claude_ua_03,2,194,269,56,,
knowledge_base/hosted/content/biomarker_actionability/bma_egfr_l858r_nsclc.yaml,biomarker_actionability,evidence_summary,evidence_summary_ua,drafted_v2plus,pending_clinical_signoff,claude_ua_03,2,295,436,56,,
knowledge_base/hosted/content/biomarker_actionability/bma_egfr_l858r_nsclc.yaml,biomarker_actionability,notes,notes_ua,drafted_v2plus,pending_clinical_signoff,claude_ua_03,2,135,242,56,,
knowledge_base/hosted/content/biomarker_actionability/bma_egfr_mutation_gbm.yaml,biomarker_actionability,evidence_summary,evidence_summary_ua,drafted_v2plus,pending_clinical_signoff,claude_ua_03,2,291,456,56,,
knowledge_base/hosted/content/biomarker_actionability/bma_egfr_mutation_gbm.yaml,biomarker_actionability,notes,notes_ua,drafted_v2plus,pending_clinical_signoff,claude_ua_03,2,173,253,56,,
knowledge_base/hosted/content/biomarker_actionability/bma_egfr_t790m_nsclc.yaml,biomarker_actionability,evidence_summary,evidence_summary_ua,drafted_v2plus,pending_clinical_signoff,claude_ua_03,2,338,466,56,,
knowledge_base/hosted/content/biomarker_actionability/bma_egfr_t790m_nsclc.yaml,biomarker_actionability,notes,notes_ua,drafted_v2plus,pending_clinical_signoff,claude_ua_03,2,174,304,56,,
knowledge_base/hosted/content/biomarker_actionability/bma_epcam_germline_crc.yaml,biomarker_actionability,evidence_summary,evidence_summary_ua,drafted_v2plus,pending_clinical_signoff,claude_ua_03,2,316,418,56,,
knowledge_base/hosted/content/biomarker_actionability/bma_epcam_germline_crc.yaml,biomarker_actionability,notes,notes_ua,drafted_v2plus,pending_clinical_signoff,claude_ua_03,2,218,319,56,,
knowledge_base/hosted/content/biomarker_actionability/bma_epcam_germline_endometrial.yaml,biomarker_actionability,evidence_summary,evidence_summary_ua,drafted_v2plus,pending_clinical_signoff,claude_ua_03,2,208,276,56,,
knowledge_base/hosted/content/biomarker_actionability/bma_epcam_germline_endometrial.yaml,biomarker_actionability,notes,notes_ua,drafted_v2plus,pending_clinical_signoff,claude_ua_03,2,218,300,56,,
knowledge_base/hosted/content/biomarker_actionability/bma_erbb4_nsclc.yaml,biomarker_actionability,evidence_summary,evidence_summary_ua,drafted_v2plus,pending_clinical_signoff,claude_ua_03,2,1420,889,56,,
knowledge_base/hosted/content/biomarker_actionability/bma_erbb4_nsclc.yaml,biomarker_actionability,notes,notes_ua,drafted_v2plus,pending_clinical_signoff,claude_ua_03,2,736,566,56,,
knowledge_base/hosted/content/biomarker_actionability/bma_esr1_mut_breast.yaml,biomarker_actionability,evidence_summary,evidence_summary_ua,drafted_v2plus,pending_clinical_signoff,claude_ua_03,2,562,768,56,,
knowledge_base/hosted/content/biomarker_actionability/bma_esr1_mut_breast.yaml,biomarker_actionability,notes,notes_ua,drafted_v2plus,pending_clinical_signoff,claude_ua_03,2,411,545,56,,
knowledge_base/hosted/content/biomarker_actionability/bma_ezh2_y641_fl.yaml,biomarker_actionability,evidence_summary,evidence_summary_ua,drafted_v2plus,pending_clinical_signoff,claude_ua_03,2,476,561,56,,
knowledge_base/hosted/content/biomarker_actionability/bma_ezh2_y641_fl.yaml,biomarker_actionability,notes,notes_ua,drafted_v2plus,pending_clinical_signoff,claude_ua_03,2,409,450,56,,
knowledge_base/hosted/content/biomarker_actionability/bma_fanca_germline_ovarian.yaml,biomarker_actionability,evidence_summary,evidence_summary_ua,drafted_v2plus,pending_clinical_signoff,claude_ua_03,2,303,442,56,,
knowledge_base/hosted/content/biomarker_actionability/bma_fanca_germline_ovarian.yaml,biomarker_actionability,notes,notes_ua,drafted_v2plus,pending_clinical_signoff,claude_ua_03,2,151,242,56,,
knowledge_base/hosted/content/biomarker_actionability/bma_fancl_germline_ovarian.yaml,biomarker_actionability,evidence_summary,evidence_summary_ua,drafted_v2plus,pending_clinical_signoff,claude_ua_03,2,303,415,56,,
knowledge_base/hosted/content/biomarker_actionability/bma_fancl_germline_ovarian.yaml,biomarker_actionability,notes,notes_ua,drafted_v2plus,pending_clinical_signoff,claude_ua_03,2,151,242,56,,
knowledge_base/hosted/content/biomarker_actionability/bma_fbxw7_crc.yaml,biomarker_actionability,evidence_summary,evidence_summary_ua,drafted_v2plus,pending_clinical_signoff,claude_ua_03,2,1187,465,56,,
knowledge_base/hosted/content/biomarker_actionability/bma_fbxw7_crc.yaml,biomarker_actionability,notes,notes_ua,drafted_v2plus,pending_clinical_signoff,claude_ua_03,2,777,747,56,,
knowledge_base/hosted/content/biomarker_actionability/bma_fgfr1_amp_breast.yaml,biomarker_actionability,evidence_summary,evidence_summary_ua,drafted_v2plus,pending_clinical_signoff,claude_ua_03,2,304,447,56,,
knowledge_base/hosted/content/biomarker_actionability/bma_fgfr1_amp_breast.yaml,biomarker_actionability,notes,notes_ua,drafted_v2plus,pending_clinical_signoff,claude_ua_03,2,203,305,56,,
knowledge_base/hosted/content/biomarker_actionability/bma_fgfr1_amp_nsclc_squamous.yaml,biomarker_actionability,evidence_summary,evidence_summary_ua,drafted_v2plus,pending_clinical_signoff,claude_ua_03,2,359,487,56,,
knowledge_base/hosted/content/biomarker_actionability/bma_fgfr1_amp_nsclc_squamous.yaml,biomarker_actionability,notes,notes_ua,drafted_v2plus,pending_clinical_signoff,claude_ua_03,2,164,258,56,,
knowledge_base/hosted/content/biomarker_actionability/bma_fgfr2_amp_gastric.yaml,biomarker_actionability,evidence_summary,evidence_summary_ua,drafted_v2plus,pending_clinical_signoff,claude_ua_03,2,351,603,56,,
knowledge_base/hosted/content/biomarker_actionability/bma_fgfr2_amp_gastric.yaml,biomarker_actionability,notes,notes_ua,drafted_v2plus,pending_clinical_signoff,claude_ua_03,2,295,387,56,,
knowledge_base/hosted/content/biomarker_actionability/bma_fgfr2_bicc1_cholangio.yaml,biomarker_actionability,evidence_summary,evidence_summary_ua,drafted_v2plus,pending_clinical_signoff,claude_ua_03,2,266,301,56,,
knowledge_base/hosted/content/biomarker_actionability/bma_fgfr2_bicc1_cholangio.yaml,biomarker_actionability,notes,notes_ua,drafted_v2plus,pending_clinical_signoff,claude_ua_03,2,84,213,56,,
knowledge_base/hosted/content/biomarker_actionability/bma_fgfr2_fusion_cholangio.yaml,biomarker_actionability,evidence_summary,evidence_summary_ua,drafted_v2plus,pending_clinical_signoff,claude_ua_03,2,367,489,56,,
knowledge_base/hosted/content/biomarker_actionability/bma_fgfr2_fusion_cholangio.yaml,biomarker_actionability,notes,notes_ua,drafted_v2plus,pending_clinical_signoff,claude_ua_03,2,443,467,56,,
knowledge_base/hosted/content/biomarker_actionability/bma_fgfr2_mutation_endometrial.yaml,biomarker_actionability,evidence_summary,evidence_summary_ua,drafted_v2plus,pending_clinical_signoff,claude_ua_03,2,300,390,56,,
knowledge_base/hosted/content/biomarker_actionability/bma_fgfr2_mutation_endometrial.yaml,biomarker_actionability,notes,notes_ua,drafted_v2plus,pending_clinical_signoff,claude_ua_03,2,278,392,56,,
knowledge_base/hosted/content/biomarker_actionability/bma_fgfr2_mutation_urothelial.yaml,biomarker_actionability,evidence_summary,evidence_summary_ua,drafted_v2plus,pending_clinical_signoff,claude_ua_03,2,328,413,56,,
knowledge_base/hosted/content/biomarker_actionability/bma_fgfr2_mutation_urothelial.yaml,biomarker_actionability,notes,notes_ua,drafted_v2plus,pending_clinical_signoff,claude_ua_03,2,237,295,56,,
knowledge_base/hosted/content/biomarker_actionability/bma_fgfr2b_membrane_gastric.yaml,biomarker_actionability,evidence_summary,evidence_summary_ua,drafted_v2plus,pending_clinical_signoff,claude_ua_03,2,962,1031,56,,
knowledge_base/hosted/content/biomarker_actionability/bma_fgfr2b_membrane_gastric.yaml,biomarker_actionability,notes,notes_ua,drafted_v2plus,pending_clinical_signoff,claude_ua_03,2,846,570,56,,
knowledge_base/hosted/content/biomarker_actionability/bma_fgfr3_mutation_mm.yaml,biomarker_actionability,evidence_summary,evidence_summary_ua,drafted_v2plus,pending_clinical_signoff,claude_ua_03,2,434,517,56,,
knowledge_base/hosted/content/biomarker_actionability/bma_fgfr3_mutation_mm.yaml,biomarker_actionability,notes,notes_ua,drafted_v2plus,pending_clinical_signoff,claude_ua_03,2,254,320,56,,
knowledge_base/hosted/content/biomarker_actionability/bma_fgfr3_r248c_urothelial.yaml,biomarker_actionability,evidence_summary,evidence_summary_ua,drafted_v2plus,pending_clinical_signoff,claude_ua_03,2,223,270,56,,
knowledge_base/hosted/content/biomarker_actionability/bma_fgfr3_r248c_urothelial.yaml,biomarker_actionability,notes,notes_ua,drafted_v2plus,pending_clinical_signoff,claude_ua_03,2,60,109,56,,
knowledge_base/hosted/content/biomarker_actionability/bma_fgfr3_s249c_urothelial.yaml,biomarker_actionability,evidence_summary,evidence_summary_ua,drafted_v2plus,pending_clinical_signoff,claude_ua_03,2,250,314,56,,
knowledge_base/hosted/content/biomarker_actionability/bma_fgfr3_s249c_urothelial.yaml,biomarker_actionability,notes,notes_ua,drafted_v2plus,pending_clinical_signoff,claude_ua_03,2,195,284,56,,
knowledge_base/hosted/content/biomarker_actionability/bma_fgfr3_tacc3_urothelial.yaml,biomarker_actionability,evidence_summary,evidence_summary_ua,drafted_v2plus,pending_clinical_signoff,claude_ua_03,2,266,303,56,,
knowledge_base/hosted/content/biomarker_actionability/bma_fgfr3_tacc3_urothelial.yaml,biomarker_actionability,notes,notes_ua,drafted_v2plus,pending_clinical_signoff,claude_ua_03,2,93,149,56,,
knowledge_base/hosted/content/biomarker_actionability/bma_fgfr3_y373c_urothelial.yaml,biomarker_actionability,evidence_summary,evidence_summary_ua,drafted_v2plus,pending_clinical_signoff,claude_ua_03,2,223,265,56,,
knowledge_base/hosted/content/biomarker_actionability/bma_fgfr3_y373c_urothelial.yaml,biomarker_actionability,notes,notes_ua,drafted_v2plus,pending_clinical_signoff,claude_ua_03,2,47,119,56,,
knowledge_base/hosted/content/biomarker_actionability/bma_flt3_d835_aml.yaml,biomarker_actionability,evidence_summary,evidence_summary_ua,drafted_pending,pending_clinical_signoff,claude_extraction,1,401,405,58,,
knowledge_base/hosted/content/biomarker_actionability/bma_flt3_d835_aml.yaml,biomarker_actionability,notes,notes_ua,missing,pending_clinical_signoff,claude_extraction,1,255,0,58,,
knowledge_base/hosted/content/biomarker_actionability/bma_flt3_d835_aml_rr.yaml,biomarker_actionability,evidence_summary,evidence_summary_ua,drafted_pending,pending_clinical_signoff,claude_extraction,1,335,337,58,,
knowledge_base/hosted/content/biomarker_actionability/bma_flt3_d835_aml_rr.yaml,biomarker_actionability,notes,notes_ua,missing,pending_clinical_signoff,claude_extraction,1,124,0,58,,
knowledge_base/hosted/content/biomarker_actionability/bma_flt3_f691l_aml.yaml,biomarker_actionability,evidence_summary,evidence_summary_ua,drafted_pending,pending_clinical_signoff,claude_extraction,1,320,340,58,,
knowledge_base/hosted/content/biomarker_actionability/bma_flt3_f691l_aml.yaml,biomarker_actionability,notes,notes_ua,missing,pending_clinical_signoff,claude_extraction,1,414,0,58,,
knowledge_base/hosted/content/biomarker_actionability/bma_flt3_itd_aml.yaml,biomarker_actionability,evidence_summary,evidence_summary_ua,drafted_v2plus,pending_clinical_signoff,claude_ua_03,2,398,581,56,,
knowledge_base/hosted/content/biomarker_actionability/bma_flt3_itd_aml.yaml,biomarker_actionability,notes,notes_ua,drafted_v2plus,pending_clinical_signoff,claude_ua_03,2,210,321,56,,
knowledge_base/hosted/content/biomarker_actionability/bma_flt3_itd_aml_rr.yaml,biomarker_actionability,evidence_summary,evidence_summary_ua,drafted_v2plus,pending_clinical_signoff,claude_ua_03,2,313,474,56,,
knowledge_base/hosted/content/biomarker_actionability/bma_flt3_itd_aml_rr.yaml,biomarker_actionability,notes,notes_ua,drafted_v2plus,pending_clinical_signoff,claude_ua_03,2,231,323,56,,
knowledge_base/hosted/content/biomarker_actionability/bma_flt3_itd_b_all.yaml,biomarker_actionability,evidence_summary,evidence_summary_ua,drafted_v2plus,pending_clinical_signoff,claude_ua_03,2,272,370,56,,
knowledge_base/hosted/content/biomarker_actionability/bma_flt3_itd_b_all.yaml,biomarker_actionability,notes,notes_ua,drafted_v2plus,pending_clinical_signoff,claude_ua_03,2,174,235,56,,
knowledge_base/hosted/content/biomarker_actionability/bma_foxl2_granulosa_cell.yaml,biomarker_actionability,evidence_summary,evidence_summary_ua,drafted_pending,pending_clinical_signoff,claude_extraction,1,1136,395,58,,
knowledge_base/hosted/content/biomarker_actionability/bma_foxl2_granulosa_cell.yaml,biomarker_actionability,notes,notes_ua,missing,pending_clinical_signoff,claude_extraction,1,811,0,58,,
knowledge_base/hosted/content/biomarker_actionability/bma_gnas_ipmn.yaml,biomarker_actionability,evidence_summary,evidence_summary_ua,drafted_v2plus,pending_clinical_signoff,claude_ua_03,2,1307,741,56,,
knowledge_base/hosted/content/biomarker_actionability/bma_gnas_ipmn.yaml,biomarker_actionability,notes,notes_ua,drafted_v2plus,pending_clinical_signoff,claude_ua_03,2,1054,625,56,,
knowledge_base/hosted/content/biomarker_actionability/bma_hbv_dna_monitoring_antiviral_response.yaml,biomarker_actionability,evidence_summary,evidence_summary_ua,missing,,,,723,0,49,,
knowledge_base/hosted/content/biomarker_actionability/bma_hbv_dna_monitoring_antiviral_response.yaml,biomarker_actionability,notes,notes_ua,missing,,,,551,0,49,,
knowledge_base/hosted/content/biomarker_actionability/bma_hcv_rna_monitoring_daa_response.yaml,biomarker_actionability,evidence_summary,evidence_summary_ua,missing,,,,818,0,49,,
knowledge_base/hosted/content/biomarker_actionability/bma_hcv_rna_monitoring_daa_response.yaml,biomarker_actionability,notes,notes_ua,missing,,,,654,0,49,,
knowledge_base/hosted/content/biomarker_actionability/bma_her2_amp_cholangio.yaml,biomarker_actionability,evidence_summary,evidence_summary_ua,drafted_v2plus,pending_clinical_signoff,claude_ua_04,2,777,1047,56,,
knowledge_base/hosted/content/biomarker_actionability/bma_her2_amp_cholangio.yaml,biomarker_actionability,notes,notes_ua,drafted_v2plus,pending_clinical_signoff,claude_ua_04,2,865,1047,56,,
knowledge_base/hosted/content/biomarker_actionability/bma_her2_amp_crc.yaml,biomarker_actionability,evidence_summary,evidence_summary_ua,drafted_v2plus,pending_clinical_signoff,claude_ua_04,2,684,865,56,,
knowledge_base/hosted/content/biomarker_actionability/bma_her2_amp_crc.yaml,biomarker_actionability,notes,notes_ua,drafted_v2plus,pending_clinical_signoff,claude_ua_04,2,357,413,56,,
knowledge_base/hosted/content/biomarker_actionability/bma_her2_amp_esophageal.yaml,biomarker_actionability,evidence_summary,evidence_summary_ua,drafted_v2plus,pending_clinical_signoff,claude_ua_04,2,603,738,56,,
knowledge_base/hosted/content/biomarker_actionability/bma_her2_amp_esophageal.yaml,biomarker_actionability,notes,notes_ua,drafted_v2plus,pending_clinical_signoff,claude_ua_04,2,221,269,56,,
knowledge_base/hosted/content/biomarker_actionability/bma_her2_amp_gastric.yaml,biomarker_actionability,evidence_summary,evidence_summary_ua,drafted_v2plus,pending_clinical_signoff,claude_ua_04,2,534,690,56,,
knowledge_base/hosted/content/biomarker_actionability/bma_her2_amp_gastric.yaml,biomarker_actionability,notes,notes_ua,drafted_v2plus,pending_clinical_signoff,claude_ua_04,2,420,502,56,,
knowledge_base/hosted/content/biomarker_actionability/bma_her2_low_breast.yaml,biomarker_actionability,evidence_summary,evidence_summary_ua,drafted_v2plus,pending_clinical_signoff,claude_ua_04,2,861,1158,56,,
knowledge_base/hosted/content/biomarker_actionability/bma_her2_low_breast.yaml,biomarker_actionability,notes,notes_ua,drafted_v2plus,pending_clinical_signoff,claude_ua_04,2,641,747,56,,
knowledge_base/hosted/content/biomarker_actionability/bma_hnf1a_hcc.yaml,biomarker_actionability,evidence_summary,evidence_summary_ua,drafted_v2plus,pending_clinical_signoff,claude_ua_04,2,1195,1454,56,,
knowledge_base/hosted/content/biomarker_actionability/bma_hnf1a_hcc.yaml,biomarker_actionability,notes,notes_ua,drafted_v2plus,pending_clinical_signoff,claude_ua_04,2,1014,1160,56,,
knowledge_base/hosted/content/biomarker_actionability/bma_hrd_status_breast.yaml,biomarker_actionability,evidence_summary,evidence_summary_ua,drafted_v2plus,pending_clinical_signoff,claude_ua_04,2,650,897,56,,
knowledge_base/hosted/content/biomarker_actionability/bma_hrd_status_breast.yaml,biomarker_actionability,notes,notes_ua,drafted_v2plus,pending_clinical_signoff,claude_ua_04,2,410,510,56,,
knowledge_base/hosted/content/biomarker_actionability/bma_hrd_status_ovarian.yaml,biomarker_actionability,evidence_summary,evidence_summary_ua,drafted_v2plus,pending_clinical_signoff,claude_ua_04,2,732,979,56,,
knowledge_base/hosted/content/biomarker_actionability/bma_hrd_status_ovarian.yaml,biomarker_actionability,notes,notes_ua,drafted_v2plus,pending_clinical_signoff,claude_ua_04,2,562,660,56,,
knowledge_base/hosted/content/biomarker_actionability/bma_hrd_status_pdac.yaml,biomarker_actionability,evidence_summary,evidence_summary_ua,drafted_v2plus,pending_clinical_signoff,claude_ua_04,2,591,779,56,,
knowledge_base/hosted/content/biomarker_actionability/bma_hrd_status_pdac.yaml,biomarker_actionability,notes,notes_ua,drafted_v2plus,pending_clinical_signoff,claude_ua_04,2,365,495,56,,
knowledge_base/hosted/content/biomarker_actionability/bma_hrd_status_prostate.yaml,biomarker_actionability,evidence_summary,evidence_summary_ua,drafted_v2plus,pending_clinical_signoff,claude_ua_04,2,823,1038,56,,
knowledge_base/hosted/content/biomarker_actionability/bma_hrd_status_prostate.yaml,biomarker_actionability,notes,notes_ua,drafted_v2plus,pending_clinical_signoff,claude_ua_04,2,442,499,56,,
knowledge_base/hosted/content/biomarker_actionability/bma_idh1_r132_cholangio.yaml,biomarker_actionability,evidence_summary,evidence_summary_ua,drafted_v2plus,pending_clinical_signoff,claude_ua_04,2,610,790,56,,
knowledge_base/hosted/content/biomarker_actionability/bma_idh1_r132_cholangio.yaml,biomarker_actionability,notes,notes_ua,drafted_v2plus,pending_clinical_signoff,claude_ua_04,2,393,455,56,,
knowledge_base/hosted/content/biomarker_actionability/bma_idh1_r132c_aml.yaml,biomarker_actionability,evidence_summary,evidence_summary_ua,drafted_v2plus,pending_clinical_signoff,claude_ua_04,2,91,102,56,,
knowledge_base/hosted/content/biomarker_actionability/bma_idh1_r132c_aml.yaml,biomarker_actionability,notes,notes_ua,drafted_v2plus,pending_clinical_signoff,claude_ua_04,2,127,161,56,,
knowledge_base/hosted/content/biomarker_actionability/bma_idh1_r132c_gbm.yaml,biomarker_actionability,evidence_summary,evidence_summary_ua,drafted_v2plus,pending_clinical_signoff,claude_ua_04,2,92,113,56,,
knowledge_base/hosted/content/biomarker_actionability/bma_idh1_r132c_gbm.yaml,biomarker_actionability,notes,notes_ua,drafted_v2plus,pending_clinical_signoff,claude_ua_04,2,66,88,56,,
knowledge_base/hosted/content/biomarker_actionability/bma_idh1_r132g_aml.yaml,biomarker_actionability,evidence_summary,evidence_summary_ua,drafted_v2plus,pending_clinical_signoff,claude_ua_04,2,51,91,56,,
knowledge_base/hosted/content/biomarker_actionability/bma_idh1_r132g_aml.yaml,biomarker_actionability,notes,notes_ua,drafted_v2plus,pending_clinical_signoff,claude_ua_04,2,127,161,56,,
knowledge_base/hosted/content/biomarker_actionability/bma_idh1_r132g_gbm.yaml,biomarker_actionability,evidence_summary,evidence_summary_ua,drafted_v2plus,pending_clinical_signoff,claude_ua_04,2,58,91,56,,
knowledge_base/hosted/content/biomarker_actionability/bma_idh1_r132g_gbm.yaml,biomarker_actionability,notes,notes_ua,drafted_v2plus,pending_clinical_signoff,claude_ua_04,2,11,11,56,,
knowledge_base/hosted/content/biomarker_actionability/bma_idh1_r132h_aml.yaml,biomarker_actionability,evidence_summary,evidence_summary_ua,drafted_v2plus,pending_clinical_signoff,claude_ua_04,2,246,410,56,,
knowledge_base/hosted/content/biomarker_actionability/bma_idh1_r132h_aml.yaml,biomarker_actionability,notes,notes_ua,drafted_v2plus,pending_clinical_signoff,claude_ua_04,2,127,161,56,,
knowledge_base/hosted/content/biomarker_actionability/bma_idh1_r132h_b_all.yaml,biomarker_actionability,evidence_summary,evidence_summary_ua,drafted_v2plus,pending_clinical_signoff,claude_ua_04,2,127,204,56,,
knowledge_base/hosted/content/biomarker_actionability/bma_idh1_r132h_b_all.yaml,biomarker_actionability,notes,notes_ua,drafted_v2plus,pending_clinical_signoff,claude_ua_04,2,10,10,56,,
knowledge_base/hosted/content/biomarker_actionability/bma_idh1_r132h_dlbcl_nos.yaml,biomarker_actionability,evidence_summary,evidence_summary_ua,drafted_v2plus,pending_clinical_signoff,claude_ua_04,2,109,152,56,,
knowledge_base/hosted/content/biomarker_actionability/bma_idh1_r132h_dlbcl_nos.yaml,biomarker_actionability,notes,notes_ua,drafted_v2plus,pending_clinical_signoff,claude_ua_04,2,10,10,56,,
knowledge_base/hosted/content/biomarker_actionability/bma_idh1_r132h_gbm.yaml,biomarker_actionability,evidence_summary,evidence_summary_ua,drafted_v2plus,pending_clinical_signoff,claude_ua_04,2,352,521,56,,
knowledge_base/hosted/content/biomarker_actionability/bma_idh1_r132h_gbm.yaml,biomarker_actionability,notes,notes_ua,drafted_v2plus,pending_clinical_signoff,claude_ua_04,2,183,225,56,,
knowledge_base/hosted/content/biomarker_actionability/bma_idh1_r132h_mds_hr.yaml,biomarker_actionability,evidence_summary,evidence_summary_ua,drafted_v2plus,pending_clinical_signoff,claude_ua_04,2,166,249,56,,
knowledge_base/hosted/content/biomarker_actionability/bma_idh1_r132h_mds_hr.yaml,biomarker_actionability,notes,notes_ua,drafted_v2plus,pending_clinical_signoff,claude_ua_04,2,11,11,56,,
knowledge_base/hosted/content/biomarker_actionability/bma_idh1_r132h_mds_lr.yaml,biomarker_actionability,evidence_summary,evidence_summary_ua,drafted_v2plus,pending_clinical_signoff,claude_ua_04,2,166,249,56,,
knowledge_base/hosted/content/biomarker_actionability/bma_idh1_r132h_mds_lr.yaml,biomarker_actionability,notes,notes_ua,drafted_v2plus,pending_clinical_signoff,claude_ua_04,2,11,11,56,,
knowledge_base/hosted/content/biomarker_actionability/bma_idh1_r132l_aml.yaml,biomarker_actionability,evidence_summary,evidence_summary_ua,drafted_v2plus,pending_clinical_signoff,claude_ua_04,2,40,66,56,,
knowledge_base/hosted/content/biomarker_actionability/bma_idh1_r132l_aml.yaml,biomarker_actionability,notes,notes_ua,drafted_v2plus,pending_clinical_signoff,claude_ua_04,2,127,161,56,,
knowledge_base/hosted/content/biomarker_actionability/bma_idh1_r132l_gbm.yaml,biomarker_actionability,evidence_summary,evidence_summary_ua,drafted_v2plus,pending_clinical_signoff,claude_ua_04,2,37,67,56,,
knowledge_base/hosted/content/biomarker_actionability/bma_idh1_r132l_gbm.yaml,biomarker_actionability,notes,notes_ua,drafted_v2plus,pending_clinical_signoff,claude_ua_04,2,11,11,56,,
knowledge_base/hosted/content/biomarker_actionability/bma_idh1_r132s_aml.yaml,biomarker_actionability,evidence_summary,evidence_summary_ua,drafted_v2plus,pending_clinical_signoff,claude_ua_04,2,40,66,56,,
knowledge_base/hosted/content/biomarker_actionability/bma_idh1_r132s_aml.yaml,biomarker_actionability,notes,notes_ua,drafted_v2plus,pending_clinical_signoff,claude_ua_04,2,127,161,56,,
knowledge_base/hosted/content/biomarker_actionability/bma_idh1_r132s_gbm.yaml,biomarker_actionability,evidence_summary,evidence_summary_ua,drafted_v2plus,pending_clinical_signoff,claude_ua_04,2,37,67,56,,
knowledge_base/hosted/content/biomarker_actionability/bma_idh1_r132s_gbm.yaml,biomarker_actionability,notes,notes_ua,drafted_v2plus,pending_clinical_signoff,claude_ua_04,2,11,11,56,,
knowledge_base/hosted/content/biomarker_actionability/bma_idh2_r140q_aitl.yaml,biomarker_actionability,evidence_summary,evidence_summary_ua,drafted_v2plus,pending_clinical_signoff,claude_ua_04,2,140,257,56,,
knowledge_base/hosted/content/biomarker_actionability/bma_idh2_r140q_aitl.yaml,biomarker_actionability,notes,notes_ua,drafted_v2plus,pending_clinical_signoff,claude_ua_04,2,35,48,56,,
knowledge_base/hosted/content/biomarker_actionability/bma_idh2_r140q_aml.yaml,biomarker_actionability,evidence_summary,evidence_summary_ua,drafted_v2plus,pending_clinical_signoff,claude_ua_04,2,222,399,56,,
knowledge_base/hosted/content/biomarker_actionability/bma_idh2_r140q_aml.yaml,biomarker_actionability,notes,notes_ua,drafted_v2plus,pending_clinical_signoff,claude_ua_04,2,68,81,56,,
knowledge_base/hosted/content/biomarker_actionability/bma_idh2_r140q_dlbcl_nos.yaml,biomarker_actionability,evidence_summary,evidence_summary_ua,drafted_v2plus,pending_clinical_signoff,claude_ua_04,2,109,152,56,,
knowledge_base/hosted/content/biomarker_actionability/bma_idh2_r140q_dlbcl_nos.yaml,biomarker_actionability,notes,notes_ua,drafted_v2plus,pending_clinical_signoff,claude_ua_04,2,10,10,56,,
knowledge_base/hosted/content/biomarker_actionability/bma_idh2_r140q_mds_hr.yaml,biomarker_actionability,evidence_summary,evidence_summary_ua,drafted_v2plus,pending_clinical_signoff,claude_ua_04,2,230,308,56,,
knowledge_base/hosted/content/biomarker_actionability/bma_idh2_r140q_mds_hr.yaml,biomarker_actionability,notes,notes_ua,drafted_v2plus,pending_clinical_signoff,claude_ua_04,2,111,178,56,,
knowledge_base/hosted/content/biomarker_actionability/bma_idh2_r140q_mds_lr.yaml,biomarker_actionability,evidence_summary,evidence_summary_ua,drafted_v2plus,pending_clinical_signoff,claude_ua_04,2,230,308,56,,
knowledge_base/hosted/content/biomarker_actionability/bma_idh2_r140q_mds_lr.yaml,biomarker_actionability,notes,notes_ua,drafted_v2plus,pending_clinical_signoff,claude_ua_04,2,111,178,56,,
knowledge_base/hosted/content/biomarker_actionability/bma_idh2_r140q_t_all.yaml,biomarker_actionability,evidence_summary,evidence_summary_ua,drafted_v2plus,pending_clinical_signoff,claude_ua_04,2,97,193,56,,
knowledge_base/hosted/content/biomarker_actionability/bma_idh2_r140q_t_all.yaml,biomarker_actionability,notes,notes_ua,drafted_v2plus,pending_clinical_signoff,claude_ua_04,2,10,10,56,,
knowledge_base/hosted/content/biomarker_actionability/bma_idh2_r172k_aitl.yaml,biomarker_actionability,evidence_summary,evidence_summary_ua,drafted_v2plus,pending_clinical_signoff,claude_ua_04,2,216,308,56,,
knowledge_base/hosted/content/biomarker_actionability/bma_idh2_r172k_aitl.yaml,biomarker_actionability,notes,notes_ua,drafted_v2plus,pending_clinical_signoff,claude_ua_04,2,94,110,56,,
knowledge_base/hosted/content/biomarker_actionability/bma_idh2_r172k_aml.yaml,biomarker_actionability,evidence_summary,evidence_summary_ua,drafted_v2plus,pending_clinical_signoff,claude_ua_04,2,82,115,56,,
knowledge_base/hosted/content/biomarker_actionability/bma_idh2_r172k_aml.yaml,biomarker_actionability,notes,notes_ua,drafted_v2plus,pending_clinical_signoff,claude_ua_04,2,68,81,56,,
knowledge_base/hosted/content/biomarker_actionability/bma_idh2_r172k_mds_hr.yaml,biomarker_actionability,evidence_summary,evidence_summary_ua,drafted_v2plus,pending_clinical_signoff,claude_ua_04,2,56,93,56,,
knowledge_base/hosted/content/biomarker_actionability/bma_idh2_r172k_mds_hr.yaml,biomarker_actionability,notes,notes_ua,drafted_v2plus,pending_clinical_signoff,claude_ua_04,2,29,43,56,,
knowledge_base/hosted/content/biomarker_actionability/bma_idh2_r172k_mds_lr.yaml,biomarker_actionability,evidence_summary,evidence_summary_ua,drafted_v2plus,pending_clinical_signoff,claude_ua_04,2,56,93,56,,
knowledge_base/hosted/content/biomarker_actionability/bma_idh2_r172k_mds_lr.yaml,biomarker_actionability,notes,notes_ua,drafted_v2plus,pending_clinical_signoff,claude_ua_04,2,29,43,56,,
knowledge_base/hosted/content/biomarker_actionability/bma_idh_mutation_glioma_low_grade.yaml,biomarker_actionability,evidence_summary,evidence_summary_ua,drafted_v2plus,pending_clinical_signoff,claude_ua_04,2,893,1021,56,,
knowledge_base/hosted/content/biomarker_actionability/bma_idh_mutation_glioma_low_grade.yaml,biomarker_actionability,notes,notes_ua,drafted_v2plus,pending_clinical_signoff,claude_ua_04,2,592,775,56,,
knowledge_base/hosted/content/biomarker_actionability/bma_ighv_unmutated_cll.yaml,biomarker_actionability,evidence_summary,evidence_summary_ua,drafted_v2plus,pending_clinical_signoff,claude_ua_04,2,760,946,56,,
knowledge_base/hosted/content/biomarker_actionability/bma_ighv_unmutated_cll.yaml,biomarker_actionability,notes,notes_ua,drafted_v2plus,pending_clinical_signoff,claude_ua_04,2,477,585,56,,
knowledge_base/hosted/content/biomarker_actionability/bma_jak2_v617f_et.yaml,biomarker_actionability,evidence_summary,evidence_summary_ua,drafted_v2plus,pending_clinical_signoff,claude_ua_04,2,595,731,56,,
knowledge_base/hosted/content/biomarker_actionability/bma_jak2_v617f_et.yaml,biomarker_actionability,notes,notes_ua,drafted_v2plus,pending_clinical_signoff,claude_ua_04,2,314,337,56,,
knowledge_base/hosted/content/biomarker_actionability/bma_jak2_v617f_pmf.yaml,biomarker_actionability,evidence_summary,evidence_summary_ua,drafted_v2plus,pending_clinical_signoff,claude_ua_04,2,787,988,56,,
knowledge_base/hosted/content/biomarker_actionability/bma_jak2_v617f_pmf.yaml,biomarker_actionability,notes,notes_ua,drafted_v2plus,pending_clinical_signoff,claude_ua_04,2,390,430,56,,
knowledge_base/hosted/content/biomarker_actionability/bma_jak2_v617f_pv.yaml,biomarker_actionability,evidence_summary,evidence_summary_ua,drafted_v2plus,pending_clinical_signoff,claude_ua_04,2,653,865,56,,
knowledge_base/hosted/content/biomarker_actionability/bma_jak2_v617f_pv.yaml,biomarker_actionability,notes,notes_ua,drafted_v2plus,pending_clinical_signoff,claude_ua_04,2,573,607,56,,
knowledge_base/hosted/content/biomarker_actionability/bma_jak3_atll.yaml,biomarker_actionability,evidence_summary,evidence_summary_ua,drafted_v2plus,pending_clinical_signoff,claude_ua_04,2,906,1058,56,,
knowledge_base/hosted/content/biomarker_actionability/bma_jak3_atll.yaml,biomarker_actionability,notes,notes_ua,drafted_v2plus,pending_clinical_signoff,claude_ua_04,2,767,942,56,,
knowledge_base/hosted/content/biomarker_actionability/bma_jak3_ctcl.yaml,biomarker_actionability,evidence_summary,evidence_summary_ua,drafted_v2plus,pending_clinical_signoff,claude_ua_04,2,1054,1231,56,,
knowledge_base/hosted/content/biomarker_actionability/bma_jak3_ctcl.yaml,biomarker_actionability,notes,notes_ua,drafted_v2plus,pending_clinical_signoff,claude_ua_04,2,750,872,56,,
knowledge_base/hosted/content/biomarker_actionability/bma_kdr_nsclc.yaml,biomarker_actionability,evidence_summary,evidence_summary_ua,drafted_v2plus,pending_clinical_signoff,claude_ua_04,2,1266,1457,56,,
knowledge_base/hosted/content/biomarker_actionability/bma_kdr_nsclc.yaml,biomarker_actionability,notes,notes_ua,drafted_v2plus,pending_clinical_signoff,claude_ua_04,2,751,784,56,,
knowledge_base/hosted/content/biomarker_actionability/bma_kit_d816v_gist.yaml,biomarker_actionability,evidence_summary,evidence_summary_ua,drafted_v2plus,pending_clinical_signoff,claude_ua_04,2,401,516,56,,
knowledge_base/hosted/content/biomarker_actionability/bma_kit_d816v_gist.yaml,biomarker_actionability,notes,notes_ua,drafted_v2plus,pending_clinical_signoff,claude_ua_04,2,221,237,56,,
knowledge_base/hosted/content/biomarker_actionability/bma_kit_d816v_mastocytosis.yaml,biomarker_actionability,evidence_summary,evidence_summary_ua,drafted_v2plus,pending_clinical_signoff,claude_ua_04,2,446,480,56,,
knowledge_base/hosted/content/biomarker_actionability/bma_kit_d816v_mastocytosis.yaml,biomarker_actionability,notes,notes_ua,drafted_v2plus,pending_clinical_signoff,claude_ua_04,2,289,297,56,,
knowledge_base/hosted/content/biomarker_actionability/bma_kit_exon11_gist.yaml,biomarker_actionability,evidence_summary,evidence_summary_ua,drafted_v2plus,pending_clinical_signoff,claude_ua_04,2,331,461,56,,
knowledge_base/hosted/content/biomarker_actionability/bma_kit_exon11_gist.yaml,biomarker_actionability,notes,notes_ua,drafted_v2plus,pending_clinical_signoff,claude_ua_04,2,401,469,56,,
knowledge_base/hosted/content/biomarker_actionability/bma_kit_exon13_17_gist.yaml,biomarker_actionability,evidence_summary,evidence_summary_ua,drafted_v2plus,pending_clinical_signoff,claude_ua_04,2,363,434,56,,
knowledge_base/hosted/content/biomarker_actionability/bma_kit_exon13_17_gist.yaml,biomarker_actionability,notes,notes_ua,drafted_v2plus,pending_clinical_signoff,claude_ua_04,2,264,297,56,,
knowledge_base/hosted/content/biomarker_actionability/bma_kit_exon9_gist.yaml,biomarker_actionability,evidence_summary,evidence_summary_ua,drafted_v2plus,pending_clinical_signoff,claude_ua_04,2,273,389,56,,
knowledge_base/hosted/content/biomarker_actionability/bma_kit_exon9_gist.yaml,biomarker_actionability,notes,notes_ua,drafted_v2plus,pending_clinical_signoff,claude_ua_04,2,289,357,56,,
knowledge_base/hosted/content/biomarker_actionability/bma_kit_mutation_aml.yaml,biomarker_actionability,evidence_summary,evidence_summary_ua,drafted_v2plus,pending_clinical_signoff,claude_ua_04,2,449,537,56,,
knowledge_base/hosted/content/biomarker_actionability/bma_kit_mutation_aml.yaml,biomarker_actionability,notes,notes_ua,drafted_v2plus,pending_clinical_signoff,claude_ua_04,2,263,313,56,,
knowledge_base/hosted/content/biomarker_actionability/bma_kit_mutation_melanoma.yaml,biomarker_actionability,evidence_summary,evidence_summary_ua,drafted_v2plus,pending_clinical_signoff,claude_ua_04,2,434,485,56,,
knowledge_base/hosted/content/biomarker_actionability/bma_kit_mutation_melanoma.yaml,biomarker_actionability,notes,notes_ua,drafted_v2plus,pending_clinical_signoff,claude_ua_04,2,231,253,56,,
knowledge_base/hosted/content/biomarker_actionability/bma_kmt2a_rearr_aml.yaml,biomarker_actionability,evidence_summary,evidence_summary_ua,drafted_v2plus,pending_clinical_signoff,claude_ua_04,2,894,996,56,,
knowledge_base/hosted/content/biomarker_actionability/bma_kmt2a_rearr_aml.yaml,biomarker_actionability,notes,notes_ua,drafted_v2plus,pending_clinical_signoff,claude_ua_04,2,685,721,56,,
knowledge_base/hosted/content/biomarker_actionability/bma_kmt2a_rearr_b_all.yaml,biomarker_actionability,evidence_summary,evidence_summary_ua,drafted_v2plus,pending_clinical_signoff,claude_ua_04,2,798,927,56,,
knowledge_base/hosted/content/biomarker_actionability/bma_kmt2a_rearr_b_all.yaml,biomarker_actionability,notes,notes_ua,drafted_v2plus,pending_clinical_signoff,claude_ua_04,2,561,634,56,,
knowledge_base/hosted/content/biomarker_actionability/bma_kras_a146t_crc.yaml,biomarker_actionability,evidence_summary,evidence_summary_ua,drafted_v2plus,pending_clinical_signoff,claude_ua_04,2,75,103,56,,
knowledge_base/hosted/content/biomarker_actionability/bma_kras_a146t_crc.yaml,biomarker_actionability,notes,notes_ua,drafted_v2plus,pending_clinical_signoff,claude_ua_04,2,145,144,56,,
knowledge_base/hosted/content/biomarker_actionability/bma_kras_a146t_nsclc.yaml,biomarker_actionability,evidence_summary,evidence_summary_ua,drafted_v2plus,pending_clinical_signoff,claude_ua_04,2,58,76,56,,
knowledge_base/hosted/content/biomarker_actionability/bma_kras_a146t_nsclc.yaml,biomarker_actionability,notes,notes_ua,drafted_v2plus,pending_clinical_signoff,claude_ua_04,2,68,65,56,,
knowledge_base/hosted/content/biomarker_actionability/bma_kras_a146t_pdac.yaml,biomarker_actionability,evidence_summary,evidence_summary_ua,drafted_v2plus,pending_clinical_signoff,claude_ua_04,2,57,76,56,,
knowledge_base/hosted/content/biomarker_actionability/bma_kras_a146t_pdac.yaml,biomarker_actionability,notes,notes_ua,drafted_v2plus,pending_clinical_signoff,claude_ua_04,2,68,65,56,,
knowledge_base/hosted/content/biomarker_actionability/bma_kras_exon3_crc.yaml,biomarker_actionability,evidence_summary,evidence_summary_ua,drafted_v2plus,pending_clinical_signoff,claude_ua_04,2,148,231,56,,
knowledge_base/hosted/content/biomarker_actionability/bma_kras_exon3_crc.yaml,biomarker_actionability,notes,notes_ua,drafted_v2plus,pending_clinical_signoff,claude_ua_04,2,69,82,56,,
knowledge_base/hosted/content/biomarker_actionability/bma_kras_exon4_crc.yaml,biomarker_actionability,evidence_summary,evidence_summary_ua,drafted_v2plus,pending_clinical_signoff,claude_ua_04,2,150,233,56,,
knowledge_base/hosted/content/biomarker_actionability/bma_kras_exon4_crc.yaml,biomarker_actionability,notes,notes_ua,drafted_v2plus,pending_clinical_signoff,claude_ua_04,2,69,82,56,,
knowledge_base/hosted/content/biomarker_actionability/bma_kras_g12c_crc.yaml,biomarker_actionability,evidence_summary,evidence_summary_ua,drafted_v2plus,pending_clinical_signoff,claude_ua_04,2,314,439,56,,
knowledge_base/hosted/content/biomarker_actionability/bma_kras_g12c_crc.yaml,biomarker_actionability,notes,notes_ua,drafted_v2plus,pending_clinical_signoff,claude_ua_04,2,108,126,56,,
knowledge_base/hosted/content/biomarker_actionability/bma_kras_g12c_endometrial.yaml,biomarker_actionability,evidence_summary,evidence_summary_ua,drafted_v2plus,pending_clinical_signoff,claude_ua_04,2,214,271,56,,
knowledge_base/hosted/content/biomarker_actionability/bma_kras_g12c_endometrial.yaml,biomarker_actionability,notes,notes_ua,drafted_v2plus,pending_clinical_signoff,claude_ua_04,2,59,72,56,,
knowledge_base/hosted/content/biomarker_actionability/bma_kras_g12c_gastric.yaml,biomarker_actionability,evidence_summary,evidence_summary_ua,drafted_v2plus,pending_clinical_signoff,claude_ua_04,2,92,202,56,,
knowledge_base/hosted/content/biomarker_actionability/bma_kras_g12c_gastric.yaml,biomarker_actionability,notes,notes_ua,drafted_v2plus,pending_clinical_signoff,claude_ua_04,2,12,12,56,,
knowledge_base/hosted/content/biomarker_actionability/bma_kras_g12c_hcc.yaml,biomarker_actionability,evidence_summary,evidence_summary_ua,drafted_v2plus,pending_clinical_signoff,claude_ua_04,2,69,131,56,,
knowledge_base/hosted/content/biomarker_actionability/bma_kras_g12c_hcc.yaml,biomarker_actionability,notes,notes_ua,drafted_v2plus,pending_clinical_signoff,claude_ua_04,2,10,10,56,,
knowledge_base/hosted/content/biomarker_actionability/bma_kras_g12c_mm.yaml,biomarker_actionability,evidence_summary,evidence_summary_ua,drafted_v2plus,pending_clinical_signoff,claude_ua_04,2,121,210,56,,
knowledge_base/hosted/content/biomarker_actionability/bma_kras_g12c_mm.yaml,biomarker_actionability,notes,notes_ua,drafted_v2plus,pending_clinical_signoff,claude_ua_04,2,67,64,56,,
knowledge_base/hosted/content/biomarker_actionability/bma_kras_g12c_nsclc.yaml,biomarker_actionability,evidence_summary,evidence_summary_ua,drafted_v2plus,pending_clinical_signoff,claude_ua_04,2,270,357,56,,
knowledge_base/hosted/content/biomarker_actionability/bma_kras_g12c_nsclc.yaml,biomarker_actionability,notes,notes_ua,drafted_v2plus,pending_clinical_signoff,claude_ua_04,2,124,139,56,,
knowledge_base/hosted/content/biomarker_actionability/bma_kras_g12c_ovarian.yaml,biomarker_actionability,evidence_summary,evidence_summary_ua,drafted_v2plus,pending_clinical_signoff,claude_ua_04,2,220,301,56,,
knowledge_base/hosted/content/biomarker_actionability/bma_kras_g12c_ovarian.yaml,biomarker_actionability,notes,notes_ua,drafted_v2plus,pending_clinical_signoff,claude_ua_04,2,101,109,56,,
knowledge_base/hosted/content/biomarker_actionability/bma_kras_g12c_pdac.yaml,biomarker_actionability,evidence_summary,evidence_summary_ua,drafted_v2plus,pending_clinical_signoff,claude_ua_04,2,237,327,56,,
knowledge_base/hosted/content/biomarker_actionability/bma_kras_g12c_pdac.yaml,biomarker_actionability,notes,notes_ua,drafted_v2plus,pending_clinical_signoff,claude_ua_04,2,112,127,56,,
knowledge_base/hosted/content/biomarker_actionability/bma_kras_g12d_crc.yaml,biomarker_actionability,evidence_summary,evidence_summary_ua,drafted_v2plus,pending_clinical_signoff,claude_ua_04,2,136,230,56,,
knowledge_base/hosted/content/biomarker_actionability/bma_kras_g12d_crc.yaml,biomarker_actionability,notes,notes_ua,drafted_v2plus,pending_clinical_signoff,claude_ua_04,2,143,142,56,,
knowledge_base/hosted/content/biomarker_actionability/bma_kras_g12d_endometrial.yaml,biomarker_actionability,evidence_summary,evidence_summary_ua,drafted_v2plus,pending_clinical_signoff,claude_ua_04,2,81,107,56,,
knowledge_base/hosted/content/biomarker_actionability/bma_kras_g12d_endometrial.yaml,biomarker_actionability,notes,notes_ua,drafted_v2plus,pending_clinical_signoff,claude_ua_04,2,67,64,56,,
knowledge_base/hosted/content/biomarker_actionability/bma_kras_g12d_gastric.yaml,biomarker_actionability,evidence_summary,evidence_summary_ua,drafted_v2plus,pending_clinical_signoff,claude_ua_04,2,53,63,56,,
knowledge_base/hosted/content/biomarker_actionability/bma_kras_g12d_gastric.yaml,biomarker_actionability,notes,notes_ua,drafted_v2plus,pending_clinical_signoff,claude_ua_04,2,10,10,56,,
knowledge_base/hosted/content/biomarker_actionability/bma_kras_g12d_nsclc.yaml,biomarker_actionability,evidence_summary,evidence_summary_ua,drafted_v2plus,pending_clinical_signoff,claude_ua_04,2,137,175,56,,
knowledge_base/hosted/content/biomarker_actionability/bma_kras_g12d_nsclc.yaml,biomarker_actionability,notes,notes_ua,drafted_v2plus,pending_clinical_signoff,claude_ua_04,2,143,142,56,,
knowledge_base/hosted/content/biomarker_actionability/bma_kras_g12d_ovarian.yaml,biomarker_actionability,evidence_summary,evidence_summary_ua,drafted_v2plus,pending_clinical_signoff,claude_ua_04,2,90,158,56,,
knowledge_base/hosted/content/biomarker_actionability/bma_kras_g12d_ovarian.yaml,biomarker_actionability,notes,notes_ua,drafted_v2plus,pending_clinical_signoff,claude_ua_04,2,69,66,56,,
knowledge_base/hosted/content/biomarker_actionability/bma_kras_g12d_pdac.yaml,biomarker_actionability,evidence_summary,evidence_summary_ua,drafted_v2plus,pending_clinical_signoff,claude_ua_04,2,206,256,56,,
knowledge_base/hosted/content/biomarker_actionability/bma_kras_g12d_pdac.yaml,biomarker_actionability,notes,notes_ua,drafted_v2plus,pending_clinical_signoff,claude_ua_04,2,144,143,56,,
knowledge_base/hosted/content/biomarker_actionability/bma_kras_g12v_crc.yaml,biomarker_actionability,evidence_summary,evidence_summary_ua,drafted_v2plus,pending_clinical_signoff,claude_ua_04,2,104,129,56,,
knowledge_base/hosted/content/biomarker_actionability/bma_kras_g12v_crc.yaml,biomarker_actionability,notes,notes_ua,drafted_v2plus,pending_clinical_signoff,claude_ua_04,2,143,142,56,,
knowledge_base/hosted/content/biomarker_actionability/bma_kras_g12v_endometrial.yaml,biomarker_actionability,evidence_summary,evidence_summary_ua,drafted_v2plus,pending_clinical_signoff,claude_ua_04,2,61,77,56,,
knowledge_base/hosted/content/biomarker_actionability/bma_kras_g12v_endometrial.yaml,biomarker_actionability,notes,notes_ua,drafted_v2plus,pending_clinical_signoff,claude_ua_04,2,67,64,56,,
knowledge_base/hosted/content/biomarker_actionability/bma_kras_g12v_nsclc.yaml,biomarker_actionability,evidence_summary,evidence_summary_ua,drafted_pending,pending_clinical_signoff,claude_extraction,1,1069,595,58,,
knowledge_base/hosted/content/biomarker_actionability/bma_kras_g12v_nsclc.yaml,biomarker_actionability,notes,notes_ua,missing,pending_clinical_signoff,claude_extraction,1,773,0,58,,
knowledge_base/hosted/content/biomarker_actionability/bma_kras_g12v_ovarian.yaml,biomarker_actionability,evidence_summary,evidence_summary_ua,drafted_v2plus,pending_clinical_signoff,claude_ua_04,2,81,106,56,,
knowledge_base/hosted/content/biomarker_actionability/bma_kras_g12v_ovarian.yaml,biomarker_actionability,notes,notes_ua,drafted_v2plus,pending_clinical_signoff,claude_ua_04,2,67,64,56,,
knowledge_base/hosted/content/biomarker_actionability/bma_kras_g12v_pdac.yaml,biomarker_actionability,evidence_summary,evidence_summary_ua,drafted_v2plus,pending_clinical_signoff,claude_ua_04,2,118,172,56,,
knowledge_base/hosted/content/biomarker_actionability/bma_kras_g12v_pdac.yaml,biomarker_actionability,notes,notes_ua,drafted_v2plus,pending_clinical_signoff,claude_ua_04,2,143,142,56,,
knowledge_base/hosted/content/biomarker_actionability/bma_kras_g12x_crc.yaml,biomarker_actionability,evidence_summary,evidence_summary_ua,drafted_pending,pending_clinical_signoff,claude_extraction,1,139,139,60,,
knowledge_base/hosted/content/biomarker_actionability/bma_kras_g12x_crc.yaml,biomarker_actionability,notes,notes_ua,missing,pending_clinical_signoff,claude_extraction,1,69,0,60,,
knowledge_base/hosted/content/biomarker_actionability/bma_kras_g13d_crc.yaml,biomarker_actionability,evidence_summary,evidence_summary_ua,drafted_pending,pending_clinical_signoff,claude_extraction,1,162,163,60,,
knowledge_base/hosted/content/biomarker_actionability/bma_kras_g13d_crc.yaml,biomarker_actionability,notes,notes_ua,missing,pending_clinical_signoff,claude_extraction,1,143,0,60,,
knowledge_base/hosted/content/biomarker_actionability/bma_kras_g13d_nsclc.yaml,biomarker_actionability,evidence_summary,evidence_summary_ua,drafted_pending,pending_clinical_signoff,claude_extraction,1,79,80,60,,
knowledge_base/hosted/content/biomarker_actionability/bma_kras_g13d_nsclc.yaml,biomarker_actionability,notes,notes_ua,missing,pending_clinical_signoff,claude_extraction,1,67,0,60,,
knowledge_base/hosted/content/biomarker_actionability/bma_kras_g13x_crc.yaml,biomarker_actionability,evidence_summary,evidence_summary_ua,drafted_pending,pending_clinical_signoff,claude_extraction,1,148,148,60,,
knowledge_base/hosted/content/biomarker_actionability/bma_kras_g13x_crc.yaml,biomarker_actionability,notes,notes_ua,missing,pending_clinical_signoff,claude_extraction,1,69,0,60,,
knowledge_base/hosted/content/biomarker_actionability/bma_kras_q61_crc.yaml,biomarker_actionability,evidence_summary,evidence_summary_ua,drafted_pending,pending_clinical_signoff,claude_extraction,1,139,139,60,,
knowledge_base/hosted/content/biomarker_actionability/bma_kras_q61_crc.yaml,biomarker_actionability,notes,notes_ua,missing,pending_clinical_signoff,claude_extraction,1,69,0,60,,
knowledge_base/hosted/content/biomarker_actionability/bma_kras_q61_melanoma.yaml,biomarker_actionability,evidence_summary,evidence_summary_ua,drafted_pending,pending_clinical_signoff,claude_extraction,1,164,178,60,,
knowledge_base/hosted/content/biomarker_actionability/bma_kras_q61_melanoma.yaml,biomarker_actionability,notes,notes_ua,missing,pending_clinical_signoff,claude_extraction,1,144,0,60,,
knowledge_base/hosted/content/biomarker_actionability/bma_kras_q61_nsclc.yaml,biomarker_actionability,evidence_summary,evidence_summary_ua,drafted_pending,pending_clinical_signoff,claude_extraction,1,50,51,60,,
knowledge_base/hosted/content/biomarker_actionability/bma_kras_q61_nsclc.yaml,biomarker_actionability,notes,notes_ua,missing,pending_clinical_signoff,claude_extraction,1,67,0,60,,
knowledge_base/hosted/content/biomarker_actionability/bma_kras_q61_pdac.yaml,biomarker_actionability,evidence_summary,evidence_summary_ua,drafted_pending,pending_clinical_signoff,claude_extraction,1,75,87,60,,
knowledge_base/hosted/content/biomarker_actionability/bma_kras_q61_pdac.yaml,biomarker_actionability,notes,notes_ua,missing,pending_clinical_signoff,claude_extraction,1,67,0,60,,
knowledge_base/hosted/content/biomarker_actionability/bma_map2k1_hcl.yaml,biomarker_actionability,evidence_summary,evidence_summary_ua,drafted_v2plus,pending_clinical_signoff,claude_ua_04b,2,878,1112,56,,
knowledge_base/hosted/content/biomarker_actionability/bma_map2k1_hcl.yaml,biomarker_actionability,notes,notes_ua,drafted_v2plus,pending_clinical_signoff,claude_ua_04b,2,647,793,56,,
knowledge_base/hosted/content/biomarker_actionability/bma_map2k1_lgg.yaml,biomarker_actionability,evidence_summary,evidence_summary_ua,drafted_v2plus,pending_clinical_signoff,claude_ua_04b,2,1000,1128,56,,
knowledge_base/hosted/content/biomarker_actionability/bma_map2k1_lgg.yaml,biomarker_actionability,notes,notes_ua,drafted_v2plus,pending_clinical_signoff,claude_ua_04b,2,669,674,56,,
knowledge_base/hosted/content/biomarker_actionability/bma_met_amp_gastric.yaml,biomarker_actionability,evidence_summary,evidence_summary_ua,drafted_v2plus,pending_clinical_signoff,claude_ua_04b,2,313,394,56,,
knowledge_base/hosted/content/biomarker_actionability/bma_met_amp_gastric.yaml,biomarker_actionability,notes,notes_ua,drafted_v2plus,pending_clinical_signoff,claude_ua_04b,2,216,270,56,,
knowledge_base/hosted/content/biomarker_actionability/bma_met_amp_hcc.yaml,biomarker_actionability,evidence_summary,evidence_summary_ua,drafted_v2plus,pending_clinical_signoff,claude_ua_04b,2,256,348,56,,
knowledge_base/hosted/content/biomarker_actionability/bma_met_amp_hcc.yaml,biomarker_actionability,notes,notes_ua,drafted_v2plus,pending_clinical_signoff,claude_ua_04b,2,200,226,56,,
knowledge_base/hosted/content/biomarker_actionability/bma_met_amp_nsclc.yaml,biomarker_actionability,evidence_summary,evidence_summary_ua,drafted_v2plus,pending_clinical_signoff,claude_ua_04b,2,362,541,56,,
knowledge_base/hosted/content/biomarker_actionability/bma_met_amp_nsclc.yaml,biomarker_actionability,notes,notes_ua,missing,pending_clinical_signoff,claude_ua_04b,2,295,0,56,,
knowledge_base/hosted/content/biomarker_actionability/bma_met_amp_rcc_papillary.yaml,biomarker_actionability,evidence_summary,evidence_summary_ua,drafted_v2plus,pending_clinical_signoff,claude_ua_04b,2,325,502,56,,
knowledge_base/hosted/content/biomarker_actionability/bma_met_amp_rcc_papillary.yaml,biomarker_actionability,notes,notes_ua,missing,pending_clinical_signoff,claude_ua_04b,2,246,0,56,,
knowledge_base/hosted/content/biomarker_actionability/bma_met_ex14_nsclc.yaml,biomarker_actionability,evidence_summary,evidence_summary_ua,drafted_v2plus,pending_clinical_signoff,claude_ua_04b,2,309,424,56,,
knowledge_base/hosted/content/biomarker_actionability/bma_met_ex14_nsclc.yaml,biomarker_actionability,notes,notes_ua,missing,pending_clinical_signoff,claude_ua_04b,2,214,0,56,,
knowledge_base/hosted/content/biomarker_actionability/bma_metanephrines_pheo_vhl_men2_surveillance.yaml,biomarker_actionability,evidence_summary,evidence_summary_ua,missing,,,,873,0,49,,
knowledge_base/hosted/content/biomarker_actionability/bma_metanephrines_pheo_vhl_men2_surveillance.yaml,biomarker_actionability,notes,notes_ua,missing,,,,489,0,49,,
knowledge_base/hosted/content/biomarker_actionability/bma_mgmt_methylation_gbm.yaml,biomarker_actionability,evidence_summary,evidence_summary_ua,drafted_v2plus,pending_clinical_signoff,claude_ua_04b,2,767,980,56,,
knowledge_base/hosted/content/biomarker_actionability/bma_mgmt_methylation_gbm.yaml,biomarker_actionability,notes,notes_ua,drafted_v2plus,pending_clinical_signoff,claude_ua_04b,2,741,827,56,,
knowledge_base/hosted/content/biomarker_actionability/bma_mlh1_germline_crc.yaml,biomarker_actionability,evidence_summary,evidence_summary_ua,drafted_v2plus,pending_clinical_signoff,claude_ua_04b,2,507,699,56,,
knowledge_base/hosted/content/biomarker_actionability/bma_mlh1_germline_crc.yaml,biomarker_actionability,notes,notes_ua,drafted_v2plus,pending_clinical_signoff,claude_ua_04b,2,173,235,56,,
knowledge_base/hosted/content/biomarker_actionability/bma_mlh1_germline_endometrial.yaml,biomarker_actionability,evidence_summary,evidence_summary_ua,drafted_v2plus,pending_clinical_signoff,claude_ua_04b,2,463,653,56,,
knowledge_base/hosted/content/biomarker_actionability/bma_mlh1_germline_endometrial.yaml,biomarker_actionability,notes,notes_ua,drafted_v2plus,pending_clinical_signoff,claude_ua_04b,2,173,235,56,,
knowledge_base/hosted/content/biomarker_actionability/bma_mlh1_germline_gastric.yaml,biomarker_actionability,evidence_summary,evidence_summary_ua,drafted_v2plus,pending_clinical_signoff,claude_ua_04b,2,416,603,56,,
knowledge_base/hosted/content/biomarker_actionability/bma_mlh1_germline_gastric.yaml,biomarker_actionability,notes,notes_ua,drafted_v2plus,pending_clinical_signoff,claude_ua_04b,2,173,235,56,,
knowledge_base/hosted/content/biomarker_actionability/bma_mlh1_germline_ovarian.yaml,biomarker_actionability,evidence_summary,evidence_summary_ua,drafted_v2plus,pending_clinical_signoff,claude_ua_04b,2,317,470,56,,
knowledge_base/hosted/content/biomarker_actionability/bma_mlh1_germline_ovarian.yaml,biomarker_actionability,notes,notes_ua,drafted_v2plus,pending_clinical_signoff,claude_ua_04b,2,173,235,56,,
knowledge_base/hosted/content/biomarker_actionability/bma_mlh1_germline_prostate.yaml,biomarker_actionability,evidence_summary,evidence_summary_ua,drafted_v2plus,pending_clinical_signoff,claude_ua_04b,2,335,521,56,,
knowledge_base/hosted/content/biomarker_actionability/bma_mlh1_germline_prostate.yaml,biomarker_actionability,notes,notes_ua,drafted_v2plus,pending_clinical_signoff,claude_ua_04b,2,173,235,56,,
knowledge_base/hosted/content/biomarker_actionability/bma_mlh1_germline_urothelial.yaml,biomarker_actionability,evidence_summary,evidence_summary_ua,drafted_v2plus,pending_clinical_signoff,claude_ua_04b,2,306,436,56,,
knowledge_base/hosted/content/biomarker_actionability/bma_mlh1_germline_urothelial.yaml,biomarker_actionability,notes,notes_ua,drafted_v2plus,pending_clinical_signoff,claude_ua_04b,2,173,235,56,,
knowledge_base/hosted/content/biomarker_actionability/bma_mlh1_somatic_crc.yaml,biomarker_actionability,evidence_summary,evidence_summary_ua,drafted_v2plus,pending_clinical_signoff,claude_ua_04b,2,506,696,56,,
knowledge_base/hosted/content/biomarker_actionability/bma_mlh1_somatic_crc.yaml,biomarker_actionability,notes,notes_ua,drafted_v2plus,pending_clinical_signoff,claude_ua_04b,2,204,282,56,,
knowledge_base/hosted/content/biomarker_actionability/bma_mlh1_somatic_endometrial.yaml,biomarker_actionability,evidence_summary,evidence_summary_ua,drafted_v2plus,pending_clinical_signoff,claude_ua_04b,2,462,650,56,,
knowledge_base/hosted/content/biomarker_actionability/bma_mlh1_somatic_endometrial.yaml,biomarker_actionability,notes,notes_ua,drafted_v2plus,pending_clinical_signoff,claude_ua_04b,2,204,282,56,,
knowledge_base/hosted/content/biomarker_actionability/bma_mlh1_somatic_gastric.yaml,biomarker_actionability,evidence_summary,evidence_summary_ua,drafted_v2plus,pending_clinical_signoff,claude_ua_04b,2,415,600,56,,
knowledge_base/hosted/content/biomarker_actionability/bma_mlh1_somatic_gastric.yaml,biomarker_actionability,notes,notes_ua,drafted_v2plus,pending_clinical_signoff,claude_ua_04b,2,204,282,56,,
knowledge_base/hosted/content/biomarker_actionability/bma_mlh1_somatic_ovarian.yaml,biomarker_actionability,evidence_summary,evidence_summary_ua,drafted_v2plus,pending_clinical_signoff,claude_ua_04b,2,316,467,56,,
knowledge_base/hosted/content/biomarker_actionability/bma_mlh1_somatic_ovarian.yaml,biomarker_actionability,notes,notes_ua,drafted_v2plus,pending_clinical_signoff,claude_ua_04b,2,204,282,56,,
knowledge_base/hosted/content/biomarker_actionability/bma_mlh1_somatic_prostate.yaml,biomarker_actionability,evidence_summary,evidence_summary_ua,drafted_v2plus,pending_clinical_signoff,claude_ua_04b,2,334,518,56,,
knowledge_base/hosted/content/biomarker_actionability/bma_mlh1_somatic_prostate.yaml,biomarker_actionability,notes,notes_ua,drafted_v2plus,pending_clinical_signoff,claude_ua_04b,2,204,282,56,,
knowledge_base/hosted/content/biomarker_actionability/bma_mlh1_somatic_urothelial.yaml,biomarker_actionability,evidence_summary,evidence_summary_ua,drafted_v2plus,pending_clinical_signoff,claude_ua_04b,2,305,433,56,,
knowledge_base/hosted/content/biomarker_actionability/bma_mlh1_somatic_urothelial.yaml,biomarker_actionability,notes,notes_ua,drafted_v2plus,pending_clinical_signoff,claude_ua_04b,2,204,282,56,,
knowledge_base/hosted/content/biomarker_actionability/bma_msh2_germline_crc.yaml,biomarker_actionability,evidence_summary,evidence_summary_ua,drafted_v2plus,pending_clinical_signoff,claude_ua_04b,2,507,699,56,,
knowledge_base/hosted/content/biomarker_actionability/bma_msh2_germline_crc.yaml,biomarker_actionability,notes,notes_ua,drafted_v2plus,pending_clinical_signoff,claude_ua_04b,2,173,235,56,,
knowledge_base/hosted/content/biomarker_actionability/bma_msh2_germline_endometrial.yaml,biomarker_actionability,evidence_summary,evidence_summary_ua,drafted_v2plus,pending_clinical_signoff,claude_ua_04b,2,463,653,56,,
knowledge_base/hosted/content/biomarker_actionability/bma_msh2_germline_endometrial.yaml,biomarker_actionability,notes,notes_ua,drafted_v2plus,pending_clinical_signoff,claude_ua_04b,2,173,235,56,,
knowledge_base/hosted/content/biomarker_actionability/bma_msh2_germline_gastric.yaml,biomarker_actionability,evidence_summary,evidence_summary_ua,drafted_v2plus,pending_clinical_signoff,claude_ua_04b,2,416,603,56,,
knowledge_base/hosted/content/biomarker_actionability/bma_msh2_germline_gastric.yaml,biomarker_actionability,notes,notes_ua,drafted_v2plus,pending_clinical_signoff,claude_ua_04b,2,173,235,56,,
knowledge_base/hosted/content/biomarker_actionability/bma_msh2_germline_ovarian.yaml,biomarker_actionability,evidence_summary,evidence_summary_ua,drafted_v2plus,pending_clinical_signoff,claude_ua_04b,2,317,470,56,,
knowledge_base/hosted/content/biomarker_actionability/bma_msh2_germline_ovarian.yaml,biomarker_actionability,notes,notes_ua,drafted_v2plus,pending_clinical_signoff,claude_ua_04b,2,173,235,56,,
knowledge_base/hosted/content/biomarker_actionability/bma_msh2_germline_prostate.yaml,biomarker_actionability,evidence_summary,evidence_summary_ua,drafted_v2plus,pending_clinical_signoff,claude_ua_04b,2,335,521,56,,
knowledge_base/hosted/content/biomarker_actionability/bma_msh2_germline_prostate.yaml,biomarker_actionability,notes,notes_ua,drafted_v2plus,pending_clinical_signoff,claude_ua_04b,2,173,235,56,,
knowledge_base/hosted/content/biomarker_actionability/bma_msh2_germline_urothelial.yaml,biomarker_actionability,evidence_summary,evidence_summary_ua,drafted_v2plus,pending_clinical_signoff,claude_ua_04b,2,306,436,56,,
knowledge_base/hosted/content/biomarker_actionability/bma_msh2_germline_urothelial.yaml,biomarker_actionability,notes,notes_ua,drafted_v2plus,pending_clinical_signoff,claude_ua_04b,2,173,235,56,,
knowledge_base/hosted/content/biomarker_actionability/bma_msh2_somatic_crc.yaml,biomarker_actionability,evidence_summary,evidence_summary_ua,drafted_v2plus,pending_clinical_signoff,claude_ua_04b,2,506,696,56,,
knowledge_base/hosted/content/biomarker_actionability/bma_msh2_somatic_crc.yaml,biomarker_actionability,notes,notes_ua,drafted_v2plus,pending_clinical_signoff,claude_ua_04b,2,204,282,56,,
knowledge_base/hosted/content/biomarker_actionability/bma_msh2_somatic_endometrial.yaml,biomarker_actionability,evidence_summary,evidence_summary_ua,drafted_v2plus,pending_clinical_signoff,claude_ua_04b,2,462,650,56,,
knowledge_base/hosted/content/biomarker_actionability/bma_msh2_somatic_endometrial.yaml,biomarker_actionability,notes,notes_ua,drafted_v2plus,pending_clinical_signoff,claude_ua_04b,2,204,282,56,,
knowledge_base/hosted/content/biomarker_actionability/bma_msh2_somatic_gastric.yaml,biomarker_actionability,evidence_summary,evidence_summary_ua,drafted_v2plus,pending_clinical_signoff,claude_ua_04b,2,415,600,56,,
knowledge_base/hosted/content/biomarker_actionability/bma_msh2_somatic_gastric.yaml,biomarker_actionability,notes,notes_ua,drafted_v2plus,pending_clinical_signoff,claude_ua_04b,2,204,282,56,,
knowledge_base/hosted/content/biomarker_actionability/bma_msh2_somatic_ovarian.yaml,biomarker_actionability,evidence_summary,evidence_summary_ua,drafted_v2plus,pending_clinical_signoff,claude_ua_04b,2,316,467,56,,
knowledge_base/hosted/content/biomarker_actionability/bma_msh2_somatic_ovarian.yaml,biomarker_actionability,notes,notes_ua,drafted_v2plus,pending_clinical_signoff,claude_ua_04b,2,204,282,56,,
knowledge_base/hosted/content/biomarker_actionability/bma_msh2_somatic_prostate.yaml,biomarker_actionability,evidence_summary,evidence_summary_ua,drafted_v2plus,pending_clinical_signoff,claude_ua_04b,2,334,518,56,,
knowledge_base/hosted/content/biomarker_actionability/bma_msh2_somatic_prostate.yaml,biomarker_actionability,notes,notes_ua,drafted_v2plus,pending_clinical_signoff,claude_ua_04b,2,204,282,56,,
knowledge_base/hosted/content/biomarker_actionability/bma_msh2_somatic_urothelial.yaml,biomarker_actionability,evidence_summary,evidence_summary_ua,drafted_v2plus,pending_clinical_signoff,claude_ua_04b,2,305,433,56,,
knowledge_base/hosted/content/biomarker_actionability/bma_msh2_somatic_urothelial.yaml,biomarker_actionability,notes,notes_ua,drafted_v2plus,pending_clinical_signoff,claude_ua_04b,2,204,282,56,,
knowledge_base/hosted/content/biomarker_actionability/bma_msh3_germline_polyposis_biallelic.yaml,biomarker_actionability,evidence_summary,evidence_summary_ua,drafted_pending,pending_clinical_signoff,claude_v05_bma_batch3,1,934,643,49,,
knowledge_base/hosted/content/biomarker_actionability/bma_msh3_germline_polyposis_biallelic.yaml,biomarker_actionability,notes,notes_ua,drafted_pending,pending_clinical_signoff,claude_v05_bma_batch3,1,518,275,49,,
knowledge_base/hosted/content/biomarker_actionability/bma_msh6_germline_crc.yaml,biomarker_actionability,evidence_summary,evidence_summary_ua,drafted_v2plus,pending_clinical_signoff,claude_ua_04b,2,507,699,56,,
knowledge_base/hosted/content/biomarker_actionability/bma_msh6_germline_crc.yaml,biomarker_actionability,notes,notes_ua,drafted_v2plus,pending_clinical_signoff,claude_ua_04b,2,173,235,56,,
knowledge_base/hosted/content/biomarker_actionability/bma_msh6_germline_endometrial.yaml,biomarker_actionability,evidence_summary,evidence_summary_ua,drafted_v2plus,pending_clinical_signoff,claude_ua_04b,2,463,653,56,,
knowledge_base/hosted/content/biomarker_actionability/bma_msh6_germline_endometrial.yaml,biomarker_actionability,notes,notes_ua,drafted_v2plus,pending_clinical_signoff,claude_ua_04b,2,173,235,56,,
knowledge_base/hosted/content/biomarker_actionability/bma_msh6_germline_gastric.yaml,biomarker_actionability,evidence_summary,evidence_summary_ua,drafted_v2plus,pending_clinical_signoff,claude_ua_04b,2,416,603,56,,
knowledge_base/hosted/content/biomarker_actionability/bma_msh6_germline_gastric.yaml,biomarker_actionability,notes,notes_ua,drafted_v2plus,pending_clinical_signoff,claude_ua_04b,2,173,235,56,,
knowledge_base/hosted/content/biomarker_actionability/bma_msh6_germline_ovarian.yaml,biomarker_actionability,evidence_summary,evidence_summary_ua,drafted_v2plus,pending_clinical_signoff,claude_ua_04b,2,317,470,56,,
knowledge_base/hosted/content/biomarker_actionability/bma_msh6_germline_ovarian.yaml,biomarker_actionability,notes,notes_ua,drafted_v2plus,pending_clinical_signoff,claude_ua_04b,2,173,235,56,,
knowledge_base/hosted/content/biomarker_actionability/bma_msh6_germline_prostate.yaml,biomarker_actionability,evidence_summary,evidence_summary_ua,drafted_v2plus,pending_clinical_signoff,claude_ua_04b,2,335,521,56,,
knowledge_base/hosted/content/biomarker_actionability/bma_msh6_germline_prostate.yaml,biomarker_actionability,notes,notes_ua,drafted_v2plus,pending_clinical_signoff,claude_ua_04b,2,173,235,56,,
knowledge_base/hosted/content/biomarker_actionability/bma_msh6_germline_urothelial.yaml,biomarker_actionability,evidence_summary,evidence_summary_ua,drafted_v2plus,pending_clinical_signoff,claude_ua_04b,2,306,436,56,,
knowledge_base/hosted/content/biomarker_actionability/bma_msh6_germline_urothelial.yaml,biomarker_actionability,notes,notes_ua,drafted_v2plus,pending_clinical_signoff,claude_ua_04b,2,173,235,56,,
knowledge_base/hosted/content/biomarker_actionability/bma_msh6_somatic_crc.yaml,biomarker_actionability,evidence_summary,evidence_summary_ua,drafted_v2plus,pending_clinical_signoff,claude_ua_04b,2,506,696,56,,
knowledge_base/hosted/content/biomarker_actionability/bma_msh6_somatic_crc.yaml,biomarker_actionability,notes,notes_ua,drafted_v2plus,pending_clinical_signoff,claude_ua_04b,2,204,282,56,,
knowledge_base/hosted/content/biomarker_actionability/bma_msh6_somatic_endometrial.yaml,biomarker_actionability,evidence_summary,evidence_summary_ua,drafted_v2plus,pending_clinical_signoff,claude_ua_04b,2,462,650,56,,
knowledge_base/hosted/content/biomarker_actionability/bma_msh6_somatic_endometrial.yaml,biomarker_actionability,notes,notes_ua,drafted_v2plus,pending_clinical_signoff,claude_ua_04b,2,204,282,56,,
knowledge_base/hosted/content/biomarker_actionability/bma_msh6_somatic_gastric.yaml,biomarker_actionability,evidence_summary,evidence_summary_ua,drafted_v2plus,pending_clinical_signoff,claude_ua_04b,2,415,600,56,,
knowledge_base/hosted/content/biomarker_actionability/bma_msh6_somatic_gastric.yaml,biomarker_actionability,notes,notes_ua,drafted_v2plus,pending_clinical_signoff,claude_ua_04b,2,204,282,56,,
knowledge_base/hosted/content/biomarker_actionability/bma_msh6_somatic_ovarian.yaml,biomarker_actionability,evidence_summary,evidence_summary_ua,drafted_v2plus,pending_clinical_signoff,claude_ua_04b,2,316,467,56,,
knowledge_base/hosted/content/biomarker_actionability/bma_msh6_somatic_ovarian.yaml,biomarker_actionability,notes,notes_ua,drafted_v2plus,pending_clinical_signoff,claude_ua_04b,2,204,282,56,,
knowledge_base/hosted/content/biomarker_actionability/bma_msh6_somatic_prostate.yaml,biomarker_actionability,evidence_summary,evidence_summary_ua,drafted_v2plus,pending_clinical_signoff,claude_ua_04b,2,334,518,56,,
knowledge_base/hosted/content/biomarker_actionability/bma_msh6_somatic_prostate.yaml,biomarker_actionability,notes,notes_ua,drafted_v2plus,pending_clinical_signoff,claude_ua_04b,2,204,282,56,,
knowledge_base/hosted/content/biomarker_actionability/bma_msh6_somatic_urothelial.yaml,biomarker_actionability,evidence_summary,evidence_summary_ua,drafted_v2plus,pending_clinical_signoff,claude_ua_04b,2,305,433,56,,
knowledge_base/hosted/content/biomarker_actionability/bma_msh6_somatic_urothelial.yaml,biomarker_actionability,notes,notes_ua,drafted_v2plus,pending_clinical_signoff,claude_ua_04b,2,204,282,56,,
knowledge_base/hosted/content/biomarker_actionability/bma_msi_status_crc.yaml,biomarker_actionability,evidence_summary,evidence_summary_ua,drafted_pending,,,,748,292,58,,
knowledge_base/hosted/content/biomarker_actionability/bma_msi_status_crc.yaml,biomarker_actionability,notes,notes_ua,missing,,,,348,0,58,,
knowledge_base/hosted/content/biomarker_actionability/bma_msi_status_endometrial.yaml,biomarker_actionability,evidence_summary,evidence_summary_ua,drafted_pending,,,,642,422,58,,
knowledge_base/hosted/content/biomarker_actionability/bma_msi_status_endometrial.yaml,biomarker_actionability,notes,notes_ua,missing,,,,288,0,58,,
knowledge_base/hosted/content/biomarker_actionability/bma_msi_status_gastric.yaml,biomarker_actionability,evidence_summary,evidence_summary_ua,drafted_pending,,,,700,309,58,,
knowledge_base/hosted/content/biomarker_actionability/bma_msi_status_gastric.yaml,biomarker_actionability,notes,notes_ua,missing,,,,284,0,58,,
knowledge_base/hosted/content/biomarker_actionability/bma_myc_rearrangement_burkitt.yaml,biomarker_actionability,evidence_summary,evidence_summary_ua,drafted_v2plus,pending_clinical_signoff,claude_ua_04b,2,422,453,56,,
knowledge_base/hosted/content/biomarker_actionability/bma_myc_rearrangement_burkitt.yaml,biomarker_actionability,notes,notes_ua,drafted_v2plus,pending_clinical_signoff,claude_ua_04b,2,119,157,56,,
knowledge_base/hosted/content/biomarker_actionability/bma_myc_rearrangement_dlbcl_nos.yaml,biomarker_actionability,evidence_summary,evidence_summary_ua,drafted_v2plus,pending_clinical_signoff,claude_ua_04b,2,232,280,56,,
knowledge_base/hosted/content/biomarker_actionability/bma_myc_rearrangement_dlbcl_nos.yaml,biomarker_actionability,notes,notes_ua,drafted_v2plus,pending_clinical_signoff,claude_ua_04b,2,72,79,56,,
knowledge_base/hosted/content/biomarker_actionability/bma_myc_rearrangement_fl.yaml,biomarker_actionability,evidence_summary,evidence_summary_ua,drafted_v2plus,pending_clinical_signoff,claude_ua_04b,2,141,184,56,,
knowledge_base/hosted/content/biomarker_actionability/bma_myc_rearrangement_fl.yaml,biomarker_actionability,notes,notes_ua,drafted_v2plus,pending_clinical_signoff,claude_ua_04b,2,33,34,56,,
knowledge_base/hosted/content/biomarker_actionability/bma_myc_rearrangement_hgbl_dh.yaml,biomarker_actionability,evidence_summary,evidence_summary_ua,drafted_v2plus,pending_clinical_signoff,claude_ua_04b,2,368,426,56,,
knowledge_base/hosted/content/biomarker_actionability/bma_myc_rearrangement_hgbl_dh.yaml,biomarker_actionability,notes,notes_ua,drafted_v2plus,pending_clinical_signoff,claude_ua_04b,2,98,117,56,,
knowledge_base/hosted/content/biomarker_actionability/bma_myc_rearrangement_nlpbl.yaml,biomarker_actionability,evidence_summary,evidence_summary_ua,drafted_v2plus,pending_clinical_signoff,claude_ua_04b,2,209,243,56,,
knowledge_base/hosted/content/biomarker_actionability/bma_myc_rearrangement_nlpbl.yaml,biomarker_actionability,notes,notes_ua,drafted_v2plus,pending_clinical_signoff,claude_ua_04b,2,35,34,56,,
knowledge_base/hosted/content/biomarker_actionability/bma_myd88_l265p_dlbcl_nos.yaml,biomarker_actionability,evidence_summary,evidence_summary_ua,drafted_v2plus,pending_clinical_signoff,claude_ua_04b,2,338,354,56,,
knowledge_base/hosted/content/biomarker_actionability/bma_myd88_l265p_dlbcl_nos.yaml,biomarker_actionability,notes,notes_ua,drafted_v2plus,pending_clinical_signoff,claude_ua_04b,2,127,161,56,,
knowledge_base/hosted/content/biomarker_actionability/bma_myd88_l265p_hcv_mzl.yaml,biomarker_actionability,evidence_summary,evidence_summary_ua,drafted_v2plus,pending_clinical_signoff,claude_ua_04b,2,194,260,56,,
knowledge_base/hosted/content/biomarker_actionability/bma_myd88_l265p_hcv_mzl.yaml,biomarker_actionability,notes,notes_ua,drafted_v2plus,pending_clinical_signoff,claude_ua_04b,2,97,107,56,,
knowledge_base/hosted/content/biomarker_actionability/bma_myd88_l265p_nodal_mzl.yaml,biomarker_actionability,evidence_summary,evidence_summary_ua,drafted_v2plus,pending_clinical_signoff,claude_ua_04b,2,194,260,56,,
knowledge_base/hosted/content/biomarker_actionability/bma_myd88_l265p_nodal_mzl.yaml,biomarker_actionability,notes,notes_ua,drafted_v2plus,pending_clinical_signoff,claude_ua_04b,2,97,107,56,,
knowledge_base/hosted/content/biomarker_actionability/bma_myd88_l265p_pcnsl.yaml,biomarker_actionability,evidence_summary,evidence_summary_ua,drafted_v2plus,pending_clinical_signoff,claude_ua_04b,2,243,370,56,,
knowledge_base/hosted/content/biomarker_actionability/bma_myd88_l265p_pcnsl.yaml,biomarker_actionability,notes,notes_ua,drafted_v2plus,pending_clinical_signoff,claude_ua_04b,2,45,53,56,,
knowledge_base/hosted/content/biomarker_actionability/bma_myd88_l265p_ptld.yaml,biomarker_actionability,evidence_summary,evidence_summary_ua,drafted_v2plus,pending_clinical_signoff,claude_ua_04b,2,133,306,56,,
knowledge_base/hosted/content/biomarker_actionability/bma_myd88_l265p_ptld.yaml,biomarker_actionability,notes,notes_ua,drafted_v2plus,pending_clinical_signoff,claude_ua_04b,2,10,10,56,,
knowledge_base/hosted/content/biomarker_actionability/bma_myd88_l265p_splenic_mzl.yaml,biomarker_actionability,evidence_summary,evidence_summary_ua,drafted_v2plus,pending_clinical_signoff,claude_ua_04b,2,194,260,56,,
knowledge_base/hosted/content/biomarker_actionability/bma_myd88_l265p_splenic_mzl.yaml,biomarker_actionability,notes,notes_ua,drafted_v2plus,pending_clinical_signoff,claude_ua_04b,2,97,107,56,,
knowledge_base/hosted/content/biomarker_actionability/bma_myd88_l265p_wm.yaml,biomarker_actionability,evidence_summary,evidence_summary_ua,drafted_v2plus,pending_clinical_signoff,claude_ua_04b,2,369,521,56,,
knowledge_base/hosted/content/biomarker_actionability/bma_myd88_l265p_wm.yaml,biomarker_actionability,notes,notes_ua,drafted_v2plus,pending_clinical_signoff,claude_ua_04b,2,149,169,56,,
knowledge_base/hosted/content/biomarker_actionability/bma_nf2_germline_vestibular_schwannoma.yaml,biomarker_actionability,evidence_summary,evidence_summary_ua,drafted_pending,pending_clinical_signoff,claude_v05_bma_batch3,1,1013,542,49,,
knowledge_base/hosted/content/biomarker_actionability/bma_nf2_germline_vestibular_schwannoma.yaml,biomarker_actionability,notes,notes_ua,drafted_pending,pending_clinical_signoff,claude_v05_bma_batch3,1,420,248,49,,
knowledge_base/hosted/content/biomarker_actionability/bma_nf2_meningioma.yaml,biomarker_actionability,evidence_summary,evidence_summary_ua,drafted_v2plus,pending_clinical_signoff,claude_ua_04b,2,1222,1411,56,,
knowledge_base/hosted/content/biomarker_actionability/bma_nf2_meningioma.yaml,biomarker_actionability,notes,notes_ua,drafted_v2plus,pending_clinical_signoff,claude_ua_04b,2,724,800,56,,
knowledge_base/hosted/content/biomarker_actionability/bma_notch1_activating_cll.yaml,biomarker_actionability,evidence_summary,evidence_summary_ua,drafted_v2plus,pending_clinical_signoff,claude_ua_04b,2,292,417,56,,
knowledge_base/hosted/content/biomarker_actionability/bma_notch1_activating_cll.yaml,biomarker_actionability,notes,notes_ua,drafted_v2plus,pending_clinical_signoff,claude_ua_04b,2,146,140,56,,
knowledge_base/hosted/content/biomarker_actionability/bma_notch1_activating_dlbcl_nos.yaml,biomarker_actionability,evidence_summary,evidence_summary_ua,drafted_v2plus,pending_clinical_signoff,claude_ua_04b,2,61,78,56,,
knowledge_base/hosted/content/biomarker_actionability/bma_notch1_activating_dlbcl_nos.yaml,biomarker_actionability,notes,notes_ua,drafted_v2plus,pending_clinical_signoff,claude_ua_04b,2,10,10,56,,
knowledge_base/hosted/content/biomarker_actionability/bma_notch1_activating_mcl.yaml,biomarker_actionability,evidence_summary,evidence_summary_ua,drafted_v2plus,pending_clinical_signoff,claude_ua_04b,2,148,268,56,,
knowledge_base/hosted/content/biomarker_actionability/bma_notch1_activating_mcl.yaml,biomarker_actionability,notes,notes_ua,drafted_v2plus,pending_clinical_signoff,claude_ua_04b,2,76,111,56,,
knowledge_base/hosted/content/biomarker_actionability/bma_notch1_activating_t_all.yaml,biomarker_actionability,evidence_summary,evidence_summary_ua,drafted_v2plus,pending_clinical_signoff,claude_ua_04b,2,312,407,56,,
knowledge_base/hosted/content/biomarker_actionability/bma_notch1_activating_t_all.yaml,biomarker_actionability,notes,notes_ua,drafted_v2plus,pending_clinical_signoff,claude_ua_04b,2,122,162,56,,
knowledge_base/hosted/content/biomarker_actionability/bma_npm1_aml.yaml,biomarker_actionability,evidence_summary,evidence_summary_ua,drafted_v2plus,pending_clinical_signoff,claude_ua_04b,2,723,887,56,,
knowledge_base/hosted/content/biomarker_actionability/bma_npm1_aml.yaml,biomarker_actionability,notes,notes_ua,drafted_v2plus,pending_clinical_signoff,claude_ua_04b,2,452,608,56,,
knowledge_base/hosted/content/biomarker_actionability/bma_nras_g12_aml.yaml,biomarker_actionability,evidence_summary,evidence_summary_ua,drafted_v2plus,pending_clinical_signoff,claude_ua_04b,2,79,97,56,,
knowledge_base/hosted/content/biomarker_actionability/bma_nras_g12_aml.yaml,biomarker_actionability,notes,notes_ua,drafted_v2plus,pending_clinical_signoff,claude_ua_04b,2,93,110,56,,
knowledge_base/hosted/content/biomarker_actionability/bma_nras_g12_crc.yaml,biomarker_actionability,evidence_summary,evidence_summary_ua,drafted_v2plus,pending_clinical_signoff,claude_ua_04b,2,93,110,56,,
knowledge_base/hosted/content/biomarker_actionability/bma_nras_g12_crc.yaml,biomarker_actionability,notes,notes_ua,drafted_v2plus,pending_clinical_signoff,claude_ua_04b,2,10,10,56,,
knowledge_base/hosted/content/biomarker_actionability/bma_nras_g12_mds_hr.yaml,biomarker_actionability,evidence_summary,evidence_summary_ua,drafted_v2plus,pending_clinical_signoff,claude_ua_04b,2,73,174,56,,
knowledge_base/hosted/content/biomarker_actionability/bma_nras_g12_mds_hr.yaml,biomarker_actionability,notes,notes_ua,drafted_v2plus,pending_clinical_signoff,claude_ua_04b,2,12,12,56,,
knowledge_base/hosted/content/biomarker_actionability/bma_nras_g12_mds_lr.yaml,biomarker_actionability,evidence_summary,evidence_summary_ua,drafted_v2plus,pending_clinical_signoff,claude_ua_04b,2,110,184,56,,
knowledge_base/hosted/content/biomarker_actionability/bma_nras_g12_mds_lr.yaml,biomarker_actionability,notes,notes_ua,drafted_v2plus,pending_clinical_signoff,claude_ua_04b,2,45,52,56,,
knowledge_base/hosted/content/biomarker_actionability/bma_nras_g12_melanoma.yaml,biomarker_actionability,evidence_summary,evidence_summary_ua,drafted_v2plus,pending_clinical_signoff,claude_ua_04b,2,91,102,56,,
knowledge_base/hosted/content/biomarker_actionability/bma_nras_g12_melanoma.yaml,biomarker_actionability,notes,notes_ua,drafted_v2plus,pending_clinical_signoff,claude_ua_04b,2,93,110,56,,
knowledge_base/hosted/content/biomarker_actionability/bma_nras_g13_aml.yaml,biomarker_actionability,evidence_summary,evidence_summary_ua,drafted_v2plus,pending_clinical_signoff,claude_ua_04b,2,34,76,56,,
knowledge_base/hosted/content/biomarker_actionability/bma_nras_g13_aml.yaml,biomarker_actionability,notes,notes_ua,drafted_v2plus,pending_clinical_signoff,claude_ua_04b,2,93,110,56,,
knowledge_base/hosted/content/biomarker_actionability/bma_nras_g13_crc.yaml,biomarker_actionability,evidence_summary,evidence_summary_ua,drafted_v2plus,pending_clinical_signoff,claude_ua_04b,2,51,69,56,,
knowledge_base/hosted/content/biomarker_actionability/bma_nras_g13_crc.yaml,biomarker_actionability,notes,notes_ua,drafted_v2plus,pending_clinical_signoff,claude_ua_04b,2,10,10,56,,
knowledge_base/hosted/content/biomarker_actionability/bma_nras_g13_mds_hr.yaml,biomarker_actionability,evidence_summary,evidence_summary_ua,drafted_v2plus,pending_clinical_signoff,claude_ua_04b,2,73,174,56,,
knowledge_base/hosted/content/biomarker_actionability/bma_nras_g13_mds_hr.yaml,biomarker_actionability,notes,notes_ua,drafted_v2plus,pending_clinical_signoff,claude_ua_04b,2,12,12,56,,
knowledge_base/hosted/content/biomarker_actionability/bma_nras_g13_mds_lr.yaml,biomarker_actionability,evidence_summary,evidence_summary_ua,drafted_v2plus,pending_clinical_signoff,claude_ua_04b,2,110,184,56,,
knowledge_base/hosted/content/biomarker_actionability/bma_nras_g13_mds_lr.yaml,biomarker_actionability,notes,notes_ua,drafted_v2plus,pending_clinical_signoff,claude_ua_04b,2,45,52,56,,
knowledge_base/hosted/content/biomarker_actionability/bma_nras_g13_melanoma.yaml,biomarker_actionability,evidence_summary,evidence_summary_ua,drafted_v2plus,pending_clinical_signoff,claude_ua_04b,2,67,88,56,,
knowledge_base/hosted/content/biomarker_actionability/bma_nras_g13_melanoma.yaml,biomarker_actionability,notes,notes_ua,drafted_v2plus,pending_clinical_signoff,claude_ua_04b,2,93,110,56,,
knowledge_base/hosted/content/biomarker_actionability/bma_nras_q61k_aml.yaml,biomarker_actionability,evidence_summary,evidence_summary_ua,drafted_v2plus,pending_clinical_signoff,claude_ua_04b,2,61,91,56,,
knowledge_base/hosted/content/biomarker_actionability/bma_nras_q61k_aml.yaml,biomarker_actionability,notes,notes_ua,drafted_v2plus,pending_clinical_signoff,claude_ua_04b,2,94,111,56,,
knowledge_base/hosted/content/biomarker_actionability/bma_nras_q61k_crc.yaml,biomarker_actionability,evidence_summary,evidence_summary_ua,drafted_v2plus,pending_clinical_signoff,claude_ua_04b,2,48,58,56,,
knowledge_base/hosted/content/biomarker_actionability/bma_nras_q61k_crc.yaml,biomarker_actionability,notes,notes_ua,drafted_v2plus,pending_clinical_signoff,claude_ua_04b,2,10,10,56,,
knowledge_base/hosted/content/biomarker_actionability/bma_nras_q61k_melanoma.yaml,biomarker_actionability,evidence_summary,evidence_summary_ua,drafted_v2plus,pending_clinical_signoff,claude_ua_04b,2,83,126,56,,
knowledge_base/hosted/content/biomarker_actionability/bma_nras_q61k_melanoma.yaml,biomarker_actionability,notes,notes_ua,drafted_v2plus,pending_clinical_signoff,claude_ua_04b,2,92,109,56,,
knowledge_base/hosted/content/biomarker_actionability/bma_nras_q61r_aml.yaml,biomarker_actionability,evidence_summary,evidence_summary_ua,drafted_v2plus,pending_clinical_signoff,claude_ua_04b,2,149,250,56,,
knowledge_base/hosted/content/biomarker_actionability/bma_nras_q61r_aml.yaml,biomarker_actionability,notes,notes_ua,drafted_v2plus,pending_clinical_signoff,claude_ua_04b,2,94,111,56,,
knowledge_base/hosted/content/biomarker_actionability/bma_nras_q61r_crc.yaml,biomarker_actionability,evidence_summary,evidence_summary_ua,drafted_v2plus,pending_clinical_signoff,claude_ua_04b,2,118,199,56,,
knowledge_base/hosted/content/biomarker_actionability/bma_nras_q61r_crc.yaml,biomarker_actionability,notes,notes_ua,drafted_v2plus,pending_clinical_signoff,claude_ua_04b,2,81,87,56,,
knowledge_base/hosted/content/biomarker_actionability/bma_nras_q61r_mds_hr.yaml,biomarker_actionability,evidence_summary,evidence_summary_ua,drafted_v2plus,pending_clinical_signoff,claude_ua_04b,2,90,127,56,,
knowledge_base/hosted/content/biomarker_actionability/bma_nras_q61r_mds_hr.yaml,biomarker_actionability,notes,notes_ua,drafted_v2plus,pending_clinical_signoff,claude_ua_04b,2,94,111,56,,
knowledge_base/hosted/content/biomarker_actionability/bma_nras_q61r_mds_lr.yaml,biomarker_actionability,evidence_summary,evidence_summary_ua,drafted_v2plus,pending_clinical_signoff,claude_ua_04b,2,108,135,56,,
knowledge_base/hosted/content/biomarker_actionability/bma_nras_q61r_mds_lr.yaml,biomarker_actionability,notes,notes_ua,drafted_v2plus,pending_clinical_signoff,claude_ua_04b,2,94,111,56,,
knowledge_base/hosted/content/biomarker_actionability/bma_nras_q61r_melanoma.yaml,biomarker_actionability,evidence_summary,evidence_summary_ua,drafted_v2plus,pending_clinical_signoff,claude_ua_04b,2,359,424,56,,
knowledge_base/hosted/content/biomarker_actionability/bma_nras_q61r_melanoma.yaml,biomarker_actionability,notes,notes_ua,drafted_v2plus,pending_clinical_signoff,claude_ua_04b,2,92,109,56,,
knowledge_base/hosted/content/biomarker_actionability/bma_nrg1_fusion_nsclc.yaml,biomarker_actionability,evidence_summary,evidence_summary_ua,drafted_v2plus,pending_clinical_signoff,claude_ua_04b,2,770,847,56,,
knowledge_base/hosted/content/biomarker_actionability/bma_nrg1_fusion_nsclc.yaml,biomarker_actionability,notes,notes_ua,drafted_v2plus,pending_clinical_signoff,claude_ua_04b,2,635,675,56,,
knowledge_base/hosted/content/biomarker_actionability/bma_nrg1_fusion_pdac.yaml,biomarker_actionability,evidence_summary,evidence_summary_ua,drafted_v2plus,pending_clinical_signoff,claude_ua_04b,2,704,840,56,,
knowledge_base/hosted/content/biomarker_actionability/bma_nrg1_fusion_pdac.yaml,biomarker_actionability,notes,notes_ua,drafted_v2plus,pending_clinical_signoff,claude_ua_04b,2,665,701,56,,
knowledge_base/hosted/content/biomarker_actionability/bma_nthl1_germline_nap_biallelic.yaml,biomarker_actionability,evidence_summary,evidence_summary_ua,drafted_pending,pending_clinical_signoff,claude_v05_bma_batch3,1,1006,728,49,,
knowledge_base/hosted/content/biomarker_actionability/bma_nthl1_germline_nap_biallelic.yaml,biomarker_actionability,notes,notes_ua,drafted_pending,pending_clinical_signoff,claude_v05_bma_batch3,1,511,300,49,,
knowledge_base/hosted/content/biomarker_actionability/bma_ntrk_etv6_salivary.yaml,biomarker_actionability,evidence_summary,evidence_summary_ua,drafted_v2plus,pending_clinical_signoff,claude_ua_04b,2,261,312,56,,
knowledge_base/hosted/content/biomarker_actionability/bma_ntrk_etv6_salivary.yaml,biomarker_actionability,notes,notes_ua,drafted_v2plus,pending_clinical_signoff,claude_ua_04b,2,243,267,56,,
knowledge_base/hosted/content/biomarker_actionability/bma_ntrk_fusion_crc.yaml,biomarker_actionability,evidence_summary,evidence_summary_ua,drafted_v2plus,pending_clinical_signoff,claude_ua_04b,2,317,449,56,,
knowledge_base/hosted/content/biomarker_actionability/bma_ntrk_fusion_crc.yaml,biomarker_actionability,notes,notes_ua,drafted_v2plus,pending_clinical_signoff,claude_ua_04b,2,193,247,56,,
knowledge_base/hosted/content/biomarker_actionability/bma_ntrk_fusion_gist.yaml,biomarker_actionability,evidence_summary,evidence_summary_ua,drafted_v2plus,pending_clinical_signoff,claude_ua_04b,2,252,327,56,,
knowledge_base/hosted/content/biomarker_actionability/bma_ntrk_fusion_gist.yaml,biomarker_actionability,notes,notes_ua,drafted_v2plus,pending_clinical_signoff,claude_ua_04b,2,215,236,56,,
knowledge_base/hosted/content/biomarker_actionability/bma_ntrk_fusion_ifs.yaml,biomarker_actionability,evidence_summary,evidence_summary_ua,drafted_v2plus,pending_clinical_signoff,claude_ua_04b,2,346,399,56,,
knowledge_base/hosted/content/biomarker_actionability/bma_ntrk_fusion_ifs.yaml,biomarker_actionability,notes,notes_ua,drafted_v2plus,pending_clinical_signoff,claude_ua_04b,2,355,387,56,,
knowledge_base/hosted/content/biomarker_actionability/bma_ntrk_fusion_nsclc.yaml,biomarker_actionability,evidence_summary,evidence_summary_ua,drafted_v2plus,pending_clinical_signoff,claude_ua_04b,2,306,384,56,,
knowledge_base/hosted/content/biomarker_actionability/bma_ntrk_fusion_nsclc.yaml,biomarker_actionability,notes,notes_ua,drafted_v2plus,pending_clinical_signoff,claude_ua_04b,2,110,117,56,,
knowledge_base/hosted/content/biomarker_actionability/bma_ntrk_fusion_salivary.yaml,biomarker_actionability,evidence_summary,evidence_summary_ua,drafted_v2plus,pending_clinical_signoff,claude_ua_04b,2,398,480,56,,
knowledge_base/hosted/content/biomarker_actionability/bma_ntrk_fusion_salivary.yaml,biomarker_actionability,notes,notes_ua,drafted_v2plus,pending_clinical_signoff,claude_ua_04b,2,429,483,56,,
knowledge_base/hosted/content/biomarker_actionability/bma_ntrk_fusion_thyroid_papillary.yaml,biomarker_actionability,evidence_summary,evidence_summary_ua,drafted_v2plus,pending_clinical_signoff,claude_ua_04b,2,294,396,56,,
knowledge_base/hosted/content/biomarker_actionability/bma_ntrk_fusion_thyroid_papillary.yaml,biomarker_actionability,notes,notes_ua,drafted_v2plus,pending_clinical_signoff,claude_ua_04b,2,203,246,56,,
knowledge_base/hosted/content/biomarker_actionability/bma_palb2_germline_breast.yaml,biomarker_actionability,evidence_summary,evidence_summary_ua,drafted_v2plus,pending_clinical_signoff,claude_ua_05,2,317,450,56,,
knowledge_base/hosted/content/biomarker_actionability/bma_palb2_germline_breast.yaml,biomarker_actionability,notes,notes_ua,drafted_v2plus,pending_clinical_signoff,claude_ua_05,2,126,148,56,,
knowledge_base/hosted/content/biomarker_actionability/bma_palb2_germline_ovarian.yaml,biomarker_actionability,evidence_summary,evidence_summary_ua,drafted_v2plus,pending_clinical_signoff,claude_ua_05,2,237,356,56,,
knowledge_base/hosted/content/biomarker_actionability/bma_palb2_germline_ovarian.yaml,biomarker_actionability,notes,notes_ua,drafted_v2plus,pending_clinical_signoff,claude_ua_05,2,88,126,56,,
knowledge_base/hosted/content/biomarker_actionability/bma_palb2_germline_pdac.yaml,biomarker_actionability,evidence_summary,evidence_summary_ua,drafted_v2plus,pending_clinical_signoff,claude_ua_05,2,244,372,56,,
knowledge_base/hosted/content/biomarker_actionability/bma_palb2_germline_pdac.yaml,biomarker_actionability,notes,notes_ua,drafted_v2plus,pending_clinical_signoff,claude_ua_05,2,82,105,56,,
knowledge_base/hosted/content/biomarker_actionability/bma_palb2_somatic_breast.yaml,biomarker_actionability,evidence_summary,evidence_summary_ua,drafted_v2plus,pending_clinical_signoff,claude_ua_05,2,171,180,56,,
knowledge_base/hosted/content/biomarker_actionability/bma_palb2_somatic_breast.yaml,biomarker_actionability,notes,notes_ua,drafted_v2plus,pending_clinical_signoff,claude_ua_05,2,37,51,56,,
knowledge_base/hosted/content/biomarker_actionability/bma_palb2_somatic_ovarian.yaml,biomarker_actionability,evidence_summary,evidence_summary_ua,drafted_v2plus,pending_clinical_signoff,claude_ua_05,2,119,134,56,,
knowledge_base/hosted/content/biomarker_actionability/bma_palb2_somatic_ovarian.yaml,biomarker_actionability,notes,notes_ua,drafted_v2plus,pending_clinical_signoff,claude_ua_05,2,37,51,56,,
knowledge_base/hosted/content/biomarker_actionability/bma_palb2_somatic_pdac.yaml,biomarker_actionability,evidence_summary,evidence_summary_ua,drafted_v2plus,pending_clinical_signoff,claude_ua_05,2,129,170,56,,
knowledge_base/hosted/content/biomarker_actionability/bma_palb2_somatic_pdac.yaml,biomarker_actionability,notes,notes_ua,drafted_v2plus,pending_clinical_signoff,claude_ua_05,2,37,51,56,,
knowledge_base/hosted/content/biomarker_actionability/bma_pdgfra_d842v_gist.yaml,biomarker_actionability,evidence_summary,evidence_summary_ua,drafted_v2plus,pending_clinical_signoff,claude_ua_05,2,344,410,56,,
knowledge_base/hosted/content/biomarker_actionability/bma_pdgfra_d842v_gist.yaml,biomarker_actionability,notes,notes_ua,drafted_v2plus,pending_clinical_signoff,claude_ua_05,2,428,405,56,,
knowledge_base/hosted/content/biomarker_actionability/bma_pdgfra_exon12_gist.yaml,biomarker_actionability,evidence_summary,evidence_summary_ua,drafted_v2plus,pending_clinical_signoff,claude_ua_05,2,194,233,56,,
knowledge_base/hosted/content/biomarker_actionability/bma_pdgfra_exon12_gist.yaml,biomarker_actionability,notes,notes_ua,drafted_v2plus,pending_clinical_signoff,claude_ua_05,2,50,88,56,,
knowledge_base/hosted/content/biomarker_actionability/bma_pdgfra_exon14_gist.yaml,biomarker_actionability,evidence_summary,evidence_summary_ua,drafted_v2plus,pending_clinical_signoff,claude_ua_05,2,256,272,56,,
knowledge_base/hosted/content/biomarker_actionability/bma_pdgfra_exon14_gist.yaml,biomarker_actionability,notes,notes_ua,drafted_v2plus,pending_clinical_signoff,claude_ua_05,2,50,88,56,,
knowledge_base/hosted/content/biomarker_actionability/bma_pdgfra_exon18_non_d842_gist.yaml,biomarker_actionability,evidence_summary,evidence_summary_ua,drafted_v2plus,pending_clinical_signoff,claude_ua_05,2,293,351,56,,
knowledge_base/hosted/content/biomarker_actionability/bma_pdgfra_exon18_non_d842_gist.yaml,biomarker_actionability,notes,notes_ua,drafted_v2plus,pending_clinical_signoff,claude_ua_05,2,128,164,56,,
knowledge_base/hosted/content/biomarker_actionability/bma_pdl1_cps_cervical.yaml,biomarker_actionability,evidence_summary,evidence_summary_ua,drafted_pending,,,,427,333,58,,
knowledge_base/hosted/content/biomarker_actionability/bma_pdl1_cps_cervical.yaml,biomarker_actionability,notes,notes_ua,missing,,,,199,0,58,,
knowledge_base/hosted/content/biomarker_actionability/bma_pdl1_cps_esophageal.yaml,biomarker_actionability,evidence_summary,evidence_summary_ua,drafted_pending,,,,549,343,58,,
knowledge_base/hosted/content/biomarker_actionability/bma_pdl1_cps_esophageal.yaml,biomarker_actionability,notes,notes_ua,missing,,,,210,0,58,,
knowledge_base/hosted/content/biomarker_actionability/bma_pdl1_cps_gastric.yaml,biomarker_actionability,evidence_summary,evidence_summary_ua,drafted_pending,,,,763,597,58,,
knowledge_base/hosted/content/biomarker_actionability/bma_pdl1_cps_gastric.yaml,biomarker_actionability,notes,notes_ua,missing,,,,358,0,58,,
knowledge_base/hosted/content/biomarker_actionability/bma_pdl1_cps_hnscc.yaml,biomarker_actionability,evidence_summary,evidence_summary_ua,drafted_pending,,,,580,405,58,,
knowledge_base/hosted/content/biomarker_actionability/bma_pdl1_cps_hnscc.yaml,biomarker_actionability,notes,notes_ua,missing,,,,219,0,58,,
knowledge_base/hosted/content/biomarker_actionability/bma_pdl1_tps_nsclc.yaml,biomarker_actionability,evidence_summary,evidence_summary_ua,drafted_pending,,,,753,406,58,,
knowledge_base/hosted/content/biomarker_actionability/bma_pdl1_tps_nsclc.yaml,biomarker_actionability,notes,notes_ua,missing,,,,330,0,58,,
knowledge_base/hosted/content/biomarker_actionability/bma_pik3ca_e542k_breast.yaml,biomarker_actionability,evidence_summary,evidence_summary_ua,drafted_v2plus,pending_clinical_signoff,claude_ua_05,2,445,646,56,,
knowledge_base/hosted/content/biomarker_actionability/bma_pik3ca_e542k_breast.yaml,biomarker_actionability,notes,notes_ua,drafted_v2plus,pending_clinical_signoff,claude_ua_05,2,205,213,56,,
knowledge_base/hosted/content/biomarker_actionability/bma_pik3ca_e545k_breast.yaml,biomarker_actionability,evidence_summary,evidence_summary_ua,drafted_v2plus,pending_clinical_signoff,claude_ua_05,2,445,646,56,,
knowledge_base/hosted/content/biomarker_actionability/bma_pik3ca_e545k_breast.yaml,biomarker_actionability,notes,notes_ua,drafted_v2plus,pending_clinical_signoff,claude_ua_05,2,205,213,56,,
knowledge_base/hosted/content/biomarker_actionability/bma_pik3ca_exon20_breast.yaml,biomarker_actionability,evidence_summary,evidence_summary_ua,drafted_v2plus,pending_clinical_signoff,claude_ua_05,2,445,646,56,,
knowledge_base/hosted/content/biomarker_actionability/bma_pik3ca_exon20_breast.yaml,biomarker_actionability,notes,notes_ua,drafted_v2plus,pending_clinical_signoff,claude_ua_05,2,63,78,56,,
knowledge_base/hosted/content/biomarker_actionability/bma_pik3ca_exon9_breast.yaml,biomarker_actionability,evidence_summary,evidence_summary_ua,drafted_v2plus,pending_clinical_signoff,claude_ua_05,2,445,646,56,,
knowledge_base/hosted/content/biomarker_actionability/bma_pik3ca_exon9_breast.yaml,biomarker_actionability,notes,notes_ua,drafted_v2plus,pending_clinical_signoff,claude_ua_05,2,112,129,56,,
knowledge_base/hosted/content/biomarker_actionability/bma_pik3ca_h1047l_breast.yaml,biomarker_actionability,evidence_summary,evidence_summary_ua,drafted_v2plus,pending_clinical_signoff,claude_ua_05,2,445,646,56,,
knowledge_base/hosted/content/biomarker_actionability/bma_pik3ca_h1047l_breast.yaml,biomarker_actionability,notes,notes_ua,drafted_v2plus,pending_clinical_signoff,claude_ua_05,2,206,212,56,,
knowledge_base/hosted/content/biomarker_actionability/bma_pik3ca_h1047r_breast.yaml,biomarker_actionability,evidence_summary,evidence_summary_ua,drafted_v2plus,pending_clinical_signoff,claude_ua_05,2,445,646,56,,
knowledge_base/hosted/content/biomarker_actionability/bma_pik3ca_h1047r_breast.yaml,biomarker_actionability,notes,notes_ua,drafted_v2plus,pending_clinical_signoff,claude_ua_05,2,206,212,56,,
knowledge_base/hosted/content/biomarker_actionability/bma_pik3ca_hotspot_cervical.yaml,biomarker_actionability,evidence_summary,evidence_summary_ua,drafted_v2plus,pending_clinical_signoff,claude_ua_05,2,225,325,56,,
knowledge_base/hosted/content/biomarker_actionability/bma_pik3ca_hotspot_cervical.yaml,biomarker_actionability,notes,notes_ua,drafted_v2plus,pending_clinical_signoff,claude_ua_05,2,46,103,56,,
knowledge_base/hosted/content/biomarker_actionability/bma_pik3ca_hotspot_endometrial.yaml,biomarker_actionability,evidence_summary,evidence_summary_ua,drafted_v2plus,pending_clinical_signoff,claude_ua_05,2,256,312,56,,
knowledge_base/hosted/content/biomarker_actionability/bma_pik3ca_hotspot_endometrial.yaml,biomarker_actionability,notes,notes_ua,drafted_v2plus,pending_clinical_signoff,claude_ua_05,2,111,144,56,,
knowledge_base/hosted/content/biomarker_actionability/bma_pik3ca_hotspot_esophageal.yaml,biomarker_actionability,evidence_summary,evidence_summary_ua,drafted_v2plus,pending_clinical_signoff,claude_ua_05,2,104,187,56,,
knowledge_base/hosted/content/biomarker_actionability/bma_pik3ca_hotspot_esophageal.yaml,biomarker_actionability,notes,notes_ua,drafted_v2plus,pending_clinical_signoff,claude_ua_05,2,70,104,56,,
knowledge_base/hosted/content/biomarker_actionability/bma_pik3ca_hotspot_gastric.yaml,biomarker_actionability,evidence_summary,evidence_summary_ua,drafted_v2plus,pending_clinical_signoff,claude_ua_05,2,129,171,56,,
knowledge_base/hosted/content/biomarker_actionability/bma_pik3ca_hotspot_gastric.yaml,biomarker_actionability,notes,notes_ua,drafted_v2plus,pending_clinical_signoff,claude_ua_05,2,70,104,56,,
knowledge_base/hosted/content/biomarker_actionability/bma_pik3ca_hotspot_hcc.yaml,biomarker_actionability,evidence_summary,evidence_summary_ua,drafted_v2plus,pending_clinical_signoff,claude_ua_05,2,99,194,56,,
knowledge_base/hosted/content/biomarker_actionability/bma_pik3ca_hotspot_hcc.yaml,biomarker_actionability,notes,notes_ua,drafted_v2plus,pending_clinical_signoff,claude_ua_05,2,10,10,56,,
knowledge_base/hosted/content/biomarker_actionability/bma_pik3ca_hotspot_nsclc.yaml,biomarker_actionability,evidence_summary,evidence_summary_ua,drafted_v2plus,pending_clinical_signoff,claude_ua_05,2,73,90,56,,
knowledge_base/hosted/content/biomarker_actionability/bma_pik3ca_hotspot_nsclc.yaml,biomarker_actionability,notes,notes_ua,drafted_v2plus,pending_clinical_signoff,claude_ua_05,2,70,104,56,,
knowledge_base/hosted/content/biomarker_actionability/bma_pik3ca_hotspot_prostate.yaml,biomarker_actionability,evidence_summary,evidence_summary_ua,drafted_v2plus,pending_clinical_signoff,claude_ua_05,2,158,229,56,,
knowledge_base/hosted/content/biomarker_actionability/bma_pik3ca_hotspot_prostate.yaml,biomarker_actionability,notes,notes_ua,drafted_v2plus,pending_clinical_signoff,claude_ua_05,2,70,104,56,,
knowledge_base/hosted/content/biomarker_actionability/bma_pik3ca_hotspot_rcc.yaml,biomarker_actionability,evidence_summary,evidence_summary_ua,drafted_v2plus,pending_clinical_signoff,claude_ua_05,2,105,182,56,,
knowledge_base/hosted/content/biomarker_actionability/bma_pik3ca_hotspot_rcc.yaml,biomarker_actionability,notes,notes_ua,drafted_v2plus,pending_clinical_signoff,claude_ua_05,2,70,104,56,,
knowledge_base/hosted/content/biomarker_actionability/bma_pik3ca_hotspot_urothelial.yaml,biomarker_actionability,evidence_summary,evidence_summary_ua,drafted_v2plus,pending_clinical_signoff,claude_ua_05,2,107,178,56,,
knowledge_base/hosted/content/biomarker_actionability/bma_pik3ca_hotspot_urothelial.yaml,biomarker_actionability,notes,notes_ua,drafted_v2plus,pending_clinical_signoff,claude_ua_05,2,70,104,56,,
knowledge_base/hosted/content/biomarker_actionability/bma_pik3r1_endometrial.yaml,biomarker_actionability,evidence_summary,evidence_summary_ua,drafted_v2plus,pending_clinical_signoff,claude_ua_05,2,1239,712,56,,
knowledge_base/hosted/content/biomarker_actionability/bma_pik3r1_endometrial.yaml,biomarker_actionability,notes,notes_ua,drafted_v2plus,pending_clinical_signoff,claude_ua_05,2,759,531,56,,
knowledge_base/hosted/content/biomarker_actionability/bma_pms2_germline_crc.yaml,biomarker_actionability,evidence_summary,evidence_summary_ua,drafted_v2plus,pending_clinical_signoff,claude_ua_05,2,507,668,56,,
knowledge_base/hosted/content/biomarker_actionability/bma_pms2_germline_crc.yaml,biomarker_actionability,notes,notes_ua,drafted_v2plus,pending_clinical_signoff,claude_ua_05,2,173,228,56,,
knowledge_base/hosted/content/biomarker_actionability/bma_pms2_germline_endometrial.yaml,biomarker_actionability,evidence_summary,evidence_summary_ua,drafted_v2plus,pending_clinical_signoff,claude_ua_05,2,463,419,56,,
knowledge_base/hosted/content/biomarker_actionability/bma_pms2_germline_endometrial.yaml,biomarker_actionability,notes,notes_ua,drafted_v2plus,pending_clinical_signoff,claude_ua_05,2,173,228,56,,
knowledge_base/hosted/content/biomarker_actionability/bma_pms2_germline_gastric.yaml,biomarker_actionability,evidence_summary,evidence_summary_ua,drafted_v2plus,pending_clinical_signoff,claude_ua_05,2,416,351,56,,
knowledge_base/hosted/content/biomarker_actionability/bma_pms2_germline_gastric.yaml,biomarker_actionability,notes,notes_ua,drafted_v2plus,pending_clinical_signoff,claude_ua_05,2,173,228,56,,
knowledge_base/hosted/content/biomarker_actionability/bma_pms2_germline_ovarian.yaml,biomarker_actionability,evidence_summary,evidence_summary_ua,drafted_v2plus,pending_clinical_signoff,claude_ua_05,2,317,422,56,,
knowledge_base/hosted/content/biomarker_actionability/bma_pms2_germline_ovarian.yaml,biomarker_actionability,notes,notes_ua,drafted_v2plus,pending_clinical_signoff,claude_ua_05,2,173,228,56,,
knowledge_base/hosted/content/biomarker_actionability/bma_pms2_germline_prostate.yaml,biomarker_actionability,evidence_summary,evidence_summary_ua,drafted_v2plus,pending_clinical_signoff,claude_ua_05,2,335,438,56,,
knowledge_base/hosted/content/biomarker_actionability/bma_pms2_germline_prostate.yaml,biomarker_actionability,notes,notes_ua,drafted_v2plus,pending_clinical_signoff,claude_ua_05,2,173,228,56,,
knowledge_base/hosted/content/biomarker_actionability/bma_pms2_germline_urothelial.yaml,biomarker_actionability,evidence_summary,evidence_summary_ua,drafted_v2plus,pending_clinical_signoff,claude_ua_05,2,306,388,56,,
knowledge_base/hosted/content/biomarker_actionability/bma_pms2_germline_urothelial.yaml,biomarker_actionability,notes,notes_ua,drafted_v2plus,pending_clinical_signoff,claude_ua_05,2,173,228,56,,
knowledge_base/hosted/content/biomarker_actionability/bma_pms2_somatic_crc.yaml,biomarker_actionability,evidence_summary,evidence_summary_ua,drafted_v2plus,pending_clinical_signoff,claude_ua_05,2,506,432,56,,
knowledge_base/hosted/content/biomarker_actionability/bma_pms2_somatic_crc.yaml,biomarker_actionability,notes,notes_ua,drafted_v2plus,pending_clinical_signoff,claude_ua_05,2,204,273,56,,
knowledge_base/hosted/content/biomarker_actionability/bma_pms2_somatic_endometrial.yaml,biomarker_actionability,evidence_summary,evidence_summary_ua,drafted_v2plus,pending_clinical_signoff,claude_ua_05,2,462,283,56,,
knowledge_base/hosted/content/biomarker_actionability/bma_pms2_somatic_endometrial.yaml,biomarker_actionability,notes,notes_ua,drafted_v2plus,pending_clinical_signoff,claude_ua_05,2,204,273,56,,
knowledge_base/hosted/content/biomarker_actionability/bma_pms2_somatic_gastric.yaml,biomarker_actionability,evidence_summary,evidence_summary_ua,drafted_v2plus,pending_clinical_signoff,claude_ua_05,2,415,250,56,,
knowledge_base/hosted/content/biomarker_actionability/bma_pms2_somatic_gastric.yaml,biomarker_actionability,notes,notes_ua,drafted_v2plus,pending_clinical_signoff,claude_ua_05,2,204,273,56,,
knowledge_base/hosted/content/biomarker_actionability/bma_pms2_somatic_ovarian.yaml,biomarker_actionability,evidence_summary,evidence_summary_ua,drafted_v2plus,pending_clinical_signoff,claude_ua_05,2,316,268,56,,
knowledge_base/hosted/content/biomarker_actionability/bma_pms2_somatic_ovarian.yaml,biomarker_actionability,notes,notes_ua,drafted_v2plus,pending_clinical_signoff,claude_ua_05,2,204,273,56,,
knowledge_base/hosted/content/biomarker_actionability/bma_pms2_somatic_prostate.yaml,biomarker_actionability,evidence_summary,evidence_summary_ua,drafted_v2plus,pending_clinical_signoff,claude_ua_05,2,334,283,56,,
knowledge_base/hosted/content/biomarker_actionability/bma_pms2_somatic_prostate.yaml,biomarker_actionability,notes,notes_ua,drafted_v2plus,pending_clinical_signoff,claude_ua_05,2,204,273,56,,
knowledge_base/hosted/content/biomarker_actionability/bma_pms2_somatic_urothelial.yaml,biomarker_actionability,evidence_summary,evidence_summary_ua,drafted_v2plus,pending_clinical_signoff,claude_ua_05,2,305,331,56,,
knowledge_base/hosted/content/biomarker_actionability/bma_pms2_somatic_urothelial.yaml,biomarker_actionability,notes,notes_ua,drafted_v2plus,pending_clinical_signoff,claude_ua_05,2,204,273,56,,
knowledge_base/hosted/content/biomarker_actionability/bma_pold1_germline_polymerase_proofreading.yaml,biomarker_actionability,evidence_summary,evidence_summary_ua,drafted_pending,pending_clinical_signoff,claude_v05_bma_batch3,1,901,650,49,,
knowledge_base/hosted/content/biomarker_actionability/bma_pold1_germline_polymerase_proofreading.yaml,biomarker_actionability,notes,notes_ua,drafted_pending,pending_clinical_signoff,claude_v05_bma_batch3,1,497,353,49,,
knowledge_base/hosted/content/biomarker_actionability/bma_pole_germline_polymerase_proofreading.yaml,biomarker_actionability,evidence_summary,evidence_summary_ua,drafted_pending,pending_clinical_signoff,claude_v05_bma_batch3,1,993,604,49,,
knowledge_base/hosted/content/biomarker_actionability/bma_pole_germline_polymerase_proofreading.yaml,biomarker_actionability,notes,notes_ua,drafted_pending,pending_clinical_signoff,claude_v05_bma_batch3,1,589,302,49,,
knowledge_base/hosted/content/biomarker_actionability/bma_psa_prostate_uspstf_shared_decision.yaml,biomarker_actionability,evidence_summary,evidence_summary_ua,missing,,,,833,0,49,,
knowledge_base/hosted/content/biomarker_actionability/bma_psa_prostate_uspstf_shared_decision.yaml,biomarker_actionability,notes,notes_ua,missing,,,,611,0,49,,
knowledge_base/hosted/content/biomarker_actionability/bma_ptch1_bcc.yaml,biomarker_actionability,evidence_summary,evidence_summary_ua,drafted_v2plus,pending_clinical_signoff,claude_ua_05,2,1200,1082,56,,
knowledge_base/hosted/content/biomarker_actionability/bma_ptch1_bcc.yaml,biomarker_actionability,notes,notes_ua,drafted_v2plus,pending_clinical_signoff,claude_ua_05,2,858,891,56,,
knowledge_base/hosted/content/biomarker_actionability/bma_ptch1_germline_nbccs_gorlin.yaml,biomarker_actionability,evidence_summary,evidence_summary_ua,drafted_pending,pending_clinical_signoff,claude_v05_bma_batch3,1,1131,642,49,,
knowledge_base/hosted/content/biomarker_actionability/bma_ptch1_germline_nbccs_gorlin.yaml,biomarker_actionability,notes,notes_ua,drafted_pending,pending_clinical_signoff,claude_v05_bma_batch3,1,568,335,49,,
knowledge_base/hosted/content/biomarker_actionability/bma_ptpn11_jmml.yaml,biomarker_actionability,evidence_summary,evidence_summary_ua,drafted_v2plus,pending_clinical_signoff,claude_ua_05,2,1114,761,56,,
knowledge_base/hosted/content/biomarker_actionability/bma_ptpn11_jmml.yaml,biomarker_actionability,notes,notes_ua,drafted_v2plus,pending_clinical_signoff,claude_ua_05,2,876,546,56,,
knowledge_base/hosted/content/biomarker_actionability/bma_rad51b_germline_breast.yaml,biomarker_actionability,evidence_summary,evidence_summary_ua,drafted_v2plus,pending_clinical_signoff,claude_ua_05,2,202,425,56,,
knowledge_base/hosted/content/biomarker_actionability/bma_rad51b_germline_breast.yaml,biomarker_actionability,notes,notes_ua,drafted_v2plus,pending_clinical_signoff,claude_ua_05,2,58,137,56,,
knowledge_base/hosted/content/biomarker_actionability/bma_rad51b_germline_ovarian.yaml,biomarker_actionability,evidence_summary,evidence_summary_ua,drafted_v2plus,pending_clinical_signoff,claude_ua_05,2,264,218,56,,
knowledge_base/hosted/content/biomarker_actionability/bma_rad51b_germline_ovarian.yaml,biomarker_actionability,notes,notes_ua,drafted_v2plus,pending_clinical_signoff,claude_ua_05,2,94,82,56,,
knowledge_base/hosted/content/biomarker_actionability/bma_rad51b_somatic_breast.yaml,biomarker_actionability,evidence_summary,evidence_summary_ua,drafted_v2plus,pending_clinical_signoff,claude_ua_05,2,81,216,56,,
knowledge_base/hosted/content/biomarker_actionability/bma_rad51b_somatic_breast.yaml,biomarker_actionability,notes,notes_ua,drafted_v2plus,pending_clinical_signoff,claude_ua_05,2,37,109,56,,
knowledge_base/hosted/content/biomarker_actionability/bma_rad51b_somatic_ovarian.yaml,biomarker_actionability,evidence_summary,evidence_summary_ua,drafted_v2plus,pending_clinical_signoff,claude_ua_05,2,144,189,56,,
knowledge_base/hosted/content/biomarker_actionability/bma_rad51b_somatic_ovarian.yaml,biomarker_actionability,notes,notes_ua,drafted_v2plus,pending_clinical_signoff,claude_ua_05,2,37,51,56,,
knowledge_base/hosted/content/biomarker_actionability/bma_rad51c_germline_breast.yaml,biomarker_actionability,evidence_summary,evidence_summary_ua,drafted_v2plus,pending_clinical_signoff,claude_ua_05,2,202,288,56,,
knowledge_base/hosted/content/biomarker_actionability/bma_rad51c_germline_breast.yaml,biomarker_actionability,notes,notes_ua,drafted_v2plus,pending_clinical_signoff,claude_ua_05,2,58,155,56,,
knowledge_base/hosted/content/biomarker_actionability/bma_rad51c_germline_ovarian.yaml,biomarker_actionability,evidence_summary,evidence_summary_ua,drafted_v2plus,pending_clinical_signoff,claude_ua_05,2,264,281,56,,
knowledge_base/hosted/content/biomarker_actionability/bma_rad51c_germline_ovarian.yaml,biomarker_actionability,notes,notes_ua,drafted_v2plus,pending_clinical_signoff,claude_ua_05,2,94,91,56,,
knowledge_base/hosted/content/biomarker_actionability/bma_rad51c_somatic_breast.yaml,biomarker_actionability,evidence_summary,evidence_summary_ua,drafted_v2plus,pending_clinical_signoff,claude_ua_05,2,81,181,56,,
knowledge_base/hosted/content/biomarker_actionability/bma_rad51c_somatic_breast.yaml,biomarker_actionability,notes,notes_ua,drafted_v2plus,pending_clinical_signoff,claude_ua_05,2,37,51,56,,
knowledge_base/hosted/content/biomarker_actionability/bma_rad51c_somatic_ovarian.yaml,biomarker_actionability,evidence_summary,evidence_summary_ua,drafted_v2plus,pending_clinical_signoff,claude_ua_05,2,144,127,56,,
knowledge_base/hosted/content/biomarker_actionability/bma_rad51c_somatic_ovarian.yaml,biomarker_actionability,notes,notes_ua,drafted_v2plus,pending_clinical_signoff,claude_ua_05,2,37,51,56,,
knowledge_base/hosted/content/biomarker_actionability/bma_rad51d_germline_breast.yaml,biomarker_actionability,evidence_summary,evidence_summary_ua,drafted_v2plus,pending_clinical_signoff,claude_ua_05,2,202,247,56,,
knowledge_base/hosted/content/biomarker_actionability/bma_rad51d_germline_breast.yaml,biomarker_actionability,notes,notes_ua,drafted_v2plus,pending_clinical_signoff,claude_ua_05,2,58,135,56,,
knowledge_base/hosted/content/biomarker_actionability/bma_rad51d_germline_ovarian.yaml,biomarker_actionability,evidence_summary,evidence_summary_ua,drafted_v2plus,pending_clinical_signoff,claude_ua_05,2,264,188,56,,
knowledge_base/hosted/content/biomarker_actionability/bma_rad51d_germline_ovarian.yaml,biomarker_actionability,notes,notes_ua,drafted_v2plus,pending_clinical_signoff,claude_ua_05,2,94,91,56,,
knowledge_base/hosted/content/biomarker_actionability/bma_rad51d_somatic_breast.yaml,biomarker_actionability,evidence_summary,evidence_summary_ua,drafted_v2plus,pending_clinical_signoff,claude_ua_05,2,81,179,56,,
knowledge_base/hosted/content/biomarker_actionability/bma_rad51d_somatic_breast.yaml,biomarker_actionability,notes,notes_ua,drafted_v2plus,pending_clinical_signoff,claude_ua_05,2,37,51,56,,
knowledge_base/hosted/content/biomarker_actionability/bma_rad51d_somatic_ovarian.yaml,biomarker_actionability,evidence_summary,evidence_summary_ua,drafted_v2plus,pending_clinical_signoff,claude_ua_05,2,144,127,56,,
knowledge_base/hosted/content/biomarker_actionability/bma_rad51d_somatic_ovarian.yaml,biomarker_actionability,notes,notes_ua,drafted_v2plus,pending_clinical_signoff,claude_ua_05,2,37,51,56,,
knowledge_base/hosted/content/biomarker_actionability/bma_rad54l_germline_breast.yaml,biomarker_actionability,evidence_summary,evidence_summary_ua,drafted_v2plus,pending_clinical_signoff,claude_ua_05,2,164,264,56,,
knowledge_base/hosted/content/biomarker_actionability/bma_rad54l_germline_breast.yaml,biomarker_actionability,notes,notes_ua,drafted_v2plus,pending_clinical_signoff,claude_ua_05,2,105,79,56,,
knowledge_base/hosted/content/biomarker_actionability/bma_rad54l_germline_ovarian.yaml,biomarker_actionability,evidence_summary,evidence_summary_ua,drafted_v2plus,pending_clinical_signoff,claude_ua_05,2,164,220,56,,
knowledge_base/hosted/content/biomarker_actionability/bma_rad54l_germline_ovarian.yaml,biomarker_actionability,notes,notes_ua,drafted_v2plus,pending_clinical_signoff,claude_ua_05,2,105,35,56,,
knowledge_base/hosted/content/biomarker_actionability/bma_rad54l_somatic_breast.yaml,biomarker_actionability,evidence_summary,evidence_summary_ua,drafted_v2plus,pending_clinical_signoff,claude_ua_05,2,85,179,56,,
knowledge_base/hosted/content/biomarker_actionability/bma_rad54l_somatic_breast.yaml,biomarker_actionability,notes,notes_ua,drafted_v2plus,pending_clinical_signoff,claude_ua_05,2,64,51,56,,
knowledge_base/hosted/content/biomarker_actionability/bma_rad54l_somatic_ovarian.yaml,biomarker_actionability,evidence_summary,evidence_summary_ua,drafted_v2plus,pending_clinical_signoff,claude_ua_05,2,85,135,56,,
knowledge_base/hosted/content/biomarker_actionability/bma_rad54l_somatic_ovarian.yaml,biomarker_actionability,notes,notes_ua,drafted_v2plus,pending_clinical_signoff,claude_ua_05,2,64,51,56,,
knowledge_base/hosted/content/biomarker_actionability/bma_rb1_germline_retinoblastoma.yaml,biomarker_actionability,evidence_summary,evidence_summary_ua,drafted_pending,pending_clinical_signoff,claude_v05_bma_batch3,1,1026,675,49,,
knowledge_base/hosted/content/biomarker_actionability/bma_rb1_germline_retinoblastoma.yaml,biomarker_actionability,notes,notes_ua,drafted_pending,pending_clinical_signoff,claude_v05_bma_batch3,1,418,259,49,,
knowledge_base/hosted/content/biomarker_actionability/bma_rb1_sclc.yaml,biomarker_actionability,evidence_summary,evidence_summary_ua,drafted_v2plus,pending_clinical_signoff,claude_ua_05,2,963,430,56,,
knowledge_base/hosted/content/biomarker_actionability/bma_rb1_sclc.yaml,biomarker_actionability,notes,notes_ua,drafted_v2plus,pending_clinical_signoff,claude_ua_05,2,622,177,56,,
knowledge_base/hosted/content/biomarker_actionability/bma_rb1_urothelial.yaml,biomarker_actionability,evidence_summary,evidence_summary_ua,drafted_v2plus,pending_clinical_signoff,claude_ua_05,2,1011,604,56,,
knowledge_base/hosted/content/biomarker_actionability/bma_rb1_urothelial.yaml,biomarker_actionability,notes,notes_ua,drafted_v2plus,pending_clinical_signoff,claude_ua_05,2,671,219,56,,
knowledge_base/hosted/content/biomarker_actionability/bma_ret_c634r_mtc.yaml,biomarker_actionability,evidence_summary,evidence_summary_ua,drafted_v2plus,pending_clinical_signoff,claude_ua_05,2,387,377,56,,
knowledge_base/hosted/content/biomarker_actionability/bma_ret_c634r_mtc.yaml,biomarker_actionability,notes,notes_ua,drafted_v2plus,pending_clinical_signoff,claude_ua_05,2,371,244,56,,
knowledge_base/hosted/content/biomarker_actionability/bma_ret_ccdc6_nsclc.yaml,biomarker_actionability,evidence_summary,evidence_summary_ua,drafted_v2plus,pending_clinical_signoff,claude_ua_05,2,253,253,56,,
knowledge_base/hosted/content/biomarker_actionability/bma_ret_ccdc6_nsclc.yaml,biomarker_actionability,notes,notes_ua,drafted_v2plus,pending_clinical_signoff,claude_ua_05,2,26,109,56,,
knowledge_base/hosted/content/biomarker_actionability/bma_ret_fusion_nsclc.yaml,biomarker_actionability,evidence_summary,evidence_summary_ua,drafted_v2plus,pending_clinical_signoff,claude_ua_05,2,363,430,56,,
knowledge_base/hosted/content/biomarker_actionability/bma_ret_fusion_nsclc.yaml,biomarker_actionability,notes,notes_ua,drafted_v2plus,pending_clinical_signoff,claude_ua_05,2,295,295,56,,
knowledge_base/hosted/content/biomarker_actionability/bma_ret_fusion_thyroid_papillary.yaml,biomarker_actionability,evidence_summary,evidence_summary_ua,drafted_v2plus,pending_clinical_signoff,claude_ua_05,2,371,491,56,,
knowledge_base/hosted/content/biomarker_actionability/bma_ret_fusion_thyroid_papillary.yaml,biomarker_actionability,notes,notes_ua,drafted_v2plus,pending_clinical_signoff,claude_ua_05,2,291,216,56,,
knowledge_base/hosted/content/biomarker_actionability/bma_ret_kif5b_nsclc.yaml,biomarker_actionability,evidence_summary,evidence_summary_ua,drafted_v2plus,pending_clinical_signoff,claude_ua_05,2,252,334,56,,
knowledge_base/hosted/content/biomarker_actionability/bma_ret_kif5b_nsclc.yaml,biomarker_actionability,notes,notes_ua,drafted_v2plus,pending_clinical_signoff,claude_ua_05,2,124,133,56,,
knowledge_base/hosted/content/biomarker_actionability/bma_ret_m918t_mtc.yaml,biomarker_actionability,evidence_summary,evidence_summary_ua,drafted_v2plus,pending_clinical_signoff,claude_ua_05,2,307,574,56,,
knowledge_base/hosted/content/biomarker_actionability/bma_ret_m918t_mtc.yaml,biomarker_actionability,notes,notes_ua,drafted_v2plus,pending_clinical_signoff,claude_ua_05,2,366,280,56,,
knowledge_base/hosted/content/biomarker_actionability/bma_ros1_cd74_nsclc.yaml,biomarker_actionability,evidence_summary,evidence_summary_ua,drafted_v2plus,pending_clinical_signoff,claude_ua_05,2,239,307,56,,
knowledge_base/hosted/content/biomarker_actionability/bma_ros1_cd74_nsclc.yaml,biomarker_actionability,notes,notes_ua,drafted_v2plus,pending_clinical_signoff,claude_ua_05,2,143,170,56,,
knowledge_base/hosted/content/biomarker_actionability/bma_ros1_ezr_nsclc.yaml,biomarker_actionability,evidence_summary,evidence_summary_ua,drafted_v2plus,pending_clinical_signoff,claude_ua_05,2,130,190,56,,
knowledge_base/hosted/content/biomarker_actionability/bma_ros1_ezr_nsclc.yaml,biomarker_actionability,notes,notes_ua,drafted_v2plus,pending_clinical_signoff,claude_ua_05,2,38,51,56,,
knowledge_base/hosted/content/biomarker_actionability/bma_ros1_fusion_nsclc.yaml,biomarker_actionability,evidence_summary,evidence_summary_ua,drafted_v2plus,pending_clinical_signoff,claude_ua_05,2,303,461,56,,
knowledge_base/hosted/content/biomarker_actionability/bma_ros1_fusion_nsclc.yaml,biomarker_actionability,notes,notes_ua,drafted_v2plus,pending_clinical_signoff,claude_ua_05,2,121,286,56,,
knowledge_base/hosted/content/biomarker_actionability/bma_ros1_g2032r_nsclc.yaml,biomarker_actionability,evidence_summary,evidence_summary_ua,drafted_v2plus,pending_clinical_signoff,claude_ua_05,2,290,452,56,,
knowledge_base/hosted/content/biomarker_actionability/bma_ros1_g2032r_nsclc.yaml,biomarker_actionability,notes,notes_ua,drafted_v2plus,pending_clinical_signoff,claude_ua_05,2,157,235,56,,
knowledge_base/hosted/content/biomarker_actionability/bma_ros1_slc34a2_nsclc.yaml,biomarker_actionability,evidence_summary,evidence_summary_ua,drafted_v2plus,pending_clinical_signoff,claude_ua_05,2,180,195,56,,
knowledge_base/hosted/content/biomarker_actionability/bma_ros1_slc34a2_nsclc.yaml,biomarker_actionability,notes,notes_ua,drafted_v2plus,pending_clinical_signoff,claude_ua_05,2,74,86,56,,
knowledge_base/hosted/content/biomarker_actionability/bma_smarcb1_epithelioid_sarcoma.yaml,biomarker_actionability,evidence_summary,evidence_summary_ua,drafted_v2plus,pending_clinical_signoff,claude_ua_05,2,1056,660,56,,
knowledge_base/hosted/content/biomarker_actionability/bma_smarcb1_epithelioid_sarcoma.yaml,biomarker_actionability,notes,notes_ua,drafted_v2plus,pending_clinical_signoff,claude_ua_05,2,837,632,56,,
knowledge_base/hosted/content/biomarker_actionability/bma_smo_bcc.yaml,biomarker_actionability,evidence_summary,evidence_summary_ua,drafted_v2plus,pending_clinical_signoff,claude_ua_05,2,948,697,56,,
knowledge_base/hosted/content/biomarker_actionability/bma_smo_bcc.yaml,biomarker_actionability,notes,notes_ua,drafted_v2plus,pending_clinical_signoff,claude_ua_05,2,767,472,56,,
knowledge_base/hosted/content/biomarker_actionability/bma_sufu_germline_medulloblastoma.yaml,biomarker_actionability,evidence_summary,evidence_summary_ua,drafted_pending,pending_clinical_signoff,claude_v05_bma_batch3,1,970,578,49,,
knowledge_base/hosted/content/biomarker_actionability/bma_sufu_germline_medulloblastoma.yaml,biomarker_actionability,notes,notes_ua,drafted_pending,pending_clinical_signoff,claude_v05_bma_batch3,1,438,310,49,,
knowledge_base/hosted/content/biomarker_actionability/bma_tert_glioma.yaml,biomarker_actionability,evidence_summary,evidence_summary_ua,drafted_v2plus,pending_clinical_signoff,claude_ua_05,2,1431,686,56,,
knowledge_base/hosted/content/biomarker_actionability/bma_tert_glioma.yaml,biomarker_actionability,notes,notes_ua,drafted_v2plus,pending_clinical_signoff,claude_ua_05,2,805,261,56,,
knowledge_base/hosted/content/biomarker_actionability/bma_tert_thyroid.yaml,biomarker_actionability,evidence_summary,evidence_summary_ua,drafted_v2plus,pending_clinical_signoff,claude_ua_05,2,1160,748,56,,
knowledge_base/hosted/content/biomarker_actionability/bma_tert_thyroid.yaml,biomarker_actionability,notes,notes_ua,drafted_v2plus,pending_clinical_signoff,claude_ua_05,2,910,241,56,,
knowledge_base/hosted/content/biomarker_actionability/bma_tp53_ihc_endometrial.yaml,biomarker_actionability,evidence_summary,evidence_summary_ua,drafted_v2plus,pending_clinical_signoff,claude_ua_05,2,1899,1164,56,,
knowledge_base/hosted/content/biomarker_actionability/bma_tp53_ihc_endometrial.yaml,biomarker_actionability,notes,notes_ua,drafted_v2plus,pending_clinical_signoff,claude_ua_05,2,878,692,56,,
knowledge_base/hosted/content/biomarker_actionability/bma_tp53_mut_aml.yaml,biomarker_actionability,evidence_summary,evidence_summary_ua,drafted_v2plus,pending_clinical_signoff,claude_ua_05,2,220,580,56,,
knowledge_base/hosted/content/biomarker_actionability/bma_tp53_mut_aml.yaml,biomarker_actionability,notes,notes_ua,drafted_v2plus,pending_clinical_signoff,claude_ua_05,2,205,190,56,,
knowledge_base/hosted/content/biomarker_actionability/bma_tp53_mut_breast.yaml,biomarker_actionability,evidence_summary,evidence_summary_ua,drafted_v2plus,pending_clinical_signoff,claude_ua_05,2,163,323,56,,
knowledge_base/hosted/content/biomarker_actionability/bma_tp53_mut_breast.yaml,biomarker_actionability,notes,notes_ua,drafted_v2plus,pending_clinical_signoff,claude_ua_05,2,205,193,56,,
knowledge_base/hosted/content/biomarker_actionability/bma_tp53_mut_cervical.yaml,biomarker_actionability,evidence_summary,evidence_summary_ua,drafted_v2plus,pending_clinical_signoff,claude_ua_05,2,100,315,56,,
knowledge_base/hosted/content/biomarker_actionability/bma_tp53_mut_cervical.yaml,biomarker_actionability,notes,notes_ua,drafted_v2plus,pending_clinical_signoff,claude_ua_05,2,29,195,56,,
knowledge_base/hosted/content/biomarker_actionability/bma_tp53_mut_cll.yaml,biomarker_actionability,evidence_summary,evidence_summary_ua,drafted_v2plus,pending_clinical_signoff,claude_ua_05,2,264,361,56,,
knowledge_base/hosted/content/biomarker_actionability/bma_tp53_mut_cll.yaml,biomarker_actionability,notes,notes_ua,drafted_v2plus,pending_clinical_signoff,claude_ua_05,2,205,190,56,,
knowledge_base/hosted/content/biomarker_actionability/bma_tp53_mut_crc.yaml,biomarker_actionability,evidence_summary,evidence_summary_ua,drafted_v2plus,pending_clinical_signoff,claude_ua_05,2,95,335,56,,
knowledge_base/hosted/content/biomarker_actionability/bma_tp53_mut_crc.yaml,biomarker_actionability,notes,notes_ua,drafted_v2plus,pending_clinical_signoff,claude_ua_05,2,29,190,56,,
knowledge_base/hosted/content/biomarker_actionability/bma_tp53_mut_dlbcl_nos.yaml,biomarker_actionability,evidence_summary,evidence_summary_ua,drafted_v2plus,pending_clinical_signoff,claude_ua_05,2,191,367,56,,
knowledge_base/hosted/content/biomarker_actionability/bma_tp53_mut_dlbcl_nos.yaml,biomarker_actionability,notes,notes_ua,drafted_v2plus,pending_clinical_signoff,claude_ua_05,2,205,192,56,,
knowledge_base/hosted/content/biomarker_actionability/bma_tp53_mut_endometrial.yaml,biomarker_actionability,evidence_summary,evidence_summary_ua,drafted_v2plus,pending_clinical_signoff,claude_ua_05,2,103,313,56,,
knowledge_base/hosted/content/biomarker_actionability/bma_tp53_mut_endometrial.yaml,biomarker_actionability,notes,notes_ua,drafted_v2plus,pending_clinical_signoff,claude_ua_05,2,29,198,56,,
knowledge_base/hosted/content/biomarker_actionability/bma_tp53_mut_esophageal.yaml,biomarker_actionability,evidence_summary,evidence_summary_ua,drafted_v2plus,pending_clinical_signoff,claude_ua_05,2,102,313,56,,
knowledge_base/hosted/content/biomarker_actionability/bma_tp53_mut_esophageal.yaml,biomarker_actionability,notes,notes_ua,drafted_v2plus,pending_clinical_signoff,claude_ua_05,2,29,197,56,,
knowledge_base/hosted/content/biomarker_actionability/bma_tp53_mut_gastric.yaml,biomarker_actionability,evidence_summary,evidence_summary_ua,drafted_v2plus,pending_clinical_signoff,claude_ua_05,2,99,305,56,,
knowledge_base/hosted/content/biomarker_actionability/bma_tp53_mut_gastric.yaml,biomarker_actionability,notes,notes_ua,drafted_v2plus,pending_clinical_signoff,claude_ua_05,2,29,194,56,,
knowledge_base/hosted/content/biomarker_actionability/bma_tp53_mut_gbm.yaml,biomarker_actionability,evidence_summary,evidence_summary_ua,drafted_v2plus,pending_clinical_signoff,claude_ua_05,2,95,319,56,,
knowledge_base/hosted/content/biomarker_actionability/bma_tp53_mut_gbm.yaml,biomarker_actionability,notes,notes_ua,drafted_v2plus,pending_clinical_signoff,claude_ua_05,2,29,190,56,,
knowledge_base/hosted/content/biomarker_actionability/bma_tp53_mut_hcc.yaml,biomarker_actionability,evidence_summary,evidence_summary_ua,drafted_v2plus,pending_clinical_signoff,claude_ua_05,2,74,301,56,,
knowledge_base/hosted/content/biomarker_actionability/bma_tp53_mut_hcc.yaml,biomarker_actionability,notes,notes_ua,drafted_v2plus,pending_clinical_signoff,claude_ua_05,2,12,190,56,,
knowledge_base/hosted/content/biomarker_actionability/bma_tp53_mut_mcl.yaml,biomarker_actionability,evidence_summary,evidence_summary_ua,drafted_v2plus,pending_clinical_signoff,claude_ua_05,2,149,357,56,,
knowledge_base/hosted/content/biomarker_actionability/bma_tp53_mut_mcl.yaml,biomarker_actionability,notes,notes_ua,drafted_v2plus,pending_clinical_signoff,claude_ua_05,2,204,190,56,,
knowledge_base/hosted/content/biomarker_actionability/bma_tp53_mut_mds_hr.yaml,biomarker_actionability,evidence_summary,evidence_summary_ua,drafted_v2plus,pending_clinical_signoff,claude_ua_05,2,298,389,56,,
knowledge_base/hosted/content/biomarker_actionability/bma_tp53_mut_mds_hr.yaml,biomarker_actionability,notes,notes_ua,drafted_v2plus,pending_clinical_signoff,claude_ua_05,2,205,193,56,,
knowledge_base/hosted/content/biomarker_actionability/bma_tp53_mut_melanoma.yaml,biomarker_actionability,evidence_summary,evidence_summary_ua,drafted_v2plus,pending_clinical_signoff,claude_ua_05,2,100,299,56,,
knowledge_base/hosted/content/biomarker_actionability/bma_tp53_mut_melanoma.yaml,biomarker_actionability,notes,notes_ua,drafted_v2plus,pending_clinical_signoff,claude_ua_05,2,29,195,56,,
knowledge_base/hosted/content/biomarker_actionability/bma_tp53_mut_mm.yaml,biomarker_actionability,evidence_summary,evidence_summary_ua,drafted_v2plus,pending_clinical_signoff,claude_ua_05,2,223,327,56,,
knowledge_base/hosted/content/biomarker_actionability/bma_tp53_mut_mm.yaml,biomarker_actionability,notes,notes_ua,drafted_v2plus,pending_clinical_signoff,claude_ua_05,2,204,189,56,,
knowledge_base/hosted/content/biomarker_actionability/bma_tp53_mut_nsclc.yaml,biomarker_actionability,evidence_summary,evidence_summary_ua,drafted_v2plus,pending_clinical_signoff,claude_ua_05,2,166,284,56,,
knowledge_base/hosted/content/biomarker_actionability/bma_tp53_mut_nsclc.yaml,biomarker_actionability,notes,notes_ua,drafted_v2plus,pending_clinical_signoff,claude_ua_05,2,205,192,56,,
knowledge_base/hosted/content/biomarker_actionability/bma_tp53_mut_ovarian.yaml,biomarker_actionability,evidence_summary,evidence_summary_ua,drafted_v2plus,pending_clinical_signoff,claude_ua_05,2,206,279,56,,
knowledge_base/hosted/content/biomarker_actionability/bma_tp53_mut_ovarian.yaml,biomarker_actionability,notes,notes_ua,drafted_v2plus,pending_clinical_signoff,claude_ua_05,2,205,194,56,,
knowledge_base/hosted/content/biomarker_actionability/bma_tp53_mut_pdac.yaml,biomarker_actionability,evidence_summary,evidence_summary_ua,drafted_v2plus,pending_clinical_signoff,claude_ua_05,2,96,365,56,,
knowledge_base/hosted/content/biomarker_actionability/bma_tp53_mut_pdac.yaml,biomarker_actionability,notes,notes_ua,drafted_v2plus,pending_clinical_signoff,claude_ua_05,2,29,191,56,,
knowledge_base/hosted/content/biomarker_actionability/bma_tp53_mut_prostate.yaml,biomarker_actionability,evidence_summary,evidence_summary_ua,drafted_v2plus,pending_clinical_signoff,claude_ua_05,2,100,335,56,,
knowledge_base/hosted/content/biomarker_actionability/bma_tp53_mut_prostate.yaml,biomarker_actionability,notes,notes_ua,drafted_v2plus,pending_clinical_signoff,claude_ua_05,2,29,195,56,,
knowledge_base/hosted/content/biomarker_actionability/bma_tp53_mut_rcc.yaml,biomarker_actionability,evidence_summary,evidence_summary_ua,drafted_v2plus,pending_clinical_signoff,claude_ua_05,2,95,315,56,,
knowledge_base/hosted/content/biomarker_actionability/bma_tp53_mut_rcc.yaml,biomarker_actionability,notes,notes_ua,drafted_v2plus,pending_clinical_signoff,claude_ua_05,2,29,190,56,,
knowledge_base/hosted/content/biomarker_actionability/bma_tp53_mut_sclc.yaml,biomarker_actionability,evidence_summary,evidence_summary_ua,drafted_v2plus,pending_clinical_signoff,claude_ua_05,2,96,353,56,,
knowledge_base/hosted/content/biomarker_actionability/bma_tp53_mut_sclc.yaml,biomarker_actionability,notes,notes_ua,drafted_v2plus,pending_clinical_signoff,claude_ua_05,2,29,191,56,,
knowledge_base/hosted/content/biomarker_actionability/bma_tp53_mut_urothelial.yaml,biomarker_actionability,evidence_summary,evidence_summary_ua,drafted_v2plus,pending_clinical_signoff,claude_ua_05,2,102,321,56,,
knowledge_base/hosted/content/biomarker_actionability/bma_tp53_mut_urothelial.yaml,biomarker_actionability,notes,notes_ua,drafted_v2plus,pending_clinical_signoff,claude_ua_05,2,29,197,56,,
knowledge_base/hosted/content/biomarker_actionability/bma_tp53_r175h_aml.yaml,biomarker_actionability,evidence_summary,evidence_summary_ua,drafted_v2plus,pending_clinical_signoff,claude_ua_05,2,236,431,56,,
knowledge_base/hosted/content/biomarker_actionability/bma_tp53_r175h_aml.yaml,biomarker_actionability,notes,notes_ua,drafted_v2plus,pending_clinical_signoff,claude_ua_05,2,102,214,56,,
knowledge_base/hosted/content/biomarker_actionability/bma_tp53_r175h_breast.yaml,biomarker_actionability,evidence_summary,evidence_summary_ua,drafted_v2plus,pending_clinical_signoff,claude_ua_05,2,203,415,56,,
knowledge_base/hosted/content/biomarker_actionability/bma_tp53_r175h_breast.yaml,biomarker_actionability,notes,notes_ua,drafted_v2plus,pending_clinical_signoff,claude_ua_05,2,102,217,56,,
knowledge_base/hosted/content/biomarker_actionability/bma_tp53_r175h_cll.yaml,biomarker_actionability,evidence_summary,evidence_summary_ua,drafted_v2plus,pending_clinical_signoff,claude_ua_05,2,162,441,56,,
knowledge_base/hosted/content/biomarker_actionability/bma_tp53_r175h_cll.yaml,biomarker_actionability,notes,notes_ua,drafted_v2plus,pending_clinical_signoff,claude_ua_05,2,65,194,56,,
knowledge_base/hosted/content/biomarker_actionability/bma_tp53_r175h_dlbcl_nos.yaml,biomarker_actionability,evidence_summary,evidence_summary_ua,drafted_v2plus,pending_clinical_signoff,claude_ua_05,2,198,443,56,,
knowledge_base/hosted/content/biomarker_actionability/bma_tp53_r175h_dlbcl_nos.yaml,biomarker_actionability,notes,notes_ua,drafted_v2plus,pending_clinical_signoff,claude_ua_05,2,102,216,56,,
knowledge_base/hosted/content/biomarker_actionability/bma_tp53_r175h_mcl.yaml,biomarker_actionability,evidence_summary,evidence_summary_ua,drafted_v2plus,pending_clinical_signoff,claude_ua_05,2,214,437,56,,
knowledge_base/hosted/content/biomarker_actionability/bma_tp53_r175h_mcl.yaml,biomarker_actionability,notes,notes_ua,drafted_v2plus,pending_clinical_signoff,claude_ua_05,2,101,214,56,,
knowledge_base/hosted/content/biomarker_actionability/bma_tp53_r175h_mds_hr.yaml,biomarker_actionability,evidence_summary,evidence_summary_ua,drafted_v2plus,pending_clinical_signoff,claude_ua_05,2,112,431,56,,
knowledge_base/hosted/content/biomarker_actionability/bma_tp53_r175h_mds_hr.yaml,biomarker_actionability,notes,notes_ua,drafted_v2plus,pending_clinical_signoff,claude_ua_05,2,66,197,56,,
knowledge_base/hosted/content/biomarker_actionability/bma_tp53_r175h_mm.yaml,biomarker_actionability,evidence_summary,evidence_summary_ua,drafted_v2plus,pending_clinical_signoff,claude_ua_05,2,231,409,56,,
knowledge_base/hosted/content/biomarker_actionability/bma_tp53_r175h_mm.yaml,biomarker_actionability,notes,notes_ua,drafted_v2plus,pending_clinical_signoff,claude_ua_05,2,101,213,56,,
knowledge_base/hosted/content/biomarker_actionability/bma_tp53_r175h_nsclc.yaml,biomarker_actionability,evidence_summary,evidence_summary_ua,drafted_v2plus,pending_clinical_signoff,claude_ua_05,2,228,435,56,,
knowledge_base/hosted/content/biomarker_actionability/bma_tp53_r175h_nsclc.yaml,biomarker_actionability,notes,notes_ua,drafted_v2plus,pending_clinical_signoff,claude_ua_05,2,102,216,56,,
knowledge_base/hosted/content/biomarker_actionability/bma_tp53_r175h_ovarian.yaml,biomarker_actionability,evidence_summary,evidence_summary_ua,drafted_v2plus,pending_clinical_signoff,claude_ua_05,2,206,401,56,,
knowledge_base/hosted/content/biomarker_actionability/bma_tp53_r175h_ovarian.yaml,biomarker_actionability,notes,notes_ua,drafted_v2plus,pending_clinical_signoff,claude_ua_05,2,102,218,56,,
knowledge_base/hosted/content/biomarker_actionability/bma_tp53_r248q_aml.yaml,biomarker_actionability,evidence_summary,evidence_summary_ua,drafted_v2plus,pending_clinical_signoff,claude_ua_05,2,236,431,56,,
knowledge_base/hosted/content/biomarker_actionability/bma_tp53_r248q_aml.yaml,biomarker_actionability,notes,notes_ua,drafted_v2plus,pending_clinical_signoff,claude_ua_05,2,102,214,56,,
knowledge_base/hosted/content/biomarker_actionability/bma_tp53_r248q_breast.yaml,biomarker_actionability,evidence_summary,evidence_summary_ua,drafted_v2plus,pending_clinical_signoff,claude_ua_05,2,203,415,56,,
knowledge_base/hosted/content/biomarker_actionability/bma_tp53_r248q_breast.yaml,biomarker_actionability,notes,notes_ua,drafted_v2plus,pending_clinical_signoff,claude_ua_05,2,102,217,56,,
knowledge_base/hosted/content/biomarker_actionability/bma_tp53_r248q_cll.yaml,biomarker_actionability,evidence_summary,evidence_summary_ua,drafted_v2plus,pending_clinical_signoff,claude_ua_05,2,162,441,56,,
knowledge_base/hosted/content/biomarker_actionability/bma_tp53_r248q_cll.yaml,biomarker_actionability,notes,notes_ua,drafted_v2plus,pending_clinical_signoff,claude_ua_05,2,65,194,56,,
knowledge_base/hosted/content/biomarker_actionability/bma_tp53_r248q_dlbcl_nos.yaml,biomarker_actionability,evidence_summary,evidence_summary_ua,drafted_v2plus,pending_clinical_signoff,claude_ua_05,2,198,443,56,,
knowledge_base/hosted/content/biomarker_actionability/bma_tp53_r248q_dlbcl_nos.yaml,biomarker_actionability,notes,notes_ua,drafted_v2plus,pending_clinical_signoff,claude_ua_05,2,102,216,56,,
knowledge_base/hosted/content/biomarker_actionability/bma_tp53_r248q_mcl.yaml,biomarker_actionability,evidence_summary,evidence_summary_ua,drafted_v2plus,pending_clinical_signoff,claude_ua_05,2,214,437,56,,
knowledge_base/hosted/content/biomarker_actionability/bma_tp53_r248q_mcl.yaml,biomarker_actionability,notes,notes_ua,drafted_v2plus,pending_clinical_signoff,claude_ua_05,2,101,214,56,,
knowledge_base/hosted/content/biomarker_actionability/bma_tp53_r248q_mds_hr.yaml,biomarker_actionability,evidence_summary,evidence_summary_ua,drafted_v2plus,pending_clinical_signoff,claude_ua_05,2,112,431,56,,
knowledge_base/hosted/content/biomarker_actionability/bma_tp53_r248q_mds_hr.yaml,biomarker_actionability,notes,notes_ua,drafted_v2plus,pending_clinical_signoff,claude_ua_05,2,66,197,56,,
knowledge_base/hosted/content/biomarker_actionability/bma_tp53_r248q_mm.yaml,biomarker_actionability,evidence_summary,evidence_summary_ua,drafted_v2plus,pending_clinical_signoff,claude_ua_05,2,231,409,56,,
knowledge_base/hosted/content/biomarker_actionability/bma_tp53_r248q_mm.yaml,biomarker_actionability,notes,notes_ua,drafted_v2plus,pending_clinical_signoff,claude_ua_05,2,101,213,56,,
knowledge_base/hosted/content/biomarker_actionability/bma_tp53_r248q_nsclc.yaml,biomarker_actionability,evidence_summary,evidence_summary_ua,drafted_v2plus,pending_clinical_signoff,claude_ua_05,2,228,435,56,,
knowledge_base/hosted/content/biomarker_actionability/bma_tp53_r248q_nsclc.yaml,biomarker_actionability,notes,notes_ua,drafted_v2plus,pending_clinical_signoff,claude_ua_05,2,102,216,56,,
knowledge_base/hosted/content/biomarker_actionability/bma_tp53_r248q_ovarian.yaml,biomarker_actionability,evidence_summary,evidence_summary_ua,drafted_v2plus,pending_clinical_signoff,claude_ua_05,2,206,401,56,,
knowledge_base/hosted/content/biomarker_actionability/bma_tp53_r248q_ovarian.yaml,biomarker_actionability,notes,notes_ua,drafted_v2plus,pending_clinical_signoff,claude_ua_05,2,102,218,56,,
knowledge_base/hosted/content/biomarker_actionability/bma_tp53_r273h_aml.yaml,biomarker_actionability,evidence_summary,evidence_summary_ua,drafted_v2plus,pending_clinical_signoff,claude_ua_05,2,236,431,56,,
knowledge_base/hosted/content/biomarker_actionability/bma_tp53_r273h_aml.yaml,biomarker_actionability,notes,notes_ua,drafted_v2plus,pending_clinical_signoff,claude_ua_05,2,102,214,56,,
knowledge_base/hosted/content/biomarker_actionability/bma_tp53_r273h_breast.yaml,biomarker_actionability,evidence_summary,evidence_summary_ua,drafted_v2plus,pending_clinical_signoff,claude_ua_05,2,203,415,56,,
knowledge_base/hosted/content/biomarker_actionability/bma_tp53_r273h_breast.yaml,biomarker_actionability,notes,notes_ua,drafted_v2plus,pending_clinical_signoff,claude_ua_05,2,102,217,56,,
knowledge_base/hosted/content/biomarker_actionability/bma_tp53_r273h_cll.yaml,biomarker_actionability,evidence_summary,evidence_summary_ua,drafted_v2plus,pending_clinical_signoff,claude_ua_05,2,162,441,56,,
knowledge_base/hosted/content/biomarker_actionability/bma_tp53_r273h_cll.yaml,biomarker_actionability,notes,notes_ua,drafted_v2plus,pending_clinical_signoff,claude_ua_05,2,65,194,56,,
knowledge_base/hosted/content/biomarker_actionability/bma_tp53_r273h_dlbcl_nos.yaml,biomarker_actionability,evidence_summary,evidence_summary_ua,drafted_v2plus,pending_clinical_signoff,claude_ua_05,2,198,443,56,,
knowledge_base/hosted/content/biomarker_actionability/bma_tp53_r273h_dlbcl_nos.yaml,biomarker_actionability,notes,notes_ua,drafted_v2plus,pending_clinical_signoff,claude_ua_05,2,102,216,56,,
knowledge_base/hosted/content/biomarker_actionability/bma_tp53_r273h_mcl.yaml,biomarker_actionability,evidence_summary,evidence_summary_ua,drafted_v2plus,pending_clinical_signoff,claude_ua_05,2,214,437,56,,
knowledge_base/hosted/content/biomarker_actionability/bma_tp53_r273h_mcl.yaml,biomarker_actionability,notes,notes_ua,drafted_v2plus,pending_clinical_signoff,claude_ua_05,2,101,214,56,,
knowledge_base/hosted/content/biomarker_actionability/bma_tp53_r273h_mds_hr.yaml,biomarker_actionability,evidence_summary,evidence_summary_ua,drafted_v2plus,pending_clinical_signoff,claude_ua_05,2,112,431,56,,
knowledge_base/hosted/content/biomarker_actionability/bma_tp53_r273h_mds_hr.yaml,biomarker_actionability,notes,notes_ua,drafted_v2plus,pending_clinical_signoff,claude_ua_05,2,66,197,56,,
knowledge_base/hosted/content/biomarker_actionability/bma_tp53_r273h_mm.yaml,biomarker_actionability,evidence_summary,evidence_summary_ua,drafted_v2plus,pending_clinical_signoff,claude_ua_05,2,231,409,56,,
knowledge_base/hosted/content/biomarker_actionability/bma_tp53_r273h_mm.yaml,biomarker_actionability,notes,notes_ua,drafted_v2plus,pending_clinical_signoff,claude_ua_05,2,101,213,56,,
knowledge_base/hosted/content/biomarker_actionability/bma_tp53_r273h_nsclc.yaml,biomarker_actionability,evidence_summary,evidence_summary_ua,drafted_v2plus,pending_clinical_signoff,claude_ua_05,2,228,435,56,,
knowledge_base/hosted/content/biomarker_actionability/bma_tp53_r273h_nsclc.yaml,biomarker_actionability,notes,notes_ua,drafted_v2plus,pending_clinical_signoff,claude_ua_05,2,102,216,56,,
knowledge_base/hosted/content/biomarker_actionability/bma_tp53_r273h_ovarian.yaml,biomarker_actionability,evidence_summary,evidence_summary_ua,drafted_v2plus,pending_clinical_signoff,claude_ua_05,2,206,401,56,,
knowledge_base/hosted/content/biomarker_actionability/bma_tp53_r273h_ovarian.yaml,biomarker_actionability,notes,notes_ua,drafted_v2plus,pending_clinical_signoff,claude_ua_05,2,102,218,56,,
knowledge_base/hosted/content/biomarker_actionability/bma_tp53_r282w_aml.yaml,biomarker_actionability,evidence_summary,evidence_summary_ua,drafted_v2plus,pending_clinical_signoff,claude_ua_05,2,236,431,56,,
knowledge_base/hosted/content/biomarker_actionability/bma_tp53_r282w_aml.yaml,biomarker_actionability,notes,notes_ua,drafted_v2plus,pending_clinical_signoff,claude_ua_05,2,102,214,56,,
knowledge_base/hosted/content/biomarker_actionability/bma_tp53_r282w_breast.yaml,biomarker_actionability,evidence_summary,evidence_summary_ua,drafted_v2plus,pending_clinical_signoff,claude_ua_05,2,203,415,56,,
knowledge_base/hosted/content/biomarker_actionability/bma_tp53_r282w_breast.yaml,biomarker_actionability,notes,notes_ua,drafted_v2plus,pending_clinical_signoff,claude_ua_05,2,102,217,56,,
knowledge_base/hosted/content/biomarker_actionability/bma_tp53_r282w_cll.yaml,biomarker_actionability,evidence_summary,evidence_summary_ua,drafted_v2plus,pending_clinical_signoff,claude_ua_05,2,162,441,56,,
knowledge_base/hosted/content/biomarker_actionability/bma_tp53_r282w_cll.yaml,biomarker_actionability,notes,notes_ua,drafted_v2plus,pending_clinical_signoff,claude_ua_05,2,65,194,56,,
knowledge_base/hosted/content/biomarker_actionability/bma_tp53_r282w_dlbcl_nos.yaml,biomarker_actionability,evidence_summary,evidence_summary_ua,drafted_v2plus,pending_clinical_signoff,claude_ua_05,2,198,443,56,,
knowledge_base/hosted/content/biomarker_actionability/bma_tp53_r282w_dlbcl_nos.yaml,biomarker_actionability,notes,notes_ua,drafted_v2plus,pending_clinical_signoff,claude_ua_05,2,102,216,56,,
knowledge_base/hosted/content/biomarker_actionability/bma_tp53_r282w_mcl.yaml,biomarker_actionability,evidence_summary,evidence_summary_ua,drafted_v2plus,pending_clinical_signoff,claude_ua_05,2,214,437,56,,
knowledge_base/hosted/content/biomarker_actionability/bma_tp53_r282w_mcl.yaml,biomarker_actionability,notes,notes_ua,drafted_v2plus,pending_clinical_signoff,claude_ua_05,2,101,214,56,,
knowledge_base/hosted/content/biomarker_actionability/bma_tp53_r282w_mds_hr.yaml,biomarker_actionability,evidence_summary,evidence_summary_ua,drafted_v2plus,pending_clinical_signoff,claude_ua_05,2,112,431,56,,
knowledge_base/hosted/content/biomarker_actionability/bma_tp53_r282w_mds_hr.yaml,biomarker_actionability,notes,notes_ua,drafted_v2plus,pending_clinical_signoff,claude_ua_05,2,66,197,56,,
knowledge_base/hosted/content/biomarker_actionability/bma_tp53_r282w_mm.yaml,biomarker_actionability,evidence_summary,evidence_summary_ua,drafted_v2plus,pending_clinical_signoff,claude_ua_05,2,231,409,56,,
knowledge_base/hosted/content/biomarker_actionability/bma_tp53_r282w_mm.yaml,biomarker_actionability,notes,notes_ua,drafted_v2plus,pending_clinical_signoff,claude_ua_05,2,101,213,56,,
knowledge_base/hosted/content/biomarker_actionability/bma_tp53_r282w_nsclc.yaml,biomarker_actionability,evidence_summary,evidence_summary_ua,drafted_v2plus,pending_clinical_signoff,claude_ua_05,2,228,435,56,,
knowledge_base/hosted/content/biomarker_actionability/bma_tp53_r282w_nsclc.yaml,biomarker_actionability,notes,notes_ua,drafted_v2plus,pending_clinical_signoff,claude_ua_05,2,102,216,56,,
knowledge_base/hosted/content/biomarker_actionability/bma_tp53_r282w_ovarian.yaml,biomarker_actionability,evidence_summary,evidence_summary_ua,drafted_v2plus,pending_clinical_signoff,claude_ua_05,2,206,401,56,,
knowledge_base/hosted/content/biomarker_actionability/bma_tp53_r282w_ovarian.yaml,biomarker_actionability,notes,notes_ua,drafted_v2plus,pending_clinical_signoff,claude_ua_05,2,102,218,56,,
knowledge_base/hosted/content/biomarker_actionability/bma_tsc1_germline_tuberous_sclerosis.yaml,biomarker_actionability,evidence_summary,evidence_summary_ua,drafted_pending,pending_clinical_signoff,claude_v05_bma_batch3,1,920,539,49,,
knowledge_base/hosted/content/biomarker_actionability/bma_tsc1_germline_tuberous_sclerosis.yaml,biomarker_actionability,notes,notes_ua,drafted_pending,pending_clinical_signoff,claude_v05_bma_batch3,1,432,202,49,,
knowledge_base/hosted/content/biomarker_actionability/bma_tsc1_lam.yaml,biomarker_actionability,evidence_summary,evidence_summary_ua,drafted_v2plus,pending_clinical_signoff,claude_ua_05,2,918,884,56,,
knowledge_base/hosted/content/biomarker_actionability/bma_tsc1_lam.yaml,biomarker_actionability,notes,notes_ua,drafted_v2plus,pending_clinical_signoff,claude_ua_05,2,919,988,56,,
knowledge_base/hosted/content/biomarker_actionability/bma_tsc1_tsc_renal_aml.yaml,biomarker_actionability,evidence_summary,evidence_summary_ua,drafted_v2plus,pending_clinical_signoff,claude_ua_05,2,930,532,56,,
knowledge_base/hosted/content/biomarker_actionability/bma_tsc1_tsc_renal_aml.yaml,biomarker_actionability,notes,notes_ua,drafted_v2plus,pending_clinical_signoff,claude_ua_05,2,843,408,56,,
knowledge_base/hosted/content/biomarker_actionability/bma_tsc2_germline_tuberous_sclerosis.yaml,biomarker_actionability,evidence_summary,evidence_summary_ua,drafted_pending,pending_clinical_signoff,claude_v05_bma_batch3,1,876,401,49,,
knowledge_base/hosted/content/biomarker_actionability/bma_tsc2_germline_tuberous_sclerosis.yaml,biomarker_actionability,notes,notes_ua,drafted_pending,pending_clinical_signoff,claude_v05_bma_batch3,1,373,229,49,,
knowledge_base/hosted/content/biomarker_actionability/bma_wt1_germline_wilms.yaml,biomarker_actionability,evidence_summary,evidence_summary_ua,drafted_pending,pending_clinical_signoff,claude_v05_bma_batch3,1,1215,687,49,,
knowledge_base/hosted/content/biomarker_actionability/bma_wt1_germline_wilms.yaml,biomarker_actionability,notes,notes_ua,drafted_pending,pending_clinical_signoff,claude_v05_bma_batch3,1,534,315,49,,
knowledge_base/hosted/content/diseases/aitl.yaml,diseases,notes,notes_ua,drafted_v2plus,pending_clinical_signoff,claude_ua_01,2,199,278,56,,
knowledge_base/hosted/content/diseases/alcl.yaml,diseases,notes,notes_ua,drafted_v2plus,pending_clinical_signoff,claude_ua_01,2,329,420,56,,
knowledge_base/hosted/content/diseases/aml.yaml,diseases,notes,notes_ua,drafted_v2plus,pending_clinical_signoff,claude_ua_01,2,467,637,56,,
knowledge_base/hosted/content/diseases/anal_scc.yaml,diseases,notes,notes_ua,drafted_v2plus,pending_clinical_signoff,claude_ua_01,2,470,693,56,,
knowledge_base/hosted/content/diseases/apl.yaml,diseases,notes,notes_ua,drafted_v2plus,pending_clinical_signoff,claude_ua_01,2,669,869,56,,
knowledge_base/hosted/content/diseases/atll.yaml,diseases,notes,notes_ua,drafted_v2plus,pending_clinical_signoff,claude_ua_01,2,195,337,56,,
knowledge_base/hosted/content/diseases/b_all.yaml,diseases,notes,notes_ua,drafted_v2plus,pending_clinical_signoff,claude_ua_01,2,280,451,56,,
knowledge_base/hosted/content/diseases/bcc.yaml,diseases,notes,notes_ua,drafted_v2plus,pending_clinical_signoff,claude_ua_01,2,511,681,56,,
knowledge_base/hosted/content/diseases/breast_cancer.yaml,diseases,notes,notes_ua,drafted_v2plus,pending_clinical_signoff,claude_ua_01,2,715,849,56,,
knowledge_base/hosted/content/diseases/burkitt.yaml,diseases,notes,notes_ua,drafted_v2plus,pending_clinical_signoff,claude_ua_01,2,337,648,56,,
knowledge_base/hosted/content/diseases/cervical.yaml,diseases,notes,notes_ua,drafted_v2plus,pending_clinical_signoff,claude_ua_01,2,711,1035,56,,
knowledge_base/hosted/content/diseases/cholangiocarcinoma.yaml,diseases,notes,notes_ua,drafted_v2plus,pending_clinical_signoff,claude_ua_01,2,1254,1670,56,,
knowledge_base/hosted/content/diseases/chondrosarcoma.yaml,diseases,notes,notes_ua,drafted_v2plus,pending_clinical_signoff,claude_ua_01,2,1096,1345,56,,
knowledge_base/hosted/content/diseases/cll_sll.yaml,diseases,notes,notes_ua,drafted_v2plus,pending_clinical_signoff,claude_ua_01,2,384,467,56,,
knowledge_base/hosted/content/diseases/cml.yaml,diseases,notes,notes_ua,drafted_v2plus,pending_clinical_signoff,claude_ua_01,2,556,819,56,,
knowledge_base/hosted/content/diseases/crc.yaml,diseases,notes,notes_ua,drafted_v2plus,pending_clinical_signoff,claude_ua_01,2,643,886,56,,
knowledge_base/hosted/content/diseases/dis_adrenocortical_carcinoma.yaml,diseases,notes,notes_ua,drafted_pending,pending_clinical_signoff,claude_ua_01,1,1883,2138,50,,
knowledge_base/hosted/content/diseases/dis_choroid_plexus_carcinoma.yaml,diseases,notes,notes_ua,drafted_pending,pending_clinical_signoff,claude_v0_2_a_anchor,1,715,686,50,,
knowledge_base/hosted/content/diseases/dis_kaposi.yaml,diseases,notes,notes_ua,drafted_pending,pending_clinical_signoff,claude_v0_2_a_anchor,1,482,447,50,,
knowledge_base/hosted/content/diseases/dis_laryngeal.yaml,diseases,notes,notes_ua,drafted_pending,pending_clinical_signoff,claude_v0_2_a_anchor,1,553,489,50,,
knowledge_base/hosted/content/diseases/dis_leiomyosarcoma.yaml,diseases,notes,notes_ua,drafted_pending,pending_clinical_signoff,claude_ua_01,1,2211,2471,50,,
knowledge_base/hosted/content/diseases/dis_npc.yaml,diseases,notes,notes_ua,drafted_pending,pending_clinical_signoff,claude_v0_2_a_anchor,1,586,608,50,,
knowledge_base/hosted/content/diseases/dis_osteosarcoma.yaml,diseases,notes,notes_ua,drafted_pending,pending_clinical_signoff,claude_ua_01,1,2169,2610,50,,
knowledge_base/hosted/content/diseases/dis_parathyroid_carcinoma.yaml,diseases,notes,notes_ua,drafted_pending,pending_clinical_signoff,claude_v0_2_a_anchor,1,699,744,50,,
knowledge_base/hosted/content/diseases/dis_penile_scc.yaml,diseases,notes,notes_ua,drafted_pending,pending_clinical_signoff,claude_v0_2_a_anchor,1,702,701,50,,
knowledge_base/hosted/content/diseases/dis_pheochromocytoma.yaml,diseases,notes,notes_ua,drafted_pending,pending_clinical_signoff,claude_ua_01,1,2075,2291,50,,
knowledge_base/hosted/content/diseases/dis_pituitary_adenoma.yaml,diseases,notes,notes_ua,drafted_pending,pending_clinical_signoff,claude_v0_2_a_anchor,1,717,657,50,,
knowledge_base/hosted/content/diseases/dis_retinoblastoma.yaml,diseases,notes,notes_ua,drafted_pending,pending_clinical_signoff,claude_v0_2_a_anchor,1,636,618,50,,
knowledge_base/hosted/content/diseases/dis_vulvar_vaginal_scc.yaml,diseases,notes,notes_ua,drafted_pending,pending_clinical_signoff,claude_v0_2_a_anchor,1,756,685,50,,
knowledge_base/hosted/content/diseases/dis_wilms.yaml,diseases,notes,notes_ua,drafted_pending,pending_clinical_signoff,claude_v0_2_a_anchor,1,600,610,50,,
knowledge_base/hosted/content/diseases/dlbcl_nos.yaml,diseases,notes,notes_ua,drafted_v2plus,pending_clinical_signoff,claude_ua_01,2,300,348,56,,
knowledge_base/hosted/content/diseases/eatl.yaml,diseases,notes,notes_ua,drafted_v2plus,pending_clinical_signoff,claude_ua_01,2,174,254,56,,
knowledge_base/hosted/content/diseases/endometrial.yaml,diseases,notes,notes_ua,drafted_v2plus,pending_clinical_signoff,claude_ua_01,2,102,176,56,,
knowledge_base/hosted/content/diseases/epithelioid_sarcoma.yaml,diseases,notes,notes_ua,drafted_v2plus,pending_clinical_signoff,claude_ua_01,2,624,713,56,,
knowledge_base/hosted/content/diseases/esophageal.yaml,diseases,notes,notes_ua,drafted_v2plus,pending_clinical_signoff,claude_ua_01,2,685,944,56,,
knowledge_base/hosted/content/diseases/et.yaml,diseases,notes,notes_ua,drafted_v2plus,pending_clinical_signoff,claude_ua_01,2,553,720,56,,
knowledge_base/hosted/content/diseases/follicular_lymphoma.yaml,diseases,notes,notes_ua,drafted_v2plus,pending_clinical_signoff,claude_ua_01,2,318,424,56,,
knowledge_base/hosted/content/diseases/gastric.yaml,diseases,notes,notes_ua,drafted_v2plus,pending_clinical_signoff,claude_ua_01,2,517,727,56,,
knowledge_base/hosted/content/diseases/gbm.yaml,diseases,notes,notes_ua,drafted_v2plus,pending_clinical_signoff,claude_ua_01,2,783,1036,56,,
knowledge_base/hosted/content/diseases/gi_net.yaml,diseases,notes,notes_ua,drafted_v2plus,pending_clinical_signoff,claude_ua_01,2,874,1037,56,,
knowledge_base/hosted/content/diseases/gist.yaml,diseases,notes,notes_ua,drafted_v2plus,pending_clinical_signoff,claude_ua_01,2,1354,1742,56,,
knowledge_base/hosted/content/diseases/glioma_low_grade.yaml,diseases,notes,notes_ua,drafted_v2plus,pending_clinical_signoff,claude_ua_01,2,1436,1800,56,,
knowledge_base/hosted/content/diseases/granulosa_cell.yaml,diseases,notes,notes_ua,drafted_v2plus,pending_clinical_signoff,claude_ua_01,2,793,950,56,,
knowledge_base/hosted/content/diseases/hairy_cell_leukemia.yaml,diseases,notes,notes_ua,drafted_v2plus,pending_clinical_signoff,claude_ua_01,2,233,294,56,,
knowledge_base/hosted/content/diseases/hcc.yaml,diseases,notes,notes_ua,drafted_v2plus,pending_clinical_signoff,claude_ua_01,2,681,771,56,,
knowledge_base/hosted/content/diseases/hcv_mzl.yaml,diseases,notes,notes_ua,drafted_v2plus,pending_clinical_signoff,claude_ua_01,2,174,197,56,,
knowledge_base/hosted/content/diseases/hgbl_double_hit.yaml,diseases,notes,notes_ua,drafted_v2plus,pending_clinical_signoff,claude_ua_01,2,193,234,56,,
knowledge_base/hosted/content/diseases/hnscc.yaml,diseases,notes,notes_ua,drafted_v2plus,pending_clinical_signoff,claude_ua_01,2,1318,1837,56,,
knowledge_base/hosted/content/diseases/hodgkin_classical.yaml,diseases,notes,notes_ua,drafted_v2plus,pending_clinical_signoff,claude_ua_01,2,692,911,56,,
knowledge_base/hosted/content/diseases/hstcl.yaml,diseases,notes,notes_ua,drafted_v2plus,pending_clinical_signoff,claude_ua_01,2,230,438,56,,
knowledge_base/hosted/content/diseases/ifs.yaml,diseases,notes,notes_ua,drafted_v2plus,pending_clinical_signoff,claude_ua_01,2,937,1158,56,,
knowledge_base/hosted/content/diseases/imt.yaml,diseases,notes,notes_ua,drafted_v2plus,pending_clinical_signoff,claude_ua_01,2,843,1075,56,,
knowledge_base/hosted/content/diseases/jmml.yaml,diseases,notes,notes_ua,drafted_v2plus,pending_clinical_signoff,claude_ua_01,2,776,892,56,,
knowledge_base/hosted/content/diseases/lam.yaml,diseases,notes,notes_ua,drafted_v2plus,pending_clinical_signoff,claude_ua_01,2,654,766,56,,
knowledge_base/hosted/content/diseases/mantle_cell_lymphoma.yaml,diseases,notes,notes_ua,drafted_v2plus,pending_clinical_signoff,claude_ua_01,2,369,633,56,,
knowledge_base/hosted/content/diseases/mastocytosis.yaml,diseases,notes,notes_ua,drafted_v2plus,pending_clinical_signoff,claude_ua_01,2,1470,1781,56,,
knowledge_base/hosted/content/diseases/mds_hr.yaml,diseases,notes,notes_ua,drafted_v2plus,pending_clinical_signoff,claude_ua_01,2,460,565,56,,
knowledge_base/hosted/content/diseases/mds_lr.yaml,diseases,notes,notes_ua,drafted_v2plus,pending_clinical_signoff,claude_ua_01,2,475,596,56,,
knowledge_base/hosted/content/diseases/melanoma.yaml,diseases,notes,notes_ua,drafted_v2plus,pending_clinical_signoff,claude_ua_01,2,89,205,56,,
knowledge_base/hosted/content/diseases/meningioma.yaml,diseases,notes,notes_ua,drafted_v2plus,pending_clinical_signoff,claude_ua_01,2,822,992,56,,
knowledge_base/hosted/content/diseases/mesothelioma.yaml,diseases,notes,notes_ua,drafted_v2plus,pending_clinical_signoff,claude_ua_01,2,568,698,56,,
knowledge_base/hosted/content/diseases/mpnst.yaml,diseases,notes,notes_ua,drafted_v2plus,pending_clinical_signoff,claude_ua_01,2,1308,1568,56,,
knowledge_base/hosted/content/diseases/mtc.yaml,diseases,notes,notes_ua,drafted_v2plus,pending_clinical_signoff,claude_ua_01,2,1115,1381,56,,
knowledge_base/hosted/content/diseases/multiple_myeloma.yaml,diseases,notes,notes_ua,drafted_v2plus,pending_clinical_signoff,claude_ua_01,2,349,411,56,,
knowledge_base/hosted/content/diseases/mycosis_fungoides_sezary.yaml,diseases,notes,notes_ua,drafted_v2plus,pending_clinical_signoff,claude_ua_01,2,474,656,56,,
knowledge_base/hosted/content/diseases/nk_t_nasal.yaml,diseases,notes,notes_ua,drafted_v2plus,pending_clinical_signoff,claude_ua_01,2,198,303,56,,
knowledge_base/hosted/content/diseases/nlpbl.yaml,diseases,notes,notes_ua,drafted_v2plus,pending_clinical_signoff,claude_ua_01,2,232,353,56,,
knowledge_base/hosted/content/diseases/nodal_mzl.yaml,diseases,notes,notes_ua,drafted_v2plus,pending_clinical_signoff,claude_ua_01,2,182,303,56,,
knowledge_base/hosted/content/diseases/nsclc.yaml,diseases,notes,notes_ua,drafted_v2plus,pending_clinical_signoff,claude_ua_01,2,325,382,56,,
knowledge_base/hosted/content/diseases/ovarian.yaml,diseases,notes,notes_ua,drafted_v2plus,pending_clinical_signoff,claude_ua_01,2,663,981,56,,
knowledge_base/hosted/content/diseases/pcnsl.yaml,diseases,notes,notes_ua,drafted_v2plus,pending_clinical_signoff,claude_ua_01,2,178,274,56,,
knowledge_base/hosted/content/diseases/pdac.yaml,diseases,notes,notes_ua,drafted_v2plus,pending_clinical_signoff,claude_ua_01,2,521,682,56,,
knowledge_base/hosted/content/diseases/pmbcl.yaml,diseases,notes,notes_ua,drafted_v2plus,pending_clinical_signoff,claude_ua_01,2,634,834,56,,
knowledge_base/hosted/content/diseases/pmf.yaml,diseases,notes,notes_ua,drafted_v2plus,pending_clinical_signoff,claude_ua_01,2,577,734,56,,
knowledge_base/hosted/content/diseases/pnet.yaml,diseases,notes,notes_ua,drafted_v2plus,pending_clinical_signoff,claude_ua_01,2,781,924,56,,
knowledge_base/hosted/content/diseases/prostate_cancer.yaml,diseases,notes,notes_ua,drafted_v2plus,pending_clinical_signoff,claude_ua_01,2,235,311,56,,
knowledge_base/hosted/content/diseases/ptcl_nos.yaml,diseases,notes,notes_ua,drafted_v2plus,pending_clinical_signoff,claude_ua_01,2,191,270,56,,
knowledge_base/hosted/content/diseases/ptld.yaml,diseases,notes,notes_ua,drafted_v2plus,pending_clinical_signoff,claude_ua_01,2,225,336,56,,
knowledge_base/hosted/content/diseases/pv.yaml,diseases,notes,notes_ua,drafted_v2plus,pending_clinical_signoff,claude_ua_01,2,600,741,56,,
knowledge_base/hosted/content/diseases/rcc.yaml,diseases,notes,notes_ua,drafted_v2plus,pending_clinical_signoff,claude_ua_01,2,106,175,56,,
knowledge_base/hosted/content/diseases/salivary.yaml,diseases,notes,notes_ua,drafted_v2plus,pending_clinical_signoff,claude_ua_01,2,1233,1564,56,,
knowledge_base/hosted/content/diseases/sclc.yaml,diseases,notes,notes_ua,drafted_v2plus,pending_clinical_signoff,claude_ua_01,2,291,384,56,,
knowledge_base/hosted/content/diseases/soft_tissue_sarcoma.yaml,diseases,notes,notes_ua,drafted_v2plus,pending_clinical_signoff,claude_ua_01,2,416,520,56,,
knowledge_base/hosted/content/diseases/splenic_mzl.yaml,diseases,notes,notes_ua,drafted_v2plus,pending_clinical_signoff,claude_ua_01,2,262,364,56,,
knowledge_base/hosted/content/diseases/t_all.yaml,diseases,notes,notes_ua,drafted_v2plus,pending_clinical_signoff,claude_ua_01,2,217,337,56,,
knowledge_base/hosted/content/diseases/t_pll.yaml,diseases,notes,notes_ua,drafted_v2plus,pending_clinical_signoff,claude_ua_01,2,210,326,56,,
knowledge_base/hosted/content/diseases/testicular_gct.yaml,diseases,notes,notes_ua,drafted_v2plus,pending_clinical_signoff,claude_ua_01,2,609,785,56,,
knowledge_base/hosted/content/diseases/tgct.yaml,diseases,notes,notes_ua,drafted_v2plus,pending_clinical_signoff,claude_ua_01,2,656,760,56,,
knowledge_base/hosted/content/diseases/thyroid_anaplastic.yaml,diseases,notes,notes_ua,drafted_v2plus,pending_clinical_signoff,claude_ua_01,2,1005,1466,56,,
knowledge_base/hosted/content/diseases/thyroid_papillary.yaml,diseases,notes,notes_ua,drafted_v2plus,pending_clinical_signoff,claude_ua_01,2,1039,1350,56,,
knowledge_base/hosted/content/diseases/urothelial.yaml,diseases,notes,notes_ua,drafted_v2plus,pending_clinical_signoff,claude_ua_01,2,100,181,56,,
knowledge_base/hosted/content/diseases/waldenstrom.yaml,diseases,notes,notes_ua,drafted_v2plus,pending_clinical_signoff,claude_ua_01,2,237,306,56,,
knowledge_base/hosted/content/regimens/a_avd.yaml,regimens,notes,notes_ua,drafted_v2plus,pending_clinical_signoff,claude_ua_11,2,292,487,56,,
knowledge_base/hosted/content/regimens/abvd.yaml,regimens,notes,notes_ua,drafted_v2plus,pending_clinical_signoff,claude_ua_11,2,357,478,56,,
knowledge_base/hosted/content/regimens/acalabrutinib_continuous.yaml,regimens,notes,notes_ua,drafted_v2plus,pending_clinical_signoff,claude_ua_11,2,257,366,56,,
knowledge_base/hosted/content/regimens/acalabrutinib_rituximab.yaml,regimens,notes,notes_ua,drafted_v2plus,pending_clinical_signoff,claude_ua_11,2,276,456,56,,
knowledge_base/hosted/content/regimens/alemtuzumab_iv.yaml,regimens,notes,notes_ua,drafted_v2plus,pending_clinical_signoff,claude_ua_11,2,197,338,56,,
knowledge_base/hosted/content/regimens/aml_7_3_induction.yaml,regimens,notes,notes_ua,drafted_v2plus,pending_clinical_signoff,claude_ua_11,2,375,573,56,,
knowledge_base/hosted/content/regimens/atezolizumab_bevacizumab.yaml,regimens,notes,notes_ua,drafted_v2plus,pending_clinical_signoff,claude_ua_11,2,267,428,56,,
knowledge_base/hosted/content/regimens/atra_ato_apl.yaml,regimens,notes,notes_ua,drafted_v2plus,pending_clinical_signoff,claude_ua_11,2,408,541,56,,
knowledge_base/hosted/content/regimens/atra_ato_ida_apl.yaml,regimens,notes,notes_ua,drafted_v2plus,pending_clinical_signoff,claude_ua_11,2,416,521,56,,
knowledge_base/hosted/content/regimens/azacitidine_mds_hr.yaml,regimens,notes,notes_ua,drafted_v2plus,pending_clinical_signoff,claude_ua_11,2,406,611,56,,
knowledge_base/hosted/content/regimens/azt_ifn_a.yaml,regimens,notes,notes_ua,drafted_v2plus,pending_clinical_signoff,claude_ua_11,2,187,307,56,,
knowledge_base/hosted/content/regimens/br_standard.yaml,regimens,notes,notes_ua,drafted_v2plus,pending_clinical_signoff,claude_ua_11,2,227,265,56,,
knowledge_base/hosted/content/regimens/bv_mono_mf.yaml,regimens,notes,notes_ua,drafted_v2plus,pending_clinical_signoff,claude_ua_11,2,355,416,56,,
knowledge_base/hosted/content/regimens/capox.yaml,regimens,notes,notes_ua,drafted_v2plus,pending_clinical_signoff,claude_ua_11,2,274,378,56,,
knowledge_base/hosted/content/regimens/carbo_gem_bev_ovarian.yaml,regimens,notes,notes_ua,drafted_v2plus,pending_clinical_signoff,claude_ua_11,2,351,512,56,,
knowledge_base/hosted/content/regimens/carbo_pld_bev_ovarian.yaml,regimens,notes,notes_ua,drafted_v2plus,pending_clinical_signoff,claude_ua_11,2,521,593,56,,
knowledge_base/hosted/content/regimens/carboplatin_paclitaxel_ovarian.yaml,regimens,notes,notes_ua,drafted_v2plus,pending_clinical_signoff,claude_ua_11,2,359,494,56,,
knowledge_base/hosted/content/regimens/carboplatin_paclitaxel_weekly.yaml,regimens,notes,notes_ua,drafted_v2plus,pending_clinical_signoff,claude_ua_11,2,386,483,56,,
knowledge_base/hosted/content/regimens/choep.yaml,regimens,notes,notes_ua,drafted_v2plus,pending_clinical_signoff,claude_ua_11,2,307,440,56,,
knowledge_base/hosted/content/regimens/chp_bv.yaml,regimens,notes,notes_ua,drafted_v2plus,pending_clinical_signoff,claude_ua_11,2,384,492,56,,
knowledge_base/hosted/content/regimens/cisplatin_radiosensitization.yaml,regimens,notes,notes_ua,drafted_v2plus,pending_clinical_signoff,claude_ua_11,2,308,372,56,,
knowledge_base/hosted/content/regimens/cladribine_single_course.yaml,regimens,notes,notes_ua,drafted_v2plus,pending_clinical_signoff,claude_ua_11,2,304,418,56,,
knowledge_base/hosted/content/regimens/codox_m_ivac.yaml,regimens,notes,notes_ua,drafted_v2plus,pending_clinical_signoff,claude_ua_11,2,303,390,56,,
knowledge_base/hosted/content/regimens/da_epoch_r.yaml,regimens,notes,notes_ua,drafted_v2plus,pending_clinical_signoff,claude_ua_11,2,400,531,56,,
knowledge_base/hosted/content/regimens/daa_glec_pibr.yaml,regimens,notes,notes_ua,drafted_v2plus,pending_clinical_signoff,claude_ua_11,2,133,164,56,,
knowledge_base/hosted/content/regimens/daa_sof_vel.yaml,regimens,notes,notes_ua,drafted_v2plus,pending_clinical_signoff,claude_ua_11,2,250,330,56,,
knowledge_base/hosted/content/regimens/dara_vrd.yaml,regimens,notes,notes_ua,drafted_v2plus,pending_clinical_signoff,claude_ua_11,2,424,490,56,,
knowledge_base/hosted/content/regimens/dasatinib_or_nilotinib_cml.yaml,regimens,notes,notes_ua,drafted_v2plus,pending_clinical_signoff,claude_ua_11,2,476,627,56,,
knowledge_base/hosted/content/regimens/drc_wm.yaml,regimens,notes,notes_ua,drafted_v2plus,pending_clinical_signoff,claude_ua_11,2,223,302,56,,
knowledge_base/hosted/content/regimens/durvalumab_tremelimumab_stride.yaml,regimens,notes,notes_ua,drafted_v2plus,pending_clinical_signoff,claude_ua_11,2,314,536,56,,
knowledge_base/hosted/content/regimens/encorafenib_cetuximab_beacon.yaml,regimens,notes,notes_ua,drafted_v2plus,pending_clinical_signoff,claude_ua_11,2,328,495,56,,
knowledge_base/hosted/content/regimens/esa_mds_lr.yaml,regimens,notes,notes_ua,drafted_v2plus,pending_clinical_signoff,claude_ua_11,2,399,515,56,,
knowledge_base/hosted/content/regimens/folfirinox.yaml,regimens,notes,notes_ua,drafted_v2plus,pending_clinical_signoff,claude_ua_11,2,273,453,56,,
knowledge_base/hosted/content/regimens/folfox.yaml,regimens,notes,notes_ua,drafted_v2plus,pending_clinical_signoff,claude_ua_11,2,263,378,56,,
knowledge_base/hosted/content/regimens/folfox_bevacizumab.yaml,regimens,notes,notes_ua,drafted_v2plus,pending_clinical_signoff,claude_ua_11,2,304,428,56,,
knowledge_base/hosted/content/regimens/folfox_cetuximab.yaml,regimens,notes,notes_ua,drafted_v2plus,pending_clinical_signoff,claude_ua_11,2,270,335,56,,
knowledge_base/hosted/content/regimens/folfox_nivolumab.yaml,regimens,notes,notes_ua,drafted_v2plus,pending_clinical_signoff,claude_ua_11,2,675,567,56,,
knowledge_base/hosted/content/regimens/gemcitabine_nab_paclitaxel.yaml,regimens,notes,notes_ua,drafted_v2plus,pending_clinical_signoff,claude_ua_11,2,276,396,56,,
knowledge_base/hosted/content/regimens/hu_pv_et.yaml,regimens,notes,notes_ua,drafted_v2plus,pending_clinical_signoff,claude_ua_11,2,448,545,56,,
knowledge_base/hosted/content/regimens/hyper_cvad_r.yaml,regimens,notes,notes_ua,drafted_v2plus,pending_clinical_signoff,claude_ua_11,2,217,260,56,,
knowledge_base/hosted/content/regimens/ice.yaml,regimens,notes,notes_ua,drafted_v2plus,pending_clinical_signoff,claude_ua_11,2,202,330,56,,
knowledge_base/hosted/content/regimens/imatinib_cml.yaml,regimens,notes,notes_ua,drafted_v2plus,pending_clinical_signoff,claude_ua_11,2,427,549,56,,
knowledge_base/hosted/content/regimens/luspatercept_mds_lr.yaml,regimens,notes,notes_ua,drafted_v2plus,pending_clinical_signoff,claude_ua_11,2,338,432,56,,
knowledge_base/hosted/content/regimens/matrix.yaml,regimens,notes,notes_ua,drafted_v2plus,pending_clinical_signoff,claude_ua_11,2,168,194,56,,
knowledge_base/hosted/content/regimens/mirvetuximab_ovarian.yaml,regimens,notes,notes_ua,drafted_v2plus,pending_clinical_signoff,claude_ua_11,2,464,544,56,,
knowledge_base/hosted/content/regimens/mogamulizumab.yaml,regimens,notes,notes_ua,drafted_v2plus,pending_clinical_signoff,claude_ua_11,2,392,551,56,,
knowledge_base/hosted/content/regimens/niraparib_maintenance_ovarian.yaml,regimens,notes,notes_ua,drafted_v2plus,pending_clinical_signoff,claude_ua_12,2,339,654,56,,
knowledge_base/hosted/content/regimens/nivolumab_adjuvant_esophageal.yaml,regimens,notes,notes_ua,drafted_pending,pending_clinical_signoff,claude_extraction,1,238,245,60,,
knowledge_base/hosted/content/regimens/olaparib_maintenance_ovarian.yaml,regimens,notes,notes_ua,drafted_pending,pending_clinical_signoff,claude_extraction,1,233,245,60,,
knowledge_base/hosted/content/regimens/olaparib_maintenance_pdac.yaml,regimens,notes,notes_ua,drafted_pending,pending_clinical_signoff,claude_extraction,1,252,265,60,,
knowledge_base/hosted/content/regimens/pembrolizumab_msi_mono.yaml,regimens,notes,notes_ua,drafted_pending,pending_clinical_signoff,claude_extraction,1,310,321,60,,
knowledge_base/hosted/content/regimens/pld_bev_ovarian.yaml,regimens,notes,notes_ua,drafted_v2plus,pending_clinical_signoff,claude_ua_12,2,323,473,56,,
knowledge_base/hosted/content/regimens/pola_r_chp.yaml,regimens,notes,notes_ua,drafted_pending,pending_clinical_signoff,claude_extraction,1,401,414,60,,
knowledge_base/hosted/content/regimens/r_chop.yaml,regimens,notes,notes_ua,drafted_pending,pending_clinical_signoff,claude_extraction,1,420,420,60,,
knowledge_base/hosted/content/regimens/r_dhap_autosct.yaml,regimens,notes,notes_ua,drafted_pending,pending_clinical_signoff,claude_extraction,1,315,330,60,,
knowledge_base/hosted/content/regimens/r_mpv.yaml,regimens,notes,notes_ua,drafted_pending,pending_clinical_signoff,claude_extraction,1,192,190,60,,
knowledge_base/hosted/content/regimens/reg_5fu_lv_bev_ckd_modified.yaml,regimens,notes,notes_ua,drafted_pending,pending_clinical_signoff,claude_extraction,1,709,536,60,,
knowledge_base/hosted/content/regimens/reg_aaml1031_pediatric.yaml,regimens,notes,notes_ua,drafted_pending,pending_clinical_signoff,claude_extraction,1,925,638,60,,
knowledge_base/hosted/content/regimens/reg_abemaciclib_adjuvant.yaml,regimens,notes,notes_ua,drafted_pending,pending_clinical_signoff,claude_extraction,1,511,186,60,,
knowledge_base/hosted/content/regimens/reg_acalabrutinib_mcl.yaml,regimens,notes,notes_ua,drafted_pending,pending_clinical_signoff,claude_extraction,1,455,468,60,,
knowledge_base/hosted/content/regimens/reg_adagrasib_nsclc.yaml,regimens,notes,notes_ua,drafted_v2plus,pending_clinical_signoff,claude_ua_12,2,260,495,56,,
knowledge_base/hosted/content/regimens/reg_adt_abiraterone.yaml,regimens,notes,notes_ua,drafted_pending,pending_clinical_signoff,claude_extraction,1,284,290,60,,
knowledge_base/hosted/content/regimens/reg_adt_apalutamide.yaml,regimens,notes,notes_ua,drafted_pending,pending_clinical_signoff,claude_extraction,1,155,155,60,,
knowledge_base/hosted/content/regimens/reg_adt_darolutamide_docetaxel.yaml,regimens,notes,notes_ua,drafted_pending,pending_clinical_signoff,claude_extraction,1,254,256,60,,
knowledge_base/hosted/content/regimens/reg_adt_enzalutamide.yaml,regimens,notes,notes_ua,drafted_pending,pending_clinical_signoff,claude_extraction,1,169,182,60,,
knowledge_base/hosted/content/regimens/reg_adt_leuprolide.yaml,regimens,notes,notes_ua,drafted_pending,pending_clinical_signoff,claude_extraction,1,230,232,60,,
knowledge_base/hosted/content/regimens/reg_ai_palbociclib.yaml,regimens,notes,notes_ua,drafted_pending,pending_clinical_signoff,claude_extraction,1,253,253,60,,
knowledge_base/hosted/content/regimens/reg_ai_ribociclib.yaml,regimens,notes,notes_ua,drafted_pending,pending_clinical_signoff,claude_extraction,1,210,218,60,,
knowledge_base/hosted/content/regimens/reg_alectinib_nsclc.yaml,regimens,notes,notes_ua,drafted_pending,pending_clinical_signoff,claude_extraction,1,143,152,60,,
knowledge_base/hosted/content/regimens/reg_allohct_cml_advanced.yaml,regimens,notes,notes_ua,drafted_pending,pending_clinical_signoff,claude_extraction,1,480,479,60,,
knowledge_base/hosted/content/regimens/reg_allohct_jmml.yaml,regimens,notes,notes_ua,missing,,,,252,0,57,,
knowledge_base/hosted/content/regimens/reg_allohct_mds_hr.yaml,regimens,notes,notes_ua,drafted_pending,pending_clinical_signoff,claude_extraction,1,602,608,60,,
knowledge_base/hosted/content/regimens/reg_allohct_pmf.yaml,regimens,notes,notes_ua,drafted_pending,pending_clinical_signoff,claude_extraction,1,421,457,60,,
knowledge_base/hosted/content/regimens/reg_alpelisib_fulvestrant_breast.yaml,regimens,notes,notes_ua,drafted_v2plus,pending_clinical_signoff,claude_ua_12,2,221,426,56,,
knowledge_base/hosted/content/regimens/reg_ami_laz_nsclc.yaml,regimens,notes,notes_ua,drafted_v2plus,pending_clinical_signoff,claude_ua_12,2,748,959,56,,
knowledge_base/hosted/content/regimens/reg_amivantamab_chemo_nsclc_3l.yaml,regimens,notes,notes_ua,drafted_pending,pending_clinical_signoff,claude_extraction,1,429,376,60,,
knowledge_base/hosted/content/regimens/reg_amivantamab_lazertinib_nsclc_2l.yaml,regimens,notes,notes_ua,drafted_v2plus,pending_clinical_signoff,claude_ua_12,2,305,558,56,,
knowledge_base/hosted/content/regimens/reg_amivantamab_mono_nsclc_ex20ins.yaml,regimens,notes,notes_ua,drafted_v2plus,pending_clinical_signoff,claude_ua_12,2,248,401,56,,
knowledge_base/hosted/content/regimens/reg_aml_7_3_go.yaml,regimens,notes,notes_ua,drafted_pending,pending_clinical_signoff,claude_extraction,1,806,830,60,,
knowledge_base/hosted/content/regimens/reg_anagrelide_et.yaml,regimens,notes,notes_ua,drafted_pending,pending_clinical_signoff,claude_extraction,1,524,522,60,,
knowledge_base/hosted/content/regimens/reg_asciminib_cml.yaml,regimens,notes,notes_ua,drafted_pending,pending_clinical_signoff,claude_extraction,1,304,308,60,,
knowledge_base/hosted/content/regimens/reg_atezo_adjuvant_nsclc.yaml,regimens,notes,notes_ua,drafted_v2plus,pending_clinical_signoff,claude_ua_12,2,373,487,56,,
knowledge_base/hosted/content/regimens/reg_atra_ato_apl_salvage.yaml,regimens,notes,notes_ua,drafted_pending,pending_clinical_signoff,claude_extraction,1,316,314,60,,
knowledge_base/hosted/content/regimens/reg_av_hepatic_modified.yaml,regimens,notes,notes_ua,drafted_pending,pending_clinical_signoff,claude_extraction,1,862,740,60,,
knowledge_base/hosted/content/regimens/reg_avapritinib_advsm_1l.yaml,regimens,notes,notes_ua,drafted_pending,pending_clinical_signoff,claude_extraction,1,559,559,60,,
knowledge_base/hosted/content/regimens/reg_avapritinib_gist_1l.yaml,regimens,notes,notes_ua,drafted_pending,pending_clinical_signoff,claude_extraction,1,423,422,60,,
knowledge_base/hosted/content/regimens/reg_avelumab_maintenance.yaml,regimens,notes,notes_ua,drafted_pending,pending_clinical_signoff,claude_extraction,1,57,62,60,,
knowledge_base/hosted/content/regimens/reg_avelumab_mono_nk_t.yaml,regimens,notes,notes_ua,drafted_pending,pending_clinical_signoff,claude_extraction,1,444,443,60,,
knowledge_base/hosted/content/regimens/reg_avo_cll_1l.yaml,regimens,notes,notes_ua,drafted_pending,pending_clinical_signoff,claude_extraction,1,564,224,60,,
knowledge_base/hosted/content/regimens/reg_azacitidine_aitl.yaml,regimens,notes,notes_ua,drafted_pending,pending_clinical_signoff,claude_extraction,1,626,612,60,,
knowledge_base/hosted/content/regimens/reg_belinostat_ptcl.yaml,regimens,notes,notes_ua,drafted_pending,pending_clinical_signoff,claude_extraction,1,396,414,60,,
knowledge_base/hosted/content/regimens/reg_belzutifan_mono.yaml,regimens,notes,notes_ua,drafted_pending,pending_clinical_signoff,claude_extraction,1,564,577,60,,
knowledge_base/hosted/content/regimens/reg_bemarituzumab_mfolfox6.yaml,regimens,notes,notes_ua,drafted_v2plus,pending_clinical_signoff,claude_ua_12,2,1935,1519,56,,
knowledge_base/hosted/content/regimens/reg_bendamustine_ptcl.yaml,regimens,notes,notes_ua,drafted_pending,pending_clinical_signoff,claude_extraction,1,485,498,60,,
knowledge_base/hosted/content/regimens/reg_bev_maintenance_ovarian.yaml,regimens,notes,notes_ua,drafted_pending,pending_clinical_signoff,claude_extraction,1,444,405,60,,
knowledge_base/hosted/content/regimens/reg_bevacizumab_gbm.yaml,regimens,notes,notes_ua,drafted_v2plus,pending_clinical_signoff,claude_ua_12,2,81,359,56,,
knowledge_base/hosted/content/regimens/reg_bexarotene_maintenance_ctcl.yaml,regimens,notes,notes_ua,drafted_pending,pending_clinical_signoff,claude_extraction,1,315,308,60,,
knowledge_base/hosted/content/regimens/reg_bexarotene_mono_ctcl.yaml,regimens,notes,notes_ua,drafted_pending,pending_clinical_signoff,claude_extraction,1,319,321,60,,
knowledge_base/hosted/content/regimens/reg_blinatumomab_b_all.yaml,regimens,notes,notes_ua,drafted_pending,pending_clinical_signoff,claude_extraction,1,305,379,60,,
knowledge_base/hosted/content/regimens/reg_brentuximab_maintenance_alcl.yaml,regimens,notes,notes_ua,drafted_pending,pending_clinical_signoff,claude_extraction,1,465,480,60,,
knowledge_base/hosted/content/regimens/reg_brentuximab_maintenance_chl.yaml,regimens,notes,notes_ua,drafted_pending,pending_clinical_signoff,claude_extraction,1,579,606,60,,
knowledge_base/hosted/content/regimens/reg_bv_mono_systemic_alcl.yaml,regimens,notes,notes_ua,drafted_pending,pending_clinical_signoff,claude_extraction,1,389,413,60,,
knowledge_base/hosted/content/regimens/reg_cabozantinib_mtc_1l.yaml,regimens,notes,notes_ua,drafted_pending,pending_clinical_signoff,claude_extraction,1,596,607,60,,
knowledge_base/hosted/content/regimens/reg_cabozantinib_rcc.yaml,regimens,notes,notes_ua,drafted_pending,pending_clinical_signoff,claude_extraction,1,417,83,60,,
knowledge_base/hosted/content/regimens/reg_cape_bev_maintenance.yaml,regimens,notes,notes_ua,drafted_pending,pending_clinical_signoff,claude_extraction,1,387,376,60,,
knowledge_base/hosted/content/regimens/reg_capecitabine_crt_concurrent.yaml,regimens,notes,notes_ua,drafted_pending,pending_clinical_signoff,claude_extraction,1,3367,1165,60,,
knowledge_base/hosted/content/regimens/reg_capecitabine_palliative.yaml,regimens,notes,notes_ua,drafted_pending,pending_clinical_signoff,claude_extraction,1,776,560,60,,
knowledge_base/hosted/content/regimens/reg_capivasertib_fulvestrant_breast.yaml,regimens,notes,notes_ua,drafted_v2plus,pending_clinical_signoff,claude_ua_12,2,357,640,56,,
knowledge_base/hosted/content/regimens/reg_capmatinib_nsclc.yaml,regimens,notes,notes_ua,drafted_v2plus,pending_clinical_signoff,claude_ua_12,2,286,481,56,,
knowledge_base/hosted/content/regimens/reg_car_t_axicel.yaml,regimens,notes,notes_ua,drafted_pending,pending_clinical_signoff,claude_extraction,1,554,600,60,,
knowledge_base/hosted/content/regimens/reg_car_t_axicel_fl.yaml,regimens,notes,notes_ua,drafted_pending,pending_clinical_signoff,claude_extraction,1,641,666,60,,
knowledge_base/hosted/content/regimens/reg_car_t_axicel_hgbl.yaml,regimens,notes,notes_ua,drafted_pending,pending_clinical_signoff,claude_extraction,1,251,257,60,,
knowledge_base/hosted/content/regimens/reg_car_t_brexucel_mcl.yaml,regimens,notes,notes_ua,drafted_pending,pending_clinical_signoff,claude_extraction,1,544,561,60,,
knowledge_base/hosted/content/regimens/reg_carbo_pacli_concurrent_rt_esoph.yaml,regimens,notes,notes_ua,drafted_v2plus,pending_clinical_signoff,claude_ua_12,2,601,719,56,,
knowledge_base/hosted/content/regimens/reg_carbo_pem_mod_elderly.yaml,regimens,notes,notes_ua,drafted_pending,pending_clinical_signoff,claude_extraction,1,574,508,60,,
knowledge_base/hosted/content/regimens/reg_carboplatin_paclitaxel_gct.yaml,regimens,notes,notes_ua,drafted_pending,pending_clinical_signoff,claude_extraction,1,627,203,60,,
knowledge_base/hosted/content/regimens/reg_carfilzomib_wm.yaml,regimens,notes,notes_ua,drafted_pending,pending_clinical_signoff,claude_extraction,1,478,485,60,,
knowledge_base/hosted/content/regimens/reg_cetuximab_rechallenge_crc.yaml,regimens,notes,notes_ua,drafted_pending,pending_clinical_signoff,claude_extraction,1,530,500,60,,
knowledge_base/hosted/content/regimens/reg_choep_allosct_consolidation.yaml,regimens,notes,notes_ua,drafted_pending,pending_clinical_signoff,claude_extraction,1,566,576,60,,
knowledge_base/hosted/content/regimens/reg_cinv_4drug_hec.yaml,regimens,notes,notes_ua,drafted_pending,pending_clinical_signoff,claude_extraction,1,1190,452,60,,
knowledge_base/hosted/content/regimens/reg_cisplatin_gemcitabine_urothelial.yaml,regimens,notes,notes_ua,drafted_pending,pending_clinical_signoff,claude_extraction,1,67,66,60,,
knowledge_base/hosted/content/regimens/reg_cpx351_aml.yaml,regimens,notes,notes_ua,drafted_pending,pending_clinical_signoff,claude_extraction,1,283,285,60,,
knowledge_base/hosted/content/regimens/reg_crizotinib_alcl.yaml,regimens,notes,notes_ua,drafted_pending,pending_clinical_signoff,claude_extraction,1,571,589,60,,
knowledge_base/hosted/content/regimens/reg_crizotinib_imt.yaml,regimens,notes,notes_ua,drafted_v2plus,pending_clinical_signoff,claude_ua_12,2,36,407,56,,
knowledge_base/hosted/content/regimens/reg_d_rd_maia.yaml,regimens,notes,notes_ua,drafted_pending,pending_clinical_signoff,claude_extraction,1,601,463,60,,
knowledge_base/hosted/content/regimens/reg_daa_observation_hcv_mzl.yaml,regimens,notes,notes_ua,drafted_pending,pending_clinical_signoff,claude_extraction,1,334,336,60,,
knowledge_base/hosted/content/regimens/reg_dabrafenib_trametinib_nsclc.yaml,regimens,notes,notes_ua,drafted_pending,pending_clinical_signoff,claude_extraction,1,93,93,60,,
knowledge_base/hosted/content/regimens/reg_dara_len_maintenance.yaml,regimens,notes,notes_ua,drafted_pending,pending_clinical_signoff,claude_extraction,1,1423,350,60,,
knowledge_base/hosted/content/regimens/reg_dkd.yaml,regimens,notes,notes_ua,drafted_pending,pending_clinical_signoff,claude_extraction,1,716,746,60,,
knowledge_base/hosted/content/regimens/reg_docetaxel_ramucirumab.yaml,regimens,notes,notes_ua,drafted_pending,pending_clinical_signoff,claude_extraction,1,493,525,60,,
knowledge_base/hosted/content/regimens/reg_dostarlimab_carbo_pacli_endom.yaml,regimens,notes,notes_ua,drafted_pending,pending_clinical_signoff,claude_extraction,1,52,52,60,,
knowledge_base/hosted/content/regimens/reg_dostarlimab_mono_endom.yaml,regimens,notes,notes_ua,drafted_pending,pending_clinical_signoff,claude_extraction,1,468,481,60,,
knowledge_base/hosted/content/regimens/reg_doxorubicin_chondrosarcoma.yaml,regimens,notes,notes_ua,drafted_v2plus,pending_clinical_signoff,claude_ua_12,2,36,433,56,,
knowledge_base/hosted/content/regimens/reg_doxorubicin_ifosfamide_mpnst.yaml,regimens,notes,notes_ua,drafted_v2plus,pending_clinical_signoff,claude_ua_12,2,36,445,56,,
knowledge_base/hosted/content/regimens/reg_durva_consolidation_pacific.yaml,regimens,notes,notes_ua,drafted_pending,pending_clinical_signoff,claude_extraction,1,119,129,60,,
knowledge_base/hosted/content/regimens/reg_durva_consolidation_sclc.yaml,regimens,notes,notes_ua,drafted_pending,pending_clinical_signoff,claude_extraction,1,488,348,60,,
knowledge_base/hosted/content/regimens/reg_durva_gem_cis_cholangio.yaml,regimens,notes,notes_ua,drafted_pending,pending_clinical_signoff,claude_extraction,1,854,358,60,,
knowledge_base/hosted/content/regimens/reg_elacestrant_breast.yaml,regimens,notes,notes_ua,drafted_v2plus,pending_clinical_signoff,claude_ua_12,2,349,516,56,,
knowledge_base/hosted/content/regimens/reg_enasidenib_aml.yaml,regimens,notes,notes_ua,drafted_pending,pending_clinical_signoff,claude_extraction,1,597,571,60,,
knowledge_base/hosted/content/regimens/reg_encorafenib_binimetinib_melanoma.yaml,regimens,notes,notes_ua,drafted_v2plus,pending_clinical_signoff,claude_ua_12,2,545,653,56,,
knowledge_base/hosted/content/regimens/reg_entrectinib_nsclc.yaml,regimens,notes,notes_ua,drafted_v2plus,pending_clinical_signoff,claude_ua_12,2,325,481,56,,
knowledge_base/hosted/content/regimens/reg_ep_atezo_sclc.yaml,regimens,notes,notes_ua,drafted_pending,pending_clinical_signoff,claude_extraction,1,150,158,60,,
knowledge_base/hosted/content/regimens/reg_ep_concurrent_rt_sclc_limited.yaml,regimens,notes,notes_ua,drafted_pending,pending_clinical_signoff,claude_extraction,1,156,152,60,,
knowledge_base/hosted/content/regimens/reg_ep_durva_sclc.yaml,regimens,notes,notes_ua,drafted_pending,pending_clinical_signoff,claude_extraction,1,116,125,60,,
knowledge_base/hosted/content/regimens/reg_ev_pembro_urothelial.yaml,regimens,notes,notes_ua,drafted_pending,pending_clinical_signoff,claude_extraction,1,47,51,60,,
knowledge_base/hosted/content/regimens/reg_everolimus_exemestane.yaml,regimens,notes,notes_ua,drafted_pending,pending_clinical_signoff,claude_extraction,1,614,398,60,,
knowledge_base/hosted/content/regimens/reg_everolimus_mono_pnet.yaml,regimens,notes,notes_ua,drafted_pending,pending_clinical_signoff,claude_extraction,1,635,659,60,,
knowledge_base/hosted/content/regimens/reg_exemestane_chemoprevention.yaml,regimens,notes,notes_ua,drafted_pending,pending_clinical_signoff,claude_v02_prevention_drugs_batch2,1,652,531,50,,
knowledge_base/hosted/content/regimens/reg_extreme_hnscc.yaml,regimens,notes,notes_ua,drafted_pending,pending_clinical_signoff,claude_extraction,1,719,737,60,,
knowledge_base/hosted/content/regimens/reg_fedratinib_pmf.yaml,regimens,notes,notes_ua,drafted_pending,pending_clinical_signoff,claude_extraction,1,264,293,60,,
knowledge_base/hosted/content/regimens/reg_flot.yaml,regimens,notes,notes_ua,drafted_pending,pending_clinical_signoff,claude_extraction,1,1077,695,60,,
knowledge_base/hosted/content/regimens/reg_fn_empirical_antibacterial.yaml,regimens,notes,notes_ua,drafted_pending,pending_clinical_signoff,claude_extraction,1,1118,667,60,,
knowledge_base/hosted/content/regimens/reg_folfiri_bev.yaml,regimens,notes,notes_ua,drafted_pending,pending_clinical_signoff,claude_extraction,1,460,480,60,,
knowledge_base/hosted/content/regimens/reg_folfoxiri_bev.yaml,regimens,notes,notes_ua,drafted_pending,pending_clinical_signoff,claude_extraction,1,563,273,60,,
knowledge_base/hosted/content/regimens/reg_fulvestrant_abemaciclib.yaml,regimens,notes,notes_ua,drafted_pending,pending_clinical_signoff,claude_extraction,1,172,169,60,,
knowledge_base/hosted/content/regimens/reg_fulvestrant_everolimus_breast.yaml,regimens,notes,notes_ua,drafted_v2plus,pending_clinical_signoff,claude_ua_12,2,485,691,56,,
knowledge_base/hosted/content/regimens/reg_gemcitabine_cisplatin_cholangio.yaml,regimens,notes,notes_ua,drafted_v2plus,pending_clinical_signoff,claude_ua_12,2,36,426,56,,
knowledge_base/hosted/content/regimens/reg_gemtuzumab_apl.yaml,regimens,notes,notes_ua,drafted_pending,pending_clinical_signoff,claude_extraction,1,291,293,60,,
knowledge_base/hosted/content/regimens/reg_gilteritinib_aml.yaml,regimens,notes,notes_ua,drafted_pending,pending_clinical_signoff,claude_extraction,1,276,277,60,,
knowledge_base/hosted/content/regimens/reg_hbv_entecavir.yaml,regimens,notes,notes_ua,drafted_pending,pending_clinical_signoff,claude_v02_prevention_authoring,1,385,393,50,,
knowledge_base/hosted/content/regimens/reg_hbv_tenofovir_af.yaml,regimens,notes,notes_ua,drafted_pending,pending_clinical_signoff,claude_v02_prevention_authoring,1,310,333,50,,
knowledge_base/hosted/content/regimens/reg_hiv_biktarvy.yaml,regimens,notes,notes_ua,drafted_pending,pending_clinical_signoff,claude_v02_prevention_authoring,1,490,520,50,,
knowledge_base/hosted/content/regimens/reg_hp_bismuth_quadruple.yaml,regimens,notes,notes_ua,drafted_pending,pending_clinical_signoff,claude_v02_prevention_authoring,1,318,330,50,,
knowledge_base/hosted/content/regimens/reg_hp_maintenance.yaml,regimens,notes,notes_ua,drafted_pending,pending_clinical_signoff,claude_extraction,1,521,416,60,,
knowledge_base/hosted/content/regimens/reg_hp_ppi_clar_amox.yaml,regimens,notes,notes_ua,drafted_pending,pending_clinical_signoff,claude_v02_prevention_authoring,1,324,317,50,,
knowledge_base/hosted/content/regimens/reg_hpv_gardasil_9.yaml,regimens,notes,notes_ua,drafted_pending,pending_clinical_signoff,claude_v02_prevention_authoring,1,385,396,50,,
knowledge_base/hosted/content/regimens/reg_hypofractionated_rt_gbm.yaml,regimens,notes,notes_ua,drafted_v2plus,pending_clinical_signoff,claude_ua_12,2,210,395,56,,
knowledge_base/hosted/content/regimens/reg_imatinib_gist_1l.yaml,regimens,notes,notes_ua,drafted_pending,pending_clinical_signoff,claude_extraction,1,405,420,60,,
knowledge_base/hosted/content/regimens/reg_imatinib_kit_melanoma.yaml,regimens,notes,notes_ua,drafted_v2plus,pending_clinical_signoff,claude_ua_12,2,587,707,56,,
knowledge_base/hosted/content/regimens/reg_imetelstat_mds_lr.yaml,regimens,notes,notes_ua,drafted_pending,pending_clinical_signoff,claude_extraction,1,217,219,60,,
knowledge_base/hosted/content/regimens/reg_inotuzumab_b_all.yaml,regimens,notes,notes_ua,drafted_pending,pending_clinical_signoff,claude_extraction,1,238,267,60,,
knowledge_base/hosted/content/regimens/reg_ipi_nivo_esoph_scc.yaml,regimens,notes,notes_ua,drafted_pending,pending_clinical_signoff,claude_extraction,1,766,221,57,,
knowledge_base/hosted/content/regimens/reg_irr_rescue_protocol.yaml,regimens,notes,notes_ua,drafted_pending,pending_clinical_signoff,claude_extraction,1,1192,713,60,,
knowledge_base/hosted/content/regimens/reg_isa_kd_mm_3l.yaml,regimens,notes,notes_ua,drafted_v2plus,pending_clinical_signoff,claude_ua_12,2,754,812,56,,
knowledge_base/hosted/content/regimens/reg_ivosidenib_cholangio.yaml,regimens,notes,notes_ua,drafted_v2plus,pending_clinical_signoff,claude_ua_12,2,1101,1093,56,,
knowledge_base/hosted/content/regimens/reg_lanreotide_autogel_gi_net.yaml,regimens,notes,notes_ua,drafted_pending,pending_clinical_signoff,claude_extraction,1,676,660,60,,
knowledge_base/hosted/content/regimens/reg_larotrectinib_ifs.yaml,regimens,notes,notes_ua,drafted_v2plus,pending_clinical_signoff,claude_ua_12,2,36,491,56,,
knowledge_base/hosted/content/regimens/reg_larotrectinib_pantumor.yaml,regimens,notes,notes_ua,drafted_v2plus,pending_clinical_signoff,claude_ua_12,2,380,562,56,,
knowledge_base/hosted/content/regimens/reg_lenalidomide_maintenance.yaml,regimens,notes,notes_ua,drafted_pending,pending_clinical_signoff,claude_extraction,1,476,504,60,,
knowledge_base/hosted/content/regimens/reg_lenalidomide_mds_del5q.yaml,regimens,notes,notes_ua,drafted_pending,pending_clinical_signoff,claude_extraction,1,306,312,60,,
knowledge_base/hosted/content/regimens/reg_lenv_pembro_rcc.yaml,regimens,notes,notes_ua,drafted_pending,pending_clinical_signoff,claude_extraction,1,523,77,60,,
knowledge_base/hosted/content/regimens/reg_lenvatinib_thyroid_rai_ref.yaml,regimens,notes,notes_ua,drafted_v2plus,pending_clinical_signoff,claude_ua_12,2,36,442,56,,
knowledge_base/hosted/content/regimens/reg_lifileucel_til_melanoma.yaml,regimens,notes,notes_ua,drafted_v2plus,pending_clinical_signoff,claude_ua_12,2,646,736,56,,
knowledge_base/hosted/content/regimens/reg_loncastuximab_tesirine.yaml,regimens,notes,notes_ua,drafted_pending,pending_clinical_signoff,claude_extraction,1,544,575,60,,
knowledge_base/hosted/content/regimens/reg_lorlatinib_nsclc.yaml,regimens,notes,notes_ua,drafted_pending,pending_clinical_signoff,claude_extraction,1,137,144,60,,
knowledge_base/hosted/content/regimens/reg_lutetium_psma.yaml,regimens,notes,notes_ua,drafted_pending,pending_clinical_signoff,claude_extraction,1,197,202,60,,
knowledge_base/hosted/content/regimens/reg_mfolfirinox.yaml,regimens,notes,notes_ua,drafted_pending,pending_clinical_signoff,claude_extraction,1,771,742,60,,
knowledge_base/hosted/content/regimens/reg_midostaurin_advsm_1l.yaml,regimens,notes,notes_ua,drafted_pending,pending_clinical_signoff,claude_extraction,1,682,696,60,,
knowledge_base/hosted/content/regimens/reg_momelotinib_pmf.yaml,regimens,notes,notes_ua,drafted_pending,pending_clinical_signoff,claude_extraction,1,336,352,60,,
knowledge_base/hosted/content/regimens/reg_mosunetuzumab_fl.yaml,regimens,notes,notes_ua,drafted_pending,pending_clinical_signoff,claude_extraction,1,494,491,60,,
knowledge_base/hosted/content/regimens/reg_nalirifox.yaml,regimens,notes,notes_ua,drafted_v2plus,pending_clinical_signoff,claude_ua_12,2,1084,992,56,,
knowledge_base/hosted/content/regimens/reg_naltrexone_aud.yaml,regimens,notes,notes_ua,drafted_pending,pending_clinical_signoff,claude_v02_prevention_drugs_batch2,1,369,374,50,,
knowledge_base/hosted/content/regimens/reg_nelarabine_tcell.yaml,regimens,notes,notes_ua,drafted_pending,pending_clinical_signoff,claude_extraction,1,311,325,60,,
knowledge_base/hosted/content/regimens/reg_nicotine_replacement_combo.yaml,regimens,notes,notes_ua,drafted_pending,pending_clinical_signoff,claude_v02_prevention_drugs_batch2,1,412,396,50,,
knowledge_base/hosted/content/regimens/reg_nivo_avd.yaml,regimens,notes,notes_ua,drafted_pending,pending_clinical_signoff,claude_extraction,1,547,573,60,,
knowledge_base/hosted/content/regimens/reg_nivo_cabo_rcc.yaml,regimens,notes,notes_ua,drafted_pending,pending_clinical_signoff,claude_extraction,1,478,77,57,,
knowledge_base/hosted/content/regimens/reg_nivo_chemo_escc.yaml,regimens,notes,notes_ua,drafted_v2plus,pending_clinical_signoff,claude_ua_12,2,179,318,56,,
knowledge_base/hosted/content/regimens/reg_nivo_ipi_chemo_nsclc_1l.yaml,regimens,notes,notes_ua,drafted_v2plus,pending_clinical_signoff,claude_ua_12,2,1133,2053,56,,
knowledge_base/hosted/content/regimens/reg_nivo_ipi_melanoma.yaml,regimens,notes,notes_ua,drafted_pending,pending_clinical_signoff,claude_extraction,1,72,77,60,,
knowledge_base/hosted/content/regimens/reg_nivo_ipi_rcc.yaml,regimens,notes,notes_ua,drafted_pending,pending_clinical_signoff,claude_extraction,1,73,68,60,,
knowledge_base/hosted/content/regimens/reg_nivo_maintenance_melanoma.yaml,regimens,notes,notes_ua,drafted_v2plus,pending_clinical_signoff,claude_ua_12,2,407,390,56,,
knowledge_base/hosted/content/regimens/reg_nivo_mono_esoph_2l.yaml,regimens,notes,notes_ua,drafted_pending,pending_clinical_signoff,claude_extraction,1,465,473,60,,
knowledge_base/hosted/content/regimens/reg_nivo_mono_mesothelioma_2l.yaml,regimens,notes,notes_ua,drafted_v2plus,pending_clinical_signoff,claude_ua_12,2,809,956,56,,
knowledge_base/hosted/content/regimens/reg_o_chl.yaml,regimens,notes,notes_ua,drafted_pending,pending_clinical_signoff,claude_extraction,1,626,547,60,,
knowledge_base/hosted/content/regimens/reg_obinutuzumab_benda.yaml,regimens,notes,notes_ua,drafted_v2plus,pending_clinical_signoff,claude_ua_12,2,509,728,56,,
knowledge_base/hosted/content/regimens/reg_olaparib_breast.yaml,regimens,notes,notes_ua,drafted_pending,pending_clinical_signoff,claude_extraction,1,220,240,60,,
knowledge_base/hosted/content/regimens/reg_olaparib_mono.yaml,regimens,notes,notes_ua,drafted_pending,pending_clinical_signoff,claude_extraction,1,174,178,60,,
knowledge_base/hosted/content/regimens/reg_oral_aza_quazar_maintenance.yaml,regimens,notes,notes_ua,drafted_pending,pending_clinical_signoff,claude_extraction,1,524,526,60,,
knowledge_base/hosted/content/regimens/reg_osi_pem_platinum_nsclc.yaml,regimens,notes,notes_ua,drafted_v2plus,pending_clinical_signoff,claude_ua_12,2,637,723,56,,
knowledge_base/hosted/content/regimens/reg_osimertinib_nsclc.yaml,regimens,notes,notes_ua,drafted_pending,pending_clinical_signoff,claude_extraction,1,194,198,60,,
knowledge_base/hosted/content/regimens/reg_p_gemox_nk_t.yaml,regimens,notes,notes_ua,drafted_pending,pending_clinical_signoff,claude_extraction,1,398,399,60,,
knowledge_base/hosted/content/regimens/reg_paclitaxel_carboplatin_atc.yaml,regimens,notes,notes_ua,drafted_v2plus,pending_clinical_signoff,claude_ua_12,2,36,395,56,,
knowledge_base/hosted/content/regimens/reg_paclitaxel_carboplatin_salivary.yaml,regimens,notes,notes_ua,drafted_v2plus,pending_clinical_signoff,claude_ua_12,2,36,335,56,,
knowledge_base/hosted/content/regimens/reg_paclitaxel_ramucirumab_gastric.yaml,regimens,notes,notes_ua,drafted_pending,pending_clinical_signoff,claude_extraction,1,419,448,60,,
knowledge_base/hosted/content/regimens/reg_pazopanib_rcc.yaml,regimens,notes,notes_ua,drafted_v2plus,pending_clinical_signoff,claude_ua_12,2,372,425,56,,
knowledge_base/hosted/content/regimens/reg_pembro_adjuvant.yaml,regimens,notes,notes_ua,drafted_v2plus,pending_clinical_signoff,claude_ua_12,2,957,1253,56,,
knowledge_base/hosted/content/regimens/reg_pembro_adjuvant_melanoma.yaml,regimens,notes,notes_ua,drafted_v2plus,pending_clinical_signoff,claude_ua_12,2,592,651,56,,
knowledge_base/hosted/content/regimens/reg_pembro_axi_rcc.yaml,regimens,notes,notes_ua,drafted_pending,pending_clinical_signoff,claude_extraction,1,41,41,60,,
knowledge_base/hosted/content/regimens/reg_pembro_carbo_pacli_endom.yaml,regimens,notes,notes_ua,drafted_pending,pending_clinical_signoff,claude_extraction,1,39,39,60,,
knowledge_base/hosted/content/regimens/reg_pembro_chemo_hnscc_1l.yaml,regimens,notes,notes_ua,drafted_pending,pending_clinical_signoff,claude_extraction,1,520,541,60,,
knowledge_base/hosted/content/regimens/reg_pembro_chemo_neoadj_nsclc.yaml,regimens,notes,notes_ua,drafted_v2plus,pending_clinical_signoff,claude_ua_12,2,1466,2399,56,,
knowledge_base/hosted/content/regimens/reg_pembro_chemo_nsclc_nonsq.yaml,regimens,notes,notes_ua,drafted_pending,pending_clinical_signoff,claude_extraction,1,257,257,60,,
knowledge_base/hosted/content/regimens/reg_pembro_chemo_tnbc_neoadjuvant.yaml,regimens,notes,notes_ua,drafted_pending,pending_clinical_signoff,claude_extraction,1,178,178,60,,
knowledge_base/hosted/content/regimens/reg_pembro_cisplatin_5fu_esoph.yaml,regimens,notes,notes_ua,drafted_v2plus,pending_clinical_signoff,claude_ua_12,2,92,326,56,,
knowledge_base/hosted/content/regimens/reg_pembro_gem_cis_cholangio.yaml,regimens,notes,notes_ua,drafted_v2plus,pending_clinical_signoff,claude_ua_12,2,962,781,56,,
knowledge_base/hosted/content/regimens/reg_pembro_lenvatinib_endom.yaml,regimens,notes,notes_ua,drafted_pending,pending_clinical_signoff,claude_extraction,1,524,544,60,,
knowledge_base/hosted/content/regimens/reg_pembro_mono_esoph_2l.yaml,regimens,notes,notes_ua,drafted_pending,pending_clinical_signoff,claude_extraction,1,530,550,60,,
knowledge_base/hosted/content/regimens/reg_pembro_mono_hnscc_1l.yaml,regimens,notes,notes_ua,drafted_pending,pending_clinical_signoff,claude_extraction,1,382,397,60,,
knowledge_base/hosted/content/regimens/reg_pembro_mono_melanoma.yaml,regimens,notes,notes_ua,drafted_pending,pending_clinical_signoff,claude_extraction,1,528,568,60,,
knowledge_base/hosted/content/regimens/reg_pembro_mono_nsclc.yaml,regimens,notes,notes_ua,drafted_pending,pending_clinical_signoff,claude_extraction,1,131,136,60,,
knowledge_base/hosted/content/regimens/reg_pembro_pacli_carbo_bev_cervical.yaml,regimens,notes,notes_ua,drafted_pending,pending_clinical_signoff,claude_extraction,1,392,159,57,,
knowledge_base/hosted/content/regimens/reg_pembrolizumab_chl.yaml,regimens,notes,notes_ua,drafted_pending,pending_clinical_signoff,claude_extraction,1,580,600,60,,
knowledge_base/hosted/content/regimens/reg_pembrolizumab_maintenance.yaml,regimens,notes,notes_ua,drafted_pending,pending_clinical_signoff,claude_extraction,1,564,565,60,,
knowledge_base/hosted/content/regimens/reg_pemigatinib_cholangio.yaml,regimens,notes,notes_ua,drafted_v2plus,pending_clinical_signoff,claude_ua_12,2,801,799,56,,
knowledge_base/hosted/content/regimens/reg_pexidartinib_tgct.yaml,regimens,notes,notes_ua,drafted_pending,pending_clinical_signoff,claude_extraction,1,355,150,60,,
knowledge_base/hosted/content/regimens/reg_pirtobrutinib.yaml,regimens,notes,notes_ua,drafted_pending,pending_clinical_signoff,claude_extraction,1,450,458,60,,
knowledge_base/hosted/content/regimens/reg_pirtobrutinib_mcl.yaml,regimens,notes,notes_ua,drafted_pending,pending_clinical_signoff,claude_extraction,1,519,528,60,,
knowledge_base/hosted/content/regimens/reg_pola_r_bendamustine.yaml,regimens,notes,notes_ua,drafted_pending,pending_clinical_signoff,claude_extraction,1,401,429,60,,
knowledge_base/hosted/content/regimens/reg_pomp_b_all_maintenance.yaml,regimens,notes,notes_ua,drafted_pending,pending_clinical_signoff,claude_extraction,1,515,521,60,,
knowledge_base/hosted/content/regimens/reg_ponatinib_cml.yaml,regimens,notes,notes_ua,drafted_pending,pending_clinical_signoff,claude_extraction,1,501,506,60,,
knowledge_base/hosted/content/regimens/reg_pralatrexate_ptcl.yaml,regimens,notes,notes_ua,drafted_pending,pending_clinical_signoff,claude_extraction,1,443,463,60,,
knowledge_base/hosted/content/regimens/reg_quizartinib_7_3.yaml,regimens,notes,notes_ua,drafted_pending,pending_clinical_signoff,claude_extraction,1,317,327,60,,
knowledge_base/hosted/content/regimens/reg_r_bendamustine_relapsed_mzl.yaml,regimens,notes,notes_ua,drafted_pending,pending_clinical_signoff,claude_extraction,1,177,183,60,,
knowledge_base/hosted/content/regimens/reg_r_ice_pmbcl.yaml,regimens,notes,notes_ua,drafted_pending,pending_clinical_signoff,claude_extraction,1,328,330,60,,
knowledge_base/hosted/content/regimens/reg_r_mpv_salvage_pcnsl.yaml,regimens,notes,notes_ua,drafted_pending,pending_clinical_signoff,claude_extraction,1,283,285,60,,
knowledge_base/hosted/content/regimens/reg_raloxifene_chemoprevention.yaml,regimens,notes,notes_ua,drafted_pending,pending_clinical_signoff,claude_v02_prevention_drugs_batch2,1,505,493,50,,
knowledge_base/hosted/content/regimens/reg_rd_continuous.yaml,regimens,notes,notes_ua,drafted_pending,pending_clinical_signoff,claude_extraction,1,1228,303,58,,
knowledge_base/hosted/content/regimens/reg_rdhap_burkitt.yaml,regimens,notes,notes_ua,drafted_pending,pending_clinical_signoff,claude_extraction,1,625,627,60,,
knowledge_base/hosted/content/regimens/reg_regorafenib.yaml,regimens,notes,notes_ua,drafted_pending,pending_clinical_signoff,claude_extraction,1,597,628,60,,
knowledge_base/hosted/content/regimens/reg_relatlimab_nivolumab_melanoma.yaml,regimens,notes,notes_ua,drafted_v2plus,pending_clinical_signoff,claude_ua_12,2,529,738,56,,
knowledge_base/hosted/content/regimens/reg_repotrectinib_nsclc.yaml,regimens,notes,notes_ua,drafted_v2plus,pending_clinical_signoff,claude_ua_12,2,281,552,56,,
knowledge_base/hosted/content/regimens/reg_revumenib_aml.yaml,regimens,notes,notes_ua,drafted_pending,pending_clinical_signoff,claude_extraction,1,509,535,60,,
knowledge_base/hosted/content/regimens/reg_ribociclib_ai_adjuvant.yaml,regimens,notes,notes_ua,drafted_pending,pending_clinical_signoff,claude_extraction,1,715,218,60,,
knowledge_base/hosted/content/regimens/reg_rice_burkitt.yaml,regimens,notes,notes_ua,drafted_pending,pending_clinical_signoff,claude_extraction,1,684,685,60,,
knowledge_base/hosted/content/regimens/reg_rituximab_lenalidomide_r2.yaml,regimens,notes,notes_ua,drafted_v2plus,pending_clinical_signoff,claude_ua_12,2,507,651,56,,
knowledge_base/hosted/content/regimens/reg_rituximab_maintenance_fl.yaml,regimens,notes,notes_ua,drafted_pending,pending_clinical_signoff,claude_extraction,1,264,269,60,,
knowledge_base/hosted/content/regimens/reg_rituximab_maintenance_mcl.yaml,regimens,notes,notes_ua,drafted_pending,pending_clinical_signoff,claude_extraction,1,292,315,60,,
knowledge_base/hosted/content/regimens/reg_rituximab_maintenance_ptld.yaml,regimens,notes,notes_ua,drafted_pending,pending_clinical_signoff,claude_extraction,1,496,503,60,,
knowledge_base/hosted/content/regimens/reg_romidepsin_ptcl.yaml,regimens,notes,notes_ua,drafted_pending,pending_clinical_signoff,claude_extraction,1,511,517,60,,
knowledge_base/hosted/content/regimens/reg_ropeginterferon_pv.yaml,regimens,notes,notes_ua,drafted_pending,pending_clinical_signoff,claude_extraction,1,278,288,60,,
knowledge_base/hosted/content/regimens/reg_rt_pcv_lgg.yaml,regimens,notes,notes_ua,drafted_v2plus,pending_clinical_signoff,claude_ua_12,2,335,436,56,,
knowledge_base/hosted/content/regimens/reg_sacituzumab.yaml,regimens,notes,notes_ua,drafted_pending,pending_clinical_signoff,claude_extraction,1,154,159,60,,
knowledge_base/hosted/content/regimens/reg_selpercatinib_mtc_1l.yaml,regimens,notes,notes_ua,drafted_pending,pending_clinical_signoff,claude_extraction,1,407,422,60,,
knowledge_base/hosted/content/regimens/reg_selpercatinib_nsclc.yaml,regimens,notes,notes_ua,drafted_v2plus,pending_clinical_signoff,claude_ua_12,2,265,428,56,,
knowledge_base/hosted/content/regimens/reg_semaglutide_obesity.yaml,regimens,notes,notes_ua,drafted_pending,pending_clinical_signoff,claude_v02_prevention_drugs_batch2,1,399,402,50,,
knowledge_base/hosted/content/regimens/reg_sirolimus_lam.yaml,regimens,notes,notes_ua,drafted_pending,pending_clinical_signoff,claude_extraction,1,495,149,60,,
knowledge_base/hosted/content/regimens/reg_sonidegib_bcc.yaml,regimens,notes,notes_ua,drafted_pending,pending_clinical_signoff,claude_extraction,1,336,143,60,,
knowledge_base/hosted/content/regimens/reg_sotorasib_cetuximab_crc.yaml,regimens,notes,notes_ua,drafted_v2plus,pending_clinical_signoff,claude_ua_12,2,455,672,56,,
knowledge_base/hosted/content/regimens/reg_sotorasib_kras.yaml,regimens,notes,notes_ua,drafted_pending,pending_clinical_signoff,claude_extraction,1,41,41,60,,
knowledge_base/hosted/content/regimens/reg_sunitinib_gist_2l.yaml,regimens,notes,notes_ua,drafted_pending,pending_clinical_signoff,claude_extraction,1,432,146,60,,
knowledge_base/hosted/content/regimens/reg_sunitinib_rcc.yaml,regimens,notes,notes_ua,drafted_pending,pending_clinical_signoff,claude_extraction,1,388,85,57,,
knowledge_base/hosted/content/regimens/reg_t_dxd_nsclc.yaml,regimens,notes,notes_ua,drafted_v2plus,pending_clinical_signoff,claude_ua_12,2,334,603,56,,
knowledge_base/hosted/content/regimens/reg_tamoxifen_chemoprevention.yaml,regimens,notes,notes_ua,drafted_pending,pending_clinical_signoff,claude_v02_prevention_drugs_batch2,1,578,487,50,,
knowledge_base/hosted/content/regimens/reg_tarlatamab.yaml,regimens,notes,notes_ua,drafted_pending,pending_clinical_signoff,claude_extraction,1,1311,1190,60,,
knowledge_base/hosted/content/regimens/reg_tazemetostat_epithelioid_sarcoma.yaml,regimens,notes,notes_ua,drafted_pending,pending_clinical_signoff,claude_extraction,1,513,185,60,,
knowledge_base/hosted/content/regimens/reg_tazemetostat_fl.yaml,regimens,notes,notes_ua,drafted_pending,pending_clinical_signoff,claude_extraction,1,474,483,60,,
knowledge_base/hosted/content/regimens/reg_tchp_neoadjuvant.yaml,regimens,notes,notes_ua,drafted_pending,pending_clinical_signoff,claude_extraction,1,208,214,60,,
knowledge_base/hosted/content/regimens/reg_tdm1_adjuvant.yaml,regimens,notes,notes_ua,drafted_pending,pending_clinical_signoff,claude_extraction,1,196,200,60,,
knowledge_base/hosted/content/regimens/reg_tdxd_gastric.yaml,regimens,notes,notes_ua,drafted_pending,pending_clinical_signoff,claude_extraction,1,478,498,60,,
knowledge_base/hosted/content/regimens/reg_tdxd_metastatic.yaml,regimens,notes,notes_ua,drafted_pending,pending_clinical_signoff,claude_extraction,1,199,227,60,,
knowledge_base/hosted/content/regimens/reg_teclistamab.yaml,regimens,notes,notes_ua,drafted_pending,pending_clinical_signoff,claude_extraction,1,494,507,60,,
knowledge_base/hosted/content/regimens/reg_tepotinib_nsclc.yaml,regimens,notes,notes_ua,drafted_v2plus,pending_clinical_signoff,claude_ua_12,2,162,351,56,,
knowledge_base/hosted/content/regimens/reg_thp_metastatic.yaml,regimens,notes,notes_ua,drafted_pending,pending_clinical_signoff,claude_extraction,1,240,240,60,,
knowledge_base/hosted/content/regimens/reg_tirzepatide_obesity.yaml,regimens,notes,notes_ua,drafted_pending,pending_clinical_signoff,claude_v02_prevention_drugs_batch2,1,375,353,50,,
knowledge_base/hosted/content/regimens/reg_tisagenlecleucel_b_all.yaml,regimens,notes,notes_ua,drafted_pending,pending_clinical_signoff,claude_extraction,1,415,443,60,,
knowledge_base/hosted/content/regimens/reg_tmz_mono.yaml,regimens,notes,notes_ua,drafted_v2plus,pending_clinical_signoff,claude_ua_12,2,83,387,56,,
knowledge_base/hosted/content/regimens/reg_trastuzumab_deruxtecan_crc.yaml,regimens,notes,notes_ua,drafted_v2plus,pending_clinical_signoff,claude_ua_12,2,511,659,56,,
knowledge_base/hosted/content/regimens/reg_trifluridine_tipiracil_bev.yaml,regimens,notes,notes_ua,drafted_pending,pending_clinical_signoff,claude_extraction,1,479,506,60,,
knowledge_base/hosted/content/regimens/reg_trifluridine_tipiracil_gastric.yaml,regimens,notes,notes_ua,drafted_pending,pending_clinical_signoff,claude_extraction,1,430,447,60,,
knowledge_base/hosted/content/regimens/reg_trifluridine_tipiracil_mono.yaml,regimens,notes,notes_ua,drafted_v2plus,pending_clinical_signoff,claude_ua_12,2,646,874,56,,
knowledge_base/hosted/content/regimens/reg_tucatinib_trastuzumab_capecitabine_breast.yaml,regimens,notes,notes_ua,drafted_v2plus,pending_clinical_signoff,claude_ua_12,2,367,678,56,,
knowledge_base/hosted/content/regimens/reg_tucatinib_trastuzumab_crc.yaml,regimens,notes,notes_ua,drafted_v2plus,pending_clinical_signoff,claude_ua_12,2,403,583,56,,
knowledge_base/hosted/content/regimens/reg_varenicline_12w.yaml,regimens,notes,notes_ua,drafted_pending,pending_clinical_signoff,claude_v02_prevention_drugs_batch2,1,358,274,50,,
knowledge_base/hosted/content/regimens/reg_vemurafenib_hcl_relapsed.yaml,regimens,notes,notes_ua,drafted_pending,pending_clinical_signoff,claude_extraction,1,244,257,60,,
knowledge_base/hosted/content/regimens/reg_venetoclax_alemtuzumab_tpll.yaml,regimens,notes,notes_ua,drafted_pending,pending_clinical_signoff,claude_extraction,1,431,430,60,,
knowledge_base/hosted/content/regimens/reg_venetoclax_rituximab.yaml,regimens,notes,notes_ua,drafted_pending,pending_clinical_signoff,claude_extraction,1,452,469,60,,
knowledge_base/hosted/content/regimens/reg_vismodegib_bcc.yaml,regimens,notes,notes_ua,drafted_pending,pending_clinical_signoff,claude_extraction,1,301,192,60,,
knowledge_base/hosted/content/regimens/reg_vrd_lite.yaml,regimens,notes,notes_ua,drafted_pending,pending_clinical_signoff,claude_extraction,1,457,442,60,,
knowledge_base/hosted/content/regimens/reg_vrd_wm.yaml,regimens,notes,notes_ua,drafted_pending,pending_clinical_signoff,claude_extraction,1,455,467,60,,
knowledge_base/hosted/content/regimens/reg_zanidatamab.yaml,regimens,notes,notes_ua,drafted_pending,pending_clinical_signoff,claude_extraction,1,973,966,60,,
knowledge_base/hosted/content/regimens/reg_zanubrutinib_continuous.yaml,regimens,notes,notes_ua,drafted_pending,pending_clinical_signoff,claude_extraction,1,469,492,60,,
knowledge_base/hosted/content/regimens/reg_zanubrutinib_wm_relapsed.yaml,regimens,notes,notes_ua,drafted_pending,pending_clinical_signoff,claude_extraction,1,513,544,60,,
knowledge_base/hosted/content/regimens/reg_zolbetuximab_chemo.yaml,regimens,notes,notes_ua,drafted_v2plus,pending_clinical_signoff,claude_ua_12,2,721,815,56,,
knowledge_base/hosted/content/regimens/regimen_blina_inotuzumab_consolidation_ball.yaml,regimens,notes,notes_ua,drafted_pending,pending_clinical_signoff,claude_extraction,1,733,784,60,,
knowledge_base/hosted/content/regimens/regimen_blinatumomab_ball_adult_rr.yaml,regimens,notes,notes_ua,drafted_pending,pending_clinical_signoff,claude_extraction,1,548,581,60,,
knowledge_base/hosted/content/regimens/regimen_ciltacel_lymphodepletion_flu_cy.yaml,regimens,notes,notes_ua,drafted_pending,pending_clinical_signoff,claude_extraction,1,613,505,60,,
knowledge_base/hosted/content/regimens/regimen_ciltacel_mm_2l.yaml,regimens,notes,notes_ua,drafted_pending,pending_clinical_signoff,claude_extraction,1,1131,1266,60,,
knowledge_base/hosted/content/regimens/regimen_ciltacel_mm_3l.yaml,regimens,notes,notes_ua,drafted_pending,pending_clinical_signoff,claude_extraction,1,895,1049,60,,
knowledge_base/hosted/content/regimens/regimen_dato_dxd_breast_2l.yaml,regimens,notes,notes_ua,drafted_v2plus,pending_clinical_signoff,claude_ua_12,2,753,686,56,,
knowledge_base/hosted/content/regimens/regimen_dato_dxd_nsclc_2l.yaml,regimens,notes,notes_ua,drafted_v2plus,pending_clinical_signoff,claude_ua_12,2,486,621,56,,
knowledge_base/hosted/content/regimens/regimen_elranatamab_mono_mm.yaml,regimens,notes,notes_ua,drafted_pending,pending_clinical_signoff,claude_extraction,1,537,559,60,,
knowledge_base/hosted/content/regimens/regimen_elranatamab_step_up_dosing_mm.yaml,regimens,notes,notes_ua,drafted_pending,pending_clinical_signoff,claude_extraction,1,504,502,60,,
knowledge_base/hosted/content/regimens/regimen_ensartinib_alk_1l_nsclc.yaml,regimens,notes,notes_ua,drafted_v2plus,pending_clinical_signoff,claude_ua_12,2,767,854,56,,
knowledge_base/hosted/content/regimens/regimen_epcoritamab_mono_dlbcl_3l.yaml,regimens,notes,notes_ua,drafted_pending,pending_clinical_signoff,claude_extraction,1,1008,1151,60,,
knowledge_base/hosted/content/regimens/regimen_epcoritamab_step_up_dosing.yaml,regimens,notes,notes_ua,drafted_pending,pending_clinical_signoff,claude_extraction,1,678,721,60,,
knowledge_base/hosted/content/regimens/regimen_erdafitinib_urothelial_2l.yaml,regimens,notes,notes_ua,drafted_v2plus,pending_clinical_signoff,claude_ua_12,2,1018,903,56,,
knowledge_base/hosted/content/regimens/regimen_fruquintinib_crc_3l.yaml,regimens,notes,notes_ua,drafted_v2plus,pending_clinical_signoff,claude_ua_12,2,874,704,56,,
knowledge_base/hosted/content/regimens/regimen_futibatinib_cholangio_2l.yaml,regimens,notes,notes_ua,drafted_v2plus,pending_clinical_signoff,claude_ua_12,2,791,898,56,,
knowledge_base/hosted/content/regimens/regimen_glofitamab_mono_dlbcl_3l.yaml,regimens,notes,notes_ua,drafted_pending,pending_clinical_signoff,claude_extraction,1,1100,1220,60,,
knowledge_base/hosted/content/regimens/regimen_glofitamab_obinutuzumab_pretreatment.yaml,regimens,notes,notes_ua,drafted_pending,pending_clinical_signoff,claude_extraction,1,781,865,60,,
knowledge_base/hosted/content/regimens/regimen_idecel_lymphodepletion_flu_cy.yaml,regimens,notes,notes_ua,drafted_pending,pending_clinical_signoff,claude_extraction,1,523,494,60,,
knowledge_base/hosted/content/regimens/regimen_idecel_mm_3l.yaml,regimens,notes,notes_ua,drafted_pending,pending_clinical_signoff,claude_extraction,1,835,981,60,,
knowledge_base/hosted/content/regimens/regimen_inavolisib_palbo_fulv_breast.yaml,regimens,notes,notes_ua,drafted_v2plus,pending_clinical_signoff,claude_ua_12,2,635,779,56,,
knowledge_base/hosted/content/regimens/regimen_infigratinib_cholangio_2l.yaml,regimens,notes,notes_ua,drafted_v2plus,pending_clinical_signoff,claude_ua_12,2,964,1069,56,,
knowledge_base/hosted/content/regimens/regimen_inotuzumab_ball_adult_rr.yaml,regimens,notes,notes_ua,drafted_pending,pending_clinical_signoff,claude_extraction,1,635,714,60,,
knowledge_base/hosted/content/regimens/regimen_lisocel_dlbcl_2l.yaml,regimens,notes,notes_ua,drafted_pending,pending_clinical_signoff,claude_extraction,1,953,1073,60,,
knowledge_base/hosted/content/regimens/regimen_lisocel_dlbcl_3l.yaml,regimens,notes,notes_ua,drafted_pending,pending_clinical_signoff,claude_extraction,1,993,1142,60,,
knowledge_base/hosted/content/regimens/regimen_lurbinectedin_sclc_rr.yaml,regimens,notes,notes_ua,drafted_pending,pending_clinical_signoff,claude_extraction,1,683,636,60,,
knowledge_base/hosted/content/regimens/regimen_olutasidenib_aml_idh1_consolidation.yaml,regimens,notes,notes_ua,drafted_v2plus,pending_clinical_signoff,claude_ua_12,2,734,825,56,,
knowledge_base/hosted/content/regimens/regimen_olutasidenib_aml_rr_idh1.yaml,regimens,notes,notes_ua,drafted_v2plus,pending_clinical_signoff,claude_ua_12,2,993,1186,56,,
knowledge_base/hosted/content/regimens/regimen_patritumab_dxd_nsclc_post_egfr.yaml,regimens,notes,notes_ua,drafted_v2plus,pending_clinical_signoff,claude_ua_12,2,575,1081,56,,
knowledge_base/hosted/content/regimens/regimen_pembrolizumab_cervical_1l.yaml,regimens,notes,notes_ua,drafted_pending,pending_clinical_signoff,claude_extraction,1,928,678,60,,
knowledge_base/hosted/content/regimens/regimen_repotrectinib_ntrk_pan_tumor.yaml,regimens,notes,notes_ua,drafted_v2plus,pending_clinical_signoff,claude_ua_12,2,677,843,56,,
knowledge_base/hosted/content/regimens/regimen_retifanlimab_anal_1l.yaml,regimens,notes,notes_ua,drafted_pending,pending_clinical_signoff,claude_extraction,1,931,576,60,,
knowledge_base/hosted/content/regimens/regimen_ripretinib_gist_4l.yaml,regimens,notes,notes_ua,drafted_pending,pending_clinical_signoff,claude_extraction,1,533,575,60,,
knowledge_base/hosted/content/regimens/regimen_talazoparib_mono_breast.yaml,regimens,notes,notes_ua,drafted_v2plus,pending_clinical_signoff,claude_ua_12,2,698,822,56,,
knowledge_base/hosted/content/regimens/regimen_talquetamab_mono_mm.yaml,regimens,notes,notes_ua,drafted_pending,pending_clinical_signoff,claude_extraction,1,609,599,60,,
knowledge_base/hosted/content/regimens/regimen_talquetamab_qw_q2w_mm.yaml,regimens,notes,notes_ua,drafted_pending,pending_clinical_signoff,claude_extraction,1,532,511,60,,
knowledge_base/hosted/content/regimens/regimen_talquetamab_step_up_dosing_mm.yaml,regimens,notes,notes_ua,drafted_pending,pending_clinical_signoff,claude_extraction,1,439,428,60,,
knowledge_base/hosted/content/regimens/regimen_teclistamab_mono_mm.yaml,regimens,notes,notes_ua,drafted_pending,pending_clinical_signoff,claude_extraction,1,479,474,60,,
knowledge_base/hosted/content/regimens/regimen_teclistamab_step_up_dosing_mm.yaml,regimens,notes,notes_ua,drafted_pending,pending_clinical_signoff,claude_extraction,1,357,372,60,,
knowledge_base/hosted/content/regimens/regimen_tisotumab_vedotin_cervical_2l.yaml,regimens,notes,notes_ua,drafted_pending,pending_clinical_signoff,claude_extraction,1,866,592,60,,
knowledge_base/hosted/content/regimens/regimen_zenocutuzumab_nrg1_nsclc.yaml,regimens,notes,notes_ua,drafted_v2plus,pending_clinical_signoff,claude_ua_12,2,730,882,56,,
knowledge_base/hosted/content/regimens/rituximab_monotherapy.yaml,regimens,notes,notes_ua,drafted_pending,pending_clinical_signoff,claude_extraction,1,216,224,60,,
knowledge_base/hosted/content/regimens/rucaparib_maintenance_ovarian.yaml,regimens,notes,notes_ua,drafted_v2plus,pending_clinical_signoff,claude_ua_12,2,439,630,56,,
knowledge_base/hosted/content/regimens/ruxolitinib_pmf.yaml,regimens,notes,notes_ua,drafted_pending,pending_clinical_signoff,claude_extraction,1,545,551,60,,
knowledge_base/hosted/content/regimens/ruxolitinib_pv.yaml,regimens,notes,notes_ua,drafted_pending,pending_clinical_signoff,claude_extraction,1,300,319,60,,
knowledge_base/hosted/content/regimens/smile.yaml,regimens,notes,notes_ua,drafted_pending,pending_clinical_signoff,claude_extraction,1,213,212,60,,
knowledge_base/hosted/content/regimens/sorafenib_mono.yaml,regimens,notes,notes_ua,drafted_pending,pending_clinical_signoff,claude_extraction,1,295,297,60,,
knowledge_base/hosted/content/regimens/stupp_temozolomide.yaml,regimens,notes,notes_ua,drafted_pending,pending_clinical_signoff,claude_extraction,1,443,459,60,,
knowledge_base/hosted/content/regimens/topotecan_ovarian.yaml,regimens,notes,notes_ua,drafted_v2plus,pending_clinical_signoff,claude_ua_12,2,349,545,56,,
knowledge_base/hosted/content/regimens/trabectedin_pld_ovarian.yaml,regimens,notes,notes_ua,drafted_v2plus,pending_clinical_signoff,claude_ua_12,2,468,749,56,,
knowledge_base/hosted/content/regimens/trastuzumab_chemo_toga.yaml,regimens,notes,notes_ua,drafted_pending,pending_clinical_signoff,claude_extraction,1,334,351,60,,
knowledge_base/hosted/content/regimens/ven_aza_aml.yaml,regimens,notes,notes_ua,drafted_pending,pending_clinical_signoff,claude_extraction,1,365,370,60,,
knowledge_base/hosted/content/regimens/venetoclax_obinutuzumab.yaml,regimens,notes,notes_ua,drafted_pending,pending_clinical_signoff,claude_extraction,1,307,327,60,,
knowledge_base/hosted/content/regimens/vrd_standard.yaml,regimens,notes,notes_ua,drafted_pending,pending_clinical_signoff,claude_extraction,1,355,384,60,,
knowledge_base/hosted/content/regimens/weekly_pac_bev_ovarian.yaml,regimens,notes,notes_ua,drafted_v2plus,pending_clinical_signoff,claude_ua_12,2,314,577,56,,
knowledge_base/hosted/content/regimens/zanubrutinib_wm.yaml,regimens,notes,notes_ua,drafted_pending,pending_clinical_signoff,claude_extraction,1,209,225,60,,
knowledge_base/hosted/content/redflags/rf_a1at_deficiency_hcc_lung_prevention.yaml,redflags,notes,notes_ua,drafted_pending,pending_clinical_signoff,claude_v0_3_chronic_condition_pilot,1,2159,1170,50,,
knowledge_base/hosted/content/redflags/rf_aaipi_high.yaml,redflags,notes,notes_ua,drafted_v2plus,pending_clinical_signoff,claude_ua_09,2,510,593,56,,
knowledge_base/hosted/content/redflags/rf_achalasia_esophageal_prevention.yaml,redflags,notes,notes_ua,drafted_pending,pending_clinical_signoff,claude_v0_3_chronic_condition_pilot,1,1582,798,50,,
knowledge_base/hosted/content/redflags/rf_active_autoimmune_disease_ici_risk.yaml,redflags,notes,notes_ua,drafted_pending,pending_clinical_signoff,claude_extraction,1,1560,1105,57,,
knowledge_base/hosted/content/redflags/rf_advsm_kit_d816v.yaml,redflags,notes,notes_ua,missing,pending_clinical_signoff,claude_extraction,1,1444,0,58,,
knowledge_base/hosted/content/redflags/rf_aggressive_histology_transformation.yaml,redflags,notes,notes_ua,drafted_v2plus,pending_clinical_signoff,claude_ua_09,2,82,86,56,,
knowledge_base/hosted/content/redflags/rf_aitl_autoimmune_cytopenia.yaml,redflags,notes,notes_ua,drafted_v2plus,pending_clinical_signoff,claude_ua_09,2,449,515,56,,
knowledge_base/hosted/content/redflags/rf_aitl_ebv_driven_b_cell.yaml,redflags,notes,notes_ua,drafted_v2plus,pending_clinical_signoff,claude_ua_09,2,432,543,56,,
knowledge_base/hosted/content/redflags/rf_aitl_frailty_age.yaml,redflags,notes,notes_ua,drafted_pending,pending_clinical_signoff,claude_extraction,1,620,626,57,,
knowledge_base/hosted/content/redflags/rf_aitl_hypogamma.yaml,redflags,notes,notes_ua,drafted_v2plus,pending_clinical_signoff,claude_ua_09,2,328,374,56,,
knowledge_base/hosted/content/redflags/rf_aitl_organ_dysfunction.yaml,redflags,notes,notes_ua,drafted_pending,pending_clinical_signoff,claude_extraction,1,645,650,57,,
knowledge_base/hosted/content/redflags/rf_aitl_romidepsin_ineligible.yaml,redflags,notes,notes_ua,drafted_pending,,,,754,604,58,,
knowledge_base/hosted/content/redflags/rf_aitl_transformation_progression.yaml,redflags,notes,notes_ua,drafted_pending,pending_clinical_signoff,claude_extraction,1,693,699,57,,
knowledge_base/hosted/content/redflags/rf_alcl_frailty_age.yaml,redflags,notes,notes_ua,drafted_pending,pending_clinical_signoff,claude_extraction,1,438,440,57,,
knowledge_base/hosted/content/redflags/rf_alcl_infection_screening.yaml,redflags,notes,notes_ua,drafted_pending,pending_clinical_signoff,claude_extraction,1,516,517,57,,
knowledge_base/hosted/content/redflags/rf_alcl_organ_dysfunction.yaml,redflags,notes,notes_ua,drafted_pending,pending_clinical_signoff,claude_extraction,1,385,385,57,,
knowledge_base/hosted/content/redflags/rf_alcl_transformation_progression.yaml,redflags,notes,notes_ua,drafted_pending,pending_clinical_signoff,claude_extraction,1,500,523,57,,
knowledge_base/hosted/content/redflags/rf_aml_cd33_pos_go_candidate.yaml,redflags,notes,notes_ua,drafted_pending,,,,779,782,57,,
knowledge_base/hosted/content/redflags/rf_aml_core_binding_factor_favorable.yaml,redflags,notes,notes_ua,drafted_v2plus,pending_clinical_signoff,claude_ua_09,2,771,851,56,,
knowledge_base/hosted/content/redflags/rf_aml_emergency_tls_leukostasis.yaml,redflags,notes,notes_ua,drafted_v2plus,pending_clinical_signoff,claude_ua_09,2,501,650,56,,
knowledge_base/hosted/content/redflags/rf_aml_flt3_actionable.yaml,redflags,notes,notes_ua,drafted_v2plus,pending_clinical_signoff,claude_ua_09,2,369,449,56,,
knowledge_base/hosted/content/redflags/rf_aml_frailty_age.yaml,redflags,notes,notes_ua,drafted_v2plus,pending_clinical_signoff,claude_ua_09,2,298,343,56,,
knowledge_base/hosted/content/redflags/rf_aml_high_risk_biology.yaml,redflags,notes,notes_ua,drafted_v2plus,pending_clinical_signoff,claude_ua_09,2,349,426,56,,
knowledge_base/hosted/content/redflags/rf_aml_idh1_mut_actionable.yaml,redflags,notes,notes_ua,drafted_v2plus,pending_clinical_signoff,claude_ua_09,2,481,505,56,,
knowledge_base/hosted/content/redflags/rf_aml_idh2_mut_actionable.yaml,redflags,notes,notes_ua,drafted_v2plus,pending_clinical_signoff,claude_ua_09,2,506,507,56,,
knowledge_base/hosted/content/redflags/rf_aml_infection_screening.yaml,redflags,notes,notes_ua,drafted_pending,pending_clinical_signoff,claude_extraction,1,308,331,57,,
knowledge_base/hosted/content/redflags/rf_aml_kmt2a_actionable.yaml,redflags,notes,notes_ua,drafted_v2plus,pending_clinical_signoff,claude_ua_09,2,638,691,56,,
knowledge_base/hosted/content/redflags/rf_aml_measurable_residual_disease.yaml,redflags,notes,notes_ua,drafted_v2plus,pending_clinical_signoff,claude_ua_09,2,804,772,56,,
knowledge_base/hosted/content/redflags/rf_aml_npm1_mut_favorable.yaml,redflags,notes,notes_ua,drafted_v2plus,pending_clinical_signoff,claude_ua_09,2,600,629,56,,
knowledge_base/hosted/content/redflags/rf_aml_organ_dysfunction.yaml,redflags,notes,notes_ua,drafted_v2plus,pending_clinical_signoff,claude_ua_09,2,333,395,56,,
knowledge_base/hosted/content/redflags/rf_aml_secondary_aml_mrc_cpx351_eligible.yaml,redflags,notes,notes_ua,drafted_v2plus,pending_clinical_signoff,claude_ua_09,2,596,591,56,,
knowledge_base/hosted/content/redflags/rf_aml_tp53_adverse.yaml,redflags,notes,notes_ua,drafted_v2plus,pending_clinical_signoff,claude_ua_09,2,762,852,56,,
knowledge_base/hosted/content/redflags/rf_aml_transformation_progression.yaml,redflags,notes,notes_ua,drafted_v2plus,pending_clinical_signoff,claude_ua_09,2,378,398,56,,
knowledge_base/hosted/content/redflags/rf_apl_emergency_dic.yaml,redflags,notes,notes_ua,drafted_v2plus,pending_clinical_signoff,claude_ua_09,2,557,618,56,,
knowledge_base/hosted/content/redflags/rf_apl_frailty_age.yaml,redflags,notes,notes_ua,drafted_v2plus,pending_clinical_signoff,claude_ua_09,2,230,258,56,,
knowledge_base/hosted/content/redflags/rf_apl_high_risk_biology.yaml,redflags,notes,notes_ua,drafted_v2plus,pending_clinical_signoff,claude_ua_09,2,381,463,56,,
knowledge_base/hosted/content/redflags/rf_apl_infection_screening.yaml,redflags,notes,notes_ua,drafted_pending,pending_clinical_signoff,claude_extraction,1,294,291,57,,
knowledge_base/hosted/content/redflags/rf_apl_organ_dysfunction.yaml,redflags,notes,notes_ua,drafted_v2plus,pending_clinical_signoff,claude_ua_09,2,496,495,56,,
knowledge_base/hosted/content/redflags/rf_apl_transformation_progression.yaml,redflags,notes,notes_ua,drafted_v2plus,pending_clinical_signoff,claude_ua_09,2,535,649,56,,
knowledge_base/hosted/content/redflags/rf_atc_braf_v600e_actionable.yaml,redflags,notes,notes_ua,drafted_v2plus,pending_clinical_signoff,claude_ua_09,2,244,312,56,,
knowledge_base/hosted/content/redflags/rf_atll_frailty_age.yaml,redflags,notes,notes_ua,drafted_pending,pending_clinical_signoff,claude_extraction,1,156,184,57,,
knowledge_base/hosted/content/redflags/rf_atll_high_risk_biology.yaml,redflags,notes,notes_ua,drafted_v2plus,pending_clinical_signoff,claude_ua_09,2,185,224,56,,
knowledge_base/hosted/content/redflags/rf_atll_hypercalcemia.yaml,redflags,notes,notes_ua,drafted_v2plus,pending_clinical_signoff,claude_ua_09,2,473,539,56,,
knowledge_base/hosted/content/redflags/rf_atll_infection_screening.yaml,redflags,notes,notes_ua,drafted_v2plus,pending_clinical_signoff,claude_ua_09,2,138,157,56,,
knowledge_base/hosted/content/redflags/rf_atll_organ_dysfunction.yaml,redflags,notes,notes_ua,drafted_v2plus,pending_clinical_signoff,claude_ua_09,2,255,298,56,,
knowledge_base/hosted/content/redflags/rf_atll_shimoyama_indolent.yaml,redflags,notes,notes_ua,drafted_pending,,,,636,420,58,,
knowledge_base/hosted/content/redflags/rf_atll_transformation_progression.yaml,redflags,notes,notes_ua,drafted_pending,pending_clinical_signoff,claude_extraction,1,180,179,57,,
knowledge_base/hosted/content/redflags/rf_autoimmune_thyroiditis_lymphoma_prevention.yaml,redflags,notes,notes_ua,drafted_pending,pending_clinical_signoff,claude_v0_3_chronic_condition_pilot,1,2107,1436,50,,
knowledge_base/hosted/content/redflags/rf_b_all_cns_leukemia.yaml,redflags,notes,notes_ua,drafted_v2plus,pending_clinical_signoff,claude_ua_09,2,326,401,56,,
knowledge_base/hosted/content/redflags/rf_b_all_emergency_tls_leukostasis.yaml,redflags,notes,notes_ua,drafted_v2plus,pending_clinical_signoff,claude_ua_09,2,313,358,56,,
knowledge_base/hosted/content/redflags/rf_b_all_frailty_age.yaml,redflags,notes,notes_ua,drafted_pending,pending_clinical_signoff,claude_extraction,1,211,220,57,,
knowledge_base/hosted/content/redflags/rf_b_all_high_risk_biology.yaml,redflags,notes,notes_ua,drafted_v2plus,pending_clinical_signoff,claude_ua_09,2,183,208,56,,
knowledge_base/hosted/content/redflags/rf_b_all_infection_screening.yaml,redflags,notes,notes_ua,drafted_v2plus,pending_clinical_signoff,claude_ua_09,2,170,189,56,,
knowledge_base/hosted/content/redflags/rf_b_all_organ_dysfunction.yaml,redflags,notes,notes_ua,drafted_v2plus,pending_clinical_signoff,claude_ua_09,2,185,228,56,,
knowledge_base/hosted/content/redflags/rf_b_all_transformation_progression.yaml,redflags,notes,notes_ua,drafted_v2plus,pending_clinical_signoff,claude_ua_09,2,194,210,56,,
knowledge_base/hosted/content/redflags/rf_ball_cd22_pos_ino_candidate.yaml,redflags,notes,notes_ua,drafted_pending,,,,900,943,57,,
knowledge_base/hosted/content/redflags/rf_bap1_confirmed_carrier.yaml,redflags,notes,notes_ua,missing,pending_clinical_signoff,claude_v02b_confirmed_carriers_additional,1,1764,0,50,,
knowledge_base/hosted/content/redflags/rf_bap1_family_history_suspicion.yaml,redflags,notes,notes_ua,missing,pending_clinical_signoff,claude_v03_more_hereditary,1,94,0,50,,
knowledge_base/hosted/content/redflags/rf_barretts_esophagus_prevention.yaml,redflags,notes,notes_ua,drafted_pending,pending_clinical_signoff,claude_v0_3_chronic_condition_pilot,1,1876,1662,50,,
knowledge_base/hosted/content/redflags/rf_binet_a.yaml,redflags,notes,notes_ua,drafted_v2plus,pending_clinical_signoff,claude_ua_09,2,573,640,56,,
knowledge_base/hosted/content/redflags/rf_binet_b_c.yaml,redflags,notes,notes_ua,drafted_v2plus,pending_clinical_signoff,claude_ua_09,2,519,575,56,,
knowledge_base/hosted/content/redflags/rf_brca_confirmed_carrier.yaml,redflags,notes,notes_ua,missing,pending_clinical_signoff,claude_v0_2_b_confirmed_carrier,1,1635,0,50,,
knowledge_base/hosted/content/redflags/rf_brca_hboc_family_history_suspicion.yaml,redflags,notes,notes_ua,missing,pending_clinical_signoff,claude_v0_2_b_anchor,1,2072,0,50,,
knowledge_base/hosted/content/redflags/rf_breast_akt1_e17k_actionable.yaml,redflags,notes,notes_ua,drafted_v2plus,pending_clinical_signoff,claude_ua_09,2,341,361,56,,
knowledge_base/hosted/content/redflags/rf_breast_akt1_e17k_capivasertib_candidate.yaml,redflags,notes,notes_ua,drafted_pending,,,,755,823,57,,
knowledge_base/hosted/content/redflags/rf_breast_brca_germline_actionable.yaml,redflags,notes,notes_ua,drafted_v2plus,pending_clinical_signoff,claude_ua_09,2,557,643,56,,
knowledge_base/hosted/content/redflags/rf_breast_cdh1_lobular_candidate.yaml,redflags,notes,notes_ua,drafted_v2plus,pending_clinical_signoff,claude_ua_09,2,521,434,56,,
knowledge_base/hosted/content/redflags/rf_breast_early_stage.yaml,redflags,notes,notes_ua,missing,pending_clinical_signoff,claude_extraction,1,980,0,58,,
knowledge_base/hosted/content/redflags/rf_breast_esr1_mut_actionable.yaml,redflags,notes,notes_ua,drafted_v2plus,pending_clinical_signoff,claude_ua_09,2,400,415,56,,
knowledge_base/hosted/content/redflags/rf_breast_esr1_y537s_d538g_candidate.yaml,redflags,notes,notes_ua,drafted_pending,,,,784,776,57,,
knowledge_base/hosted/content/redflags/rf_breast_frailty_age.yaml,redflags,notes,notes_ua,drafted_pending,pending_clinical_signoff,claude_extraction,1,281,292,57,,
knowledge_base/hosted/content/redflags/rf_breast_her2_amp_actionable.yaml,redflags,notes,notes_ua,drafted_v2plus,pending_clinical_signoff,claude_ua_09,2,355,387,56,,
knowledge_base/hosted/content/redflags/rf_breast_her2_low_actionable.yaml,redflags,notes,notes_ua,drafted_v2plus,pending_clinical_signoff,claude_ua_09,2,386,432,56,,
knowledge_base/hosted/content/redflags/rf_breast_her2_ultralow_candidate.yaml,redflags,notes,notes_ua,drafted_v2plus,pending_clinical_signoff,claude_ua_09,2,859,913,56,,
knowledge_base/hosted/content/redflags/rf_breast_high_risk_biology.yaml,redflags,notes,notes_ua,drafted_v2plus,pending_clinical_signoff,claude_ua_09,2,327,376,56,,
knowledge_base/hosted/content/redflags/rf_breast_infection_screening.yaml,redflags,notes,notes_ua,drafted_v2plus,pending_clinical_signoff,claude_ua_09,2,241,284,56,,
knowledge_base/hosted/content/redflags/rf_breast_organ_dysfunction.yaml,redflags,notes,notes_ua,drafted_v2plus,pending_clinical_signoff,claude_ua_09,2,278,283,56,,
knowledge_base/hosted/content/redflags/rf_breast_ovarian_hrd_assay_distinction.yaml,redflags,notes,notes_ua,drafted_v2plus,pending_clinical_signoff,claude_ua_09,2,2730,1424,56,,
knowledge_base/hosted/content/redflags/rf_breast_pik3ca_coalt_inavolisib_candidate.yaml,redflags,notes,notes_ua,drafted_v2plus,pending_clinical_signoff,claude_ua_09,2,855,946,56,,
knowledge_base/hosted/content/redflags/rf_breast_pik3ca_mut_actionable.yaml,redflags,notes,notes_ua,drafted_v2plus,pending_clinical_signoff,claude_ua_09,2,411,431,56,,
knowledge_base/hosted/content/redflags/rf_breast_stage_iv_metastatic.yaml,redflags,notes,notes_ua,missing,pending_clinical_signoff,claude_extraction,1,881,0,58,,
knowledge_base/hosted/content/redflags/rf_breast_tnbc.yaml,redflags,notes,notes_ua,missing,pending_clinical_signoff,claude_extraction,1,1188,0,57,,
knowledge_base/hosted/content/redflags/rf_breast_transformation_progression.yaml,redflags,notes,notes_ua,drafted_pending,pending_clinical_signoff,claude_extraction,1,285,293,57,,
knowledge_base/hosted/content/redflags/rf_bulky_disease.yaml,redflags,notes,notes_ua,drafted_v2plus,pending_clinical_signoff,claude_ua_09,2,74,83,56,,
knowledge_base/hosted/content/redflags/rf_burkitt_emergency_tls.yaml,redflags,notes,notes_ua,drafted_v2plus,pending_clinical_signoff,claude_ua_09,2,775,764,56,,
knowledge_base/hosted/content/redflags/rf_burkitt_frailty_age.yaml,redflags,notes,notes_ua,drafted_pending,pending_clinical_signoff,claude_extraction,1,444,455,57,,
knowledge_base/hosted/content/redflags/rf_burkitt_high_risk.yaml,redflags,notes,notes_ua,drafted_v2plus,pending_clinical_signoff,claude_ua_09,2,259,592,56,,
knowledge_base/hosted/content/redflags/rf_burkitt_ifos_contraindicated.yaml,redflags,notes,notes_ua,drafted_pending,,,,837,520,58,,
knowledge_base/hosted/content/redflags/rf_burkitt_infection_screening.yaml,redflags,notes,notes_ua,drafted_pending,pending_clinical_signoff,claude_extraction,1,507,513,57,,
knowledge_base/hosted/content/redflags/rf_burkitt_organ_dysfunction.yaml,redflags,notes,notes_ua,drafted_pending,pending_clinical_signoff,claude_extraction,1,472,483,57,,
knowledge_base/hosted/content/redflags/rf_burkitt_transformation_progression.yaml,redflags,notes,notes_ua,drafted_pending,pending_clinical_signoff,claude_extraction,1,454,474,57,,
knowledge_base/hosted/content/redflags/rf_celiac_refractory_eatl_prevention.yaml,redflags,notes,notes_ua,missing,pending_clinical_signoff,claude_v03_completion,1,214,0,50,,
knowledge_base/hosted/content/redflags/rf_cervical_frailty_age.yaml,redflags,notes,notes_ua,drafted_pending,pending_clinical_signoff,claude_extraction,1,499,530,57,,
knowledge_base/hosted/content/redflags/rf_cervical_high_risk_biology.yaml,redflags,notes,notes_ua,drafted_v2plus,pending_clinical_signoff,claude_ua_09,2,480,562,56,,
knowledge_base/hosted/content/redflags/rf_cervical_hydronephrosis_pelvic_obstruction.yaml,redflags,notes,notes_ua,drafted_pending,pending_clinical_signoff,claude_extraction,1,192,196,57,,
knowledge_base/hosted/content/redflags/rf_cervical_infection_screening.yaml,redflags,notes,notes_ua,drafted_pending,pending_clinical_signoff,claude_extraction,1,491,499,57,,
knowledge_base/hosted/content/redflags/rf_cervical_pdl1_cps_1_plus.yaml,redflags,notes,notes_ua,drafted_pending,,,,817,805,57,,
knowledge_base/hosted/content/redflags/rf_cervical_transformation_progression.yaml,redflags,notes,notes_ua,drafted_pending,pending_clinical_signoff,claude_extraction,1,665,668,57,,
knowledge_base/hosted/content/redflags/rf_chaarted_high_volume_mhspc.yaml,redflags,notes,notes_ua,drafted_v2plus,pending_clinical_signoff,claude_ua_09,2,632,714,56,,
knowledge_base/hosted/content/redflags/rf_chl_frailty_age.yaml,redflags,notes,notes_ua,drafted_pending,pending_clinical_signoff,claude_extraction,1,463,477,57,,
knowledge_base/hosted/content/redflags/rf_chl_infection_screening.yaml,redflags,notes,notes_ua,drafted_pending,pending_clinical_signoff,claude_extraction,1,519,524,57,,
knowledge_base/hosted/content/redflags/rf_chl_organ_dysfunction.yaml,redflags,notes,notes_ua,drafted_pending,pending_clinical_signoff,claude_extraction,1,465,470,57,,
knowledge_base/hosted/content/redflags/rf_chl_transformation_progression.yaml,redflags,notes,notes_ua,drafted_pending,pending_clinical_signoff,claude_extraction,1,568,588,57,,
knowledge_base/hosted/content/redflags/rf_cholangio_fgfr2_fusion_actionable.yaml,redflags,notes,notes_ua,drafted_v2plus,pending_clinical_signoff,claude_ua_09,2,681,590,56,,
knowledge_base/hosted/content/redflags/rf_cholangiocarcinoma_frailty_age.yaml,redflags,notes,notes_ua,drafted_pending,pending_clinical_signoff,claude_extraction,1,681,679,57,,
knowledge_base/hosted/content/redflags/rf_cholangiocarcinoma_high_risk_biology.yaml,redflags,notes,notes_ua,drafted_v2plus,pending_clinical_signoff,claude_ua_09,2,692,587,56,,
knowledge_base/hosted/content/redflags/rf_cholangiocarcinoma_infection_screening.yaml,redflags,notes,notes_ua,drafted_pending,pending_clinical_signoff,claude_extraction,1,525,343,57,,
knowledge_base/hosted/content/redflags/rf_cholangiocarcinoma_organ_dysfunction.yaml,redflags,notes,notes_ua,drafted_pending,pending_clinical_signoff,claude_extraction,1,535,409,57,,
knowledge_base/hosted/content/redflags/rf_cholangiocarcinoma_transformation_progression.yaml,redflags,notes,notes_ua,drafted_pending,pending_clinical_signoff,claude_extraction,1,514,523,57,,
knowledge_base/hosted/content/redflags/rf_chondrosarcoma_frailty_age.yaml,redflags,notes,notes_ua,drafted_pending,pending_clinical_signoff,claude_extraction,1,697,713,57,,
knowledge_base/hosted/content/redflags/rf_chondrosarcoma_high_risk_biology.yaml,redflags,notes,notes_ua,drafted_v2plus,pending_clinical_signoff,claude_ua_09,2,676,670,56,,
knowledge_base/hosted/content/redflags/rf_chondrosarcoma_infection_screening.yaml,redflags,notes,notes_ua,drafted_pending,pending_clinical_signoff,claude_extraction,1,453,256,57,,
knowledge_base/hosted/content/redflags/rf_chondrosarcoma_organ_dysfunction.yaml,redflags,notes,notes_ua,drafted_pending,pending_clinical_signoff,claude_extraction,1,615,343,57,,
knowledge_base/hosted/content/redflags/rf_chondrosarcoma_transformation_progression.yaml,redflags,notes,notes_ua,drafted_pending,pending_clinical_signoff,claude_extraction,1,688,700,57,,
knowledge_base/hosted/content/redflags/rf_chronic_atrophic_gastritis_prevention.yaml,redflags,notes,notes_ua,drafted_pending,pending_clinical_signoff,claude_v0_3_chronic_condition_pilot,1,2066,1240,50,,
knowledge_base/hosted/content/redflags/rf_chronic_ebv_malignancy_prevention.yaml,redflags,notes,notes_ua,missing,pending_clinical_signoff,claude_v0_2_a_anchor,1,607,0,50,,
knowledge_base/hosted/content/redflags/rf_chronic_hbv_malignancy_prevention.yaml,redflags,notes,notes_ua,missing,pending_clinical_signoff,claude_v0_2_a_anchor,1,715,0,50,,
knowledge_base/hosted/content/redflags/rf_chronic_hcv_hbv_coinfection_prevention.yaml,redflags,notes,notes_ua,missing,pending_clinical_signoff,claude_v0_2_a_anchor,1,888,0,50,,
knowledge_base/hosted/content/redflags/rf_chronic_hcv_nhl_prevention.yaml,redflags,notes,notes_ua,drafted_pending,pending_clinical_signoff,claude_v0_2_a_anchor,1,1139,1146,50,,
knowledge_base/hosted/content/redflags/rf_chronic_hhv8_malignancy_prevention.yaml,redflags,notes,notes_ua,missing,pending_clinical_signoff,claude_v0_2_a_anchor,1,791,0,50,,
knowledge_base/hosted/content/redflags/rf_chronic_hiv_hbv_coinfection_prevention.yaml,redflags,notes,notes_ua,missing,pending_clinical_signoff,claude_v0_2_a_anchor,1,973,0,50,,
knowledge_base/hosted/content/redflags/rf_chronic_hiv_malignancy_prevention.yaml,redflags,notes,notes_ua,missing,pending_clinical_signoff,claude_v0_2_a_anchor,1,752,0,50,,
knowledge_base/hosted/content/redflags/rf_chronic_hpv_malignancy_prevention.yaml,redflags,notes,notes_ua,missing,pending_clinical_signoff,claude_v0_2_a_anchor,1,586,0,50,,
knowledge_base/hosted/content/redflags/rf_chronic_hpylori_malignancy_prevention.yaml,redflags,notes,notes_ua,drafted_pending,pending_clinical_signoff,claude_v0_2_a_anchor,1,1798,1776,50,,
knowledge_base/hosted/content/redflags/rf_chronic_htlv1_malignancy_prevention.yaml,redflags,notes,notes_ua,missing,pending_clinical_signoff,claude_v0_2_a_anchor,1,495,0,50,,
knowledge_base/hosted/content/redflags/rf_chronic_pancreatitis_pdac_prevention.yaml,redflags,notes,notes_ua,missing,pending_clinical_signoff,claude_v03_completion,1,158,0,50,,
knowledge_base/hosted/content/redflags/rf_cll_frailty_age.yaml,redflags,notes,notes_ua,drafted_pending,pending_clinical_signoff,claude_extraction,1,545,561,57,,
knowledge_base/hosted/content/redflags/rf_cll_high_risk.yaml,redflags,notes,notes_ua,drafted_v2plus,pending_clinical_signoff,claude_ua_09,2,257,495,56,,
knowledge_base/hosted/content/redflags/rf_cll_infection_screening.yaml,redflags,notes,notes_ua,drafted_pending,pending_clinical_signoff,claude_extraction,1,575,580,57,,
knowledge_base/hosted/content/redflags/rf_cll_organ_dysfunction.yaml,redflags,notes,notes_ua,drafted_pending,pending_clinical_signoff,claude_extraction,1,604,607,57,,
knowledge_base/hosted/content/redflags/rf_cll_post_btki_c481_actionable.yaml,redflags,notes,notes_ua,drafted_v2plus,pending_clinical_signoff,claude_ua_09,2,854,821,56,,
knowledge_base/hosted/content/redflags/rf_cll_tp53_deletion_actionable.yaml,redflags,notes,notes_ua,drafted_v2plus,pending_clinical_signoff,claude_ua_09,2,737,700,56,,
knowledge_base/hosted/content/redflags/rf_cll_transformation_progression.yaml,redflags,notes,notes_ua,drafted_pending,pending_clinical_signoff,claude_extraction,1,570,579,57,,
knowledge_base/hosted/content/redflags/rf_cll_ven_resistant_actionable.yaml,redflags,notes,notes_ua,drafted_v2plus,pending_clinical_signoff,claude_ua_09,2,734,733,56,,
knowledge_base/hosted/content/redflags/rf_clonorchis_cholangio_prevention.yaml,redflags,notes,notes_ua,missing,pending_clinical_signoff,claude_v0_2_a_anchor,1,755,0,50,,
knowledge_base/hosted/content/redflags/rf_cml_comorbidity_complex.yaml,redflags,notes,notes_ua,drafted_v2plus,pending_clinical_signoff,claude_ua_09,2,663,458,56,,
knowledge_base/hosted/content/redflags/rf_cml_frailty_age.yaml,redflags,notes,notes_ua,drafted_v2plus,pending_clinical_signoff,claude_ua_09,2,280,605,56,,
knowledge_base/hosted/content/redflags/rf_cml_high_risk_elts.yaml,redflags,notes,notes_ua,drafted_v2plus,pending_clinical_signoff,claude_ua_09,2,401,545,56,,
knowledge_base/hosted/content/redflags/rf_cml_infection_screening.yaml,redflags,notes,notes_ua,drafted_v2plus,pending_clinical_signoff,claude_ua_09,2,318,447,56,,
knowledge_base/hosted/content/redflags/rf_cml_organ_dysfunction.yaml,redflags,notes,notes_ua,drafted_v2plus,pending_clinical_signoff,claude_ua_09,2,519,430,56,,
knowledge_base/hosted/content/redflags/rf_cml_t315i_mutation.yaml,redflags,notes,notes_ua,drafted_v2plus,pending_clinical_signoff,claude_ua_09,2,483,530,56,,
knowledge_base/hosted/content/redflags/rf_cml_transformation_progression.yaml,redflags,notes,notes_ua,drafted_v2plus,pending_clinical_signoff,claude_ua_09,2,458,456,56,,
knowledge_base/hosted/content/redflags/rf_cowden_confirmed_carrier.yaml,redflags,notes,notes_ua,missing,pending_clinical_signoff,claude_v02b_confirmed_carriers_additional,1,1508,0,50,,
knowledge_base/hosted/content/redflags/rf_cowden_family_history_suspicion.yaml,redflags,notes,notes_ua,missing,pending_clinical_signoff,claude_v0_2_b_hereditary_pilot,1,2782,0,50,,
knowledge_base/hosted/content/redflags/rf_crc_braf_v600e_poor_prognosis.yaml,redflags,notes,notes_ua,drafted_v2plus,pending_clinical_signoff,claude_ua_09,2,275,551,56,,
knowledge_base/hosted/content/redflags/rf_crc_emergency_obstruction_perforation.yaml,redflags,notes,notes_ua,drafted_pending,pending_clinical_signoff,claude_extraction,1,402,404,57,,
knowledge_base/hosted/content/redflags/rf_crc_frailty_age.yaml,redflags,notes,notes_ua,drafted_v2plus,pending_clinical_signoff,claude_ua_09,2,305,347,56,,
knowledge_base/hosted/content/redflags/rf_crc_her2_amp_actionable.yaml,redflags,notes,notes_ua,drafted_v2plus,pending_clinical_signoff,claude_ua_09,2,508,332,56,,
knowledge_base/hosted/content/redflags/rf_crc_infection_screening.yaml,redflags,notes,notes_ua,drafted_pending,pending_clinical_signoff,claude_extraction,1,266,264,57,,
knowledge_base/hosted/content/redflags/rf_crc_msi_h_actionability.yaml,redflags,notes,notes_ua,drafted_v2plus,pending_clinical_signoff,claude_ua_09,2,286,537,56,,
knowledge_base/hosted/content/redflags/rf_crc_oligomet_liver_definition.yaml,redflags,notes,notes_ua,drafted_v2plus,pending_clinical_signoff,claude_ua_09,2,3818,741,56,,
knowledge_base/hosted/content/redflags/rf_crc_ras_mutant.yaml,redflags,notes,notes_ua,drafted_v2plus,pending_clinical_signoff,claude_ua_09,2,1086,1074,56,,
knowledge_base/hosted/content/redflags/rf_crc_ras_wt.yaml,redflags,notes,notes_ua,drafted_v2plus,pending_clinical_signoff,claude_ua_09,2,1051,1021,56,,
knowledge_base/hosted/content/redflags/rf_crc_transformation_progression.yaml,redflags,notes,notes_ua,drafted_pending,pending_clinical_signoff,claude_extraction,1,341,358,57,,
knowledge_base/hosted/content/redflags/rf_decomp_cirrhosis.yaml,redflags,notes,notes_ua,drafted_v2plus,pending_clinical_signoff,claude_ua_09,2,163,165,56,,
knowledge_base/hosted/content/redflags/rf_dipss_plus_high.yaml,redflags,notes,notes_ua,drafted_v2plus,pending_clinical_signoff,claude_ua_09,2,509,553,56,,
knowledge_base/hosted/content/redflags/rf_dlbcl_cart_ineligible_post_2l.yaml,redflags,notes,notes_ua,drafted_v2plus,pending_clinical_signoff,claude_ua_09,2,638,655,56,,
knowledge_base/hosted/content/redflags/rf_dlbcl_cd20_pos_epcoritamab_candidate.yaml,redflags,notes,notes_ua,drafted_pending,,,,757,799,57,,
knowledge_base/hosted/content/redflags/rf_dlbcl_cd20_pos_glofitamab_candidate.yaml,redflags,notes,notes_ua,drafted_pending,,,,805,856,57,,
knowledge_base/hosted/content/redflags/rf_dlbcl_cd79b_mut_mcd_candidate.yaml,redflags,notes,notes_ua,drafted_v2plus,pending_clinical_signoff,claude_ua_09,2,815,882,56,,
knowledge_base/hosted/content/redflags/rf_dlbcl_cns_risk.yaml,redflags,notes,notes_ua,drafted_v2plus,pending_clinical_signoff,claude_ua_09,2,515,542,56,,
knowledge_base/hosted/content/redflags/rf_dlbcl_frailty_age.yaml,redflags,notes,notes_ua,drafted_v2plus,pending_clinical_signoff,claude_ua_09,2,481,496,56,,
knowledge_base/hosted/content/redflags/rf_dlbcl_high_ipi.yaml,redflags,notes,notes_ua,drafted_v2plus,pending_clinical_signoff,claude_ua_09,2,304,358,56,,
knowledge_base/hosted/content/redflags/rf_dlbcl_high_risk_biology.yaml,redflags,notes,notes_ua,drafted_v2plus,pending_clinical_signoff,claude_ua_09,2,377,395,56,,
knowledge_base/hosted/content/redflags/rf_dlbcl_infection_screening.yaml,redflags,notes,notes_ua,drafted_pending,pending_clinical_signoff,claude_extraction,1,560,561,57,,
knowledge_base/hosted/content/redflags/rf_dlbcl_organ_dysfunction.yaml,redflags,notes,notes_ua,drafted_v2plus,pending_clinical_signoff,claude_ua_09,2,507,537,56,,
knowledge_base/hosted/content/redflags/rf_dlbcl_transformation_progression.yaml,redflags,notes,notes_ua,drafted_v2plus,pending_clinical_signoff,claude_ua_09,2,1267,1226,56,,
knowledge_base/hosted/content/redflags/rf_eatl_frailty_age.yaml,redflags,notes,notes_ua,drafted_pending,pending_clinical_signoff,claude_extraction,1,137,154,57,,
knowledge_base/hosted/content/redflags/rf_eatl_high_risk_biology.yaml,redflags,notes,notes_ua,drafted_v2plus,pending_clinical_signoff,claude_ua_09,2,145,149,56,,
knowledge_base/hosted/content/redflags/rf_eatl_infection_screening.yaml,redflags,notes,notes_ua,drafted_v2plus,pending_clinical_signoff,claude_ua_09,2,136,173,56,,
knowledge_base/hosted/content/redflags/rf_eatl_organ_dysfunction.yaml,redflags,notes,notes_ua,drafted_pending,pending_clinical_signoff,claude_extraction,1,201,196,57,,
knowledge_base/hosted/content/redflags/rf_eatl_transformation_progression.yaml,redflags,notes,notes_ua,drafted_v2plus,pending_clinical_signoff,claude_ua_09,2,92,101,56,,
knowledge_base/hosted/content/redflags/rf_endometrial_fit_for_lenvatinib_combo.yaml,redflags,notes,notes_ua,drafted_v2plus,pending_clinical_signoff,claude_ua_09,2,613,628,56,,
knowledge_base/hosted/content/redflags/rf_endometrial_frailty_age.yaml,redflags,notes,notes_ua,drafted_pending,pending_clinical_signoff,claude_extraction,1,509,530,57,,
knowledge_base/hosted/content/redflags/rf_endometrial_high_risk_biology.yaml,redflags,notes,notes_ua,drafted_v2plus,pending_clinical_signoff,claude_ua_09,2,61,61,56,,
knowledge_base/hosted/content/redflags/rf_endometrial_infection_screening.yaml,redflags,notes,notes_ua,drafted_pending,pending_clinical_signoff,claude_extraction,1,530,537,57,,
knowledge_base/hosted/content/redflags/rf_endometrial_organ_dysfunction.yaml,redflags,notes,notes_ua,drafted_v2plus,pending_clinical_signoff,claude_ua_09,2,65,66,56,,
knowledge_base/hosted/content/redflags/rf_endometrial_transformation_progression.yaml,redflags,notes,notes_ua,drafted_pending,pending_clinical_signoff,claude_extraction,1,43,44,57,,
knowledge_base/hosted/content/redflags/rf_environmental_air_pollution_lung_prevention.yaml,redflags,notes,notes_ua,missing,pending_clinical_signoff,claude_v03_diet_environmental,1,652,0,49,,
knowledge_base/hosted/content/redflags/rf_environmental_arsenic_water_prevention.yaml,redflags,notes,notes_ua,missing,pending_clinical_signoff,claude_v03_diet_environmental,1,540,0,49,,
knowledge_base/hosted/content/redflags/rf_environmental_outdoor_uv_skin_prevention.yaml,redflags,notes,notes_ua,missing,pending_clinical_signoff,claude_v03_diet_environmental,1,542,0,49,,
knowledge_base/hosted/content/redflags/rf_environmental_secondhand_smoke_lung_prevention.yaml,redflags,notes,notes_ua,missing,pending_clinical_signoff,claude_v03_diet_environmental,1,592,0,49,,
knowledge_base/hosted/content/redflags/rf_esoph_frailty_age.yaml,redflags,notes,notes_ua,drafted_pending,pending_clinical_signoff,claude_extraction,1,212,220,57,,
knowledge_base/hosted/content/redflags/rf_esoph_high_risk_biology.yaml,redflags,notes,notes_ua,drafted_v2plus,pending_clinical_signoff,claude_ua_09,2,246,301,56,,
knowledge_base/hosted/content/redflags/rf_esoph_infection_screening.yaml,redflags,notes,notes_ua,drafted_pending,pending_clinical_signoff,claude_extraction,1,82,82,57,,
knowledge_base/hosted/content/redflags/rf_esoph_severe_dysphagia_aspiration.yaml,redflags,notes,notes_ua,drafted_pending,pending_clinical_signoff,claude_extraction,1,285,289,57,,
knowledge_base/hosted/content/redflags/rf_esoph_transformation_progression.yaml,redflags,notes,notes_ua,drafted_pending,pending_clinical_signoff,claude_extraction,1,170,178,57,,
knowledge_base/hosted/content/redflags/rf_esophageal_post_cross_non_pcr.yaml,redflags,notes,notes_ua,drafted_v2plus,pending_clinical_signoff,claude_ua_09,2,696,686,56,,
knowledge_base/hosted/content/redflags/rf_et_hu_resistant_intolerant.yaml,redflags,notes,notes_ua,drafted_pending,,,,817,531,58,,
knowledge_base/hosted/content/redflags/rf_et_transformation_progression.yaml,redflags,notes,notes_ua,drafted_v2plus,pending_clinical_signoff,claude_ua_09,2,298,310,56,,
knowledge_base/hosted/content/redflags/rf_fammm_confirmed_carrier.yaml,redflags,notes,notes_ua,missing,pending_clinical_signoff,claude_v02b_confirmed_carriers_additional,1,1558,0,50,,
knowledge_base/hosted/content/redflags/rf_fammm_family_history_suspicion.yaml,redflags,notes,notes_ua,missing,pending_clinical_signoff,claude_v03_more_hereditary,1,80,0,50,,
knowledge_base/hosted/content/redflags/rf_fap_confirmed_carrier.yaml,redflags,notes,notes_ua,missing,pending_clinical_signoff,claude_v03_carrier_completion,1,196,0,50,,
knowledge_base/hosted/content/redflags/rf_fap_family_history_suspicion.yaml,redflags,notes,notes_ua,missing,pending_clinical_signoff,claude_v0_2_b_hereditary_pilot,1,2292,0,50,,
knowledge_base/hosted/content/redflags/rf_fl_ezh2_y641_actionable.yaml,redflags,notes,notes_ua,drafted_v2plus,pending_clinical_signoff,claude_ua_09,2,592,604,56,,
knowledge_base/hosted/content/redflags/rf_fl_frailty_age.yaml,redflags,notes,notes_ua,drafted_pending,pending_clinical_signoff,claude_extraction,1,548,567,57,,
knowledge_base/hosted/content/redflags/rf_fl_high_tumor_burden_gelf.yaml,redflags,notes,notes_ua,drafted_v2plus,pending_clinical_signoff,claude_ua_09,2,313,304,56,,
knowledge_base/hosted/content/redflags/rf_fl_infection_screening.yaml,redflags,notes,notes_ua,drafted_pending,pending_clinical_signoff,claude_extraction,1,577,583,57,,
knowledge_base/hosted/content/redflags/rf_fl_organ_dysfunction.yaml,redflags,notes,notes_ua,drafted_pending,pending_clinical_signoff,claude_extraction,1,532,550,57,,
knowledge_base/hosted/content/redflags/rf_fl_transformation_suspect.yaml,redflags,notes,notes_ua,drafted_v2plus,pending_clinical_signoff,claude_ua_09,2,380,399,56,,
knowledge_base/hosted/content/redflags/rf_gastric_cldn18_2_actionable.yaml,redflags,notes,notes_ua,drafted_v2plus,pending_clinical_signoff,claude_ua_09,2,443,431,56,,
knowledge_base/hosted/content/redflags/rf_gastric_emergency_bleed_obstruction.yaml,redflags,notes,notes_ua,drafted_pending,pending_clinical_signoff,claude_extraction,1,230,226,57,,
knowledge_base/hosted/content/redflags/rf_gastric_frailty_age.yaml,redflags,notes,notes_ua,drafted_pending,pending_clinical_signoff,claude_extraction,1,298,328,57,,
knowledge_base/hosted/content/redflags/rf_gastric_high_risk_biology.yaml,redflags,notes,notes_ua,drafted_v2plus,pending_clinical_signoff,claude_ua_09,2,255,287,56,,
knowledge_base/hosted/content/redflags/rf_gastric_infection_screening.yaml,redflags,notes,notes_ua,drafted_pending,pending_clinical_signoff,claude_extraction,1,179,179,57,,
knowledge_base/hosted/content/redflags/rf_gastric_pdl1_cps_1_plus.yaml,redflags,notes,notes_ua,drafted_v2plus,pending_clinical_signoff,claude_ua_09,2,1606,1133,56,,
knowledge_base/hosted/content/redflags/rf_gastric_transformation_progression.yaml,redflags,notes,notes_ua,drafted_v2plus,pending_clinical_signoff,claude_ua_09,2,185,193,56,,
knowledge_base/hosted/content/redflags/rf_gbm_frailty_age.yaml,redflags,notes,notes_ua,drafted_pending,pending_clinical_signoff,claude_extraction,1,484,510,57,,
knowledge_base/hosted/content/redflags/rf_gbm_high_risk_biology.yaml,redflags,notes,notes_ua,drafted_v2plus,pending_clinical_signoff,claude_ua_09,2,678,686,56,,
knowledge_base/hosted/content/redflags/rf_gbm_infection_screening.yaml,redflags,notes,notes_ua,drafted_pending,pending_clinical_signoff,claude_extraction,1,608,610,57,,
knowledge_base/hosted/content/redflags/rf_gbm_intracranial_pressure_emergency.yaml,redflags,notes,notes_ua,drafted_pending,pending_clinical_signoff,claude_extraction,1,255,255,57,,
knowledge_base/hosted/content/redflags/rf_gbm_transformation_progression.yaml,redflags,notes,notes_ua,drafted_pending,pending_clinical_signoff,claude_extraction,1,705,705,57,,
knowledge_base/hosted/content/redflags/rf_gelf_criteria_met.yaml,redflags,notes,notes_ua,drafted_v2plus,pending_clinical_signoff,claude_ua_09,2,595,618,56,,
knowledge_base/hosted/content/redflags/rf_gelf_low_burden.yaml,redflags,notes,notes_ua,drafted_v2plus,pending_clinical_signoff,claude_ua_09,2,490,554,56,,
knowledge_base/hosted/content/redflags/rf_gist_frailty_age.yaml,redflags,notes,notes_ua,drafted_pending,pending_clinical_signoff,claude_extraction,1,610,635,57,,
knowledge_base/hosted/content/redflags/rf_gist_high_risk_biology.yaml,redflags,notes,notes_ua,drafted_v2plus,pending_clinical_signoff,claude_ua_09,2,584,646,56,,
knowledge_base/hosted/content/redflags/rf_gist_infection_screening.yaml,redflags,notes,notes_ua,drafted_pending,pending_clinical_signoff,claude_extraction,1,518,328,57,,
knowledge_base/hosted/content/redflags/rf_gist_organ_dysfunction.yaml,redflags,notes,notes_ua,drafted_pending,pending_clinical_signoff,claude_extraction,1,627,391,57,,
knowledge_base/hosted/content/redflags/rf_gist_pdgfra_d842v.yaml,redflags,notes,notes_ua,missing,pending_clinical_signoff,claude_extraction,1,1436,0,58,,
knowledge_base/hosted/content/redflags/rf_gist_transformation_progression.yaml,redflags,notes,notes_ua,drafted_pending,pending_clinical_signoff,claude_extraction,1,697,704,57,,
knowledge_base/hosted/content/redflags/rf_glioma_low_grade_frailty_age.yaml,redflags,notes,notes_ua,drafted_v2plus,pending_clinical_signoff,claude_ua_09,2,470,530,56,,
knowledge_base/hosted/content/redflags/rf_glioma_low_grade_high_risk_biology.yaml,redflags,notes,notes_ua,drafted_v2plus,pending_clinical_signoff,claude_ua_09,2,496,516,56,,
knowledge_base/hosted/content/redflags/rf_glioma_low_grade_infection_screening.yaml,redflags,notes,notes_ua,drafted_pending,pending_clinical_signoff,claude_extraction,1,566,266,57,,
knowledge_base/hosted/content/redflags/rf_glioma_low_grade_intracranial_pressure.yaml,redflags,notes,notes_ua,drafted_v2plus,pending_clinical_signoff,claude_ua_09,2,433,480,56,,
knowledge_base/hosted/content/redflags/rf_glioma_low_grade_organ_dysfunction.yaml,redflags,notes,notes_ua,drafted_pending,pending_clinical_signoff,claude_extraction,1,660,374,57,,
knowledge_base/hosted/content/redflags/rf_glioma_low_grade_transformation_progression.yaml,redflags,notes,notes_ua,drafted_v2plus,pending_clinical_signoff,claude_ua_09,2,402,435,56,,
knowledge_base/hosted/content/redflags/rf_hasford_high.yaml,redflags,notes,notes_ua,drafted_v2plus,pending_clinical_signoff,claude_ua_09,2,505,528,56,,
knowledge_base/hosted/content/redflags/rf_hbv_coinfection.yaml,redflags,notes,notes_ua,drafted_v2plus,pending_clinical_signoff,claude_ua_09,2,664,680,56,,
knowledge_base/hosted/content/redflags/rf_hcc_afp_rapid_rise.yaml,redflags,notes,notes_ua,drafted_v2plus,pending_clinical_signoff,claude_ua_09,2,257,298,56,,
knowledge_base/hosted/content/redflags/rf_hcc_child_pugh_b_c.yaml,redflags,notes,notes_ua,drafted_v2plus,pending_clinical_signoff,claude_ua_09,2,281,297,56,,
knowledge_base/hosted/content/redflags/rf_hcc_frailty_age.yaml,redflags,notes,notes_ua,drafted_v2plus,pending_clinical_signoff,claude_ua_09,2,284,324,56,,
knowledge_base/hosted/content/redflags/rf_hcc_hbv_reactivation_risk.yaml,redflags,notes,notes_ua,drafted_pending,pending_clinical_signoff,claude_extraction,1,274,272,57,,
knowledge_base/hosted/content/redflags/rf_hcc_high_risk_biology.yaml,redflags,notes,notes_ua,drafted_v2plus,pending_clinical_signoff,claude_ua_09,2,253,251,56,,
knowledge_base/hosted/content/redflags/rf_hcc_variceal_bleed.yaml,redflags,notes,notes_ua,drafted_v2plus,pending_clinical_signoff,claude_ua_09,2,260,281,56,,
knowledge_base/hosted/content/redflags/rf_hcl_frailty_age.yaml,redflags,notes,notes_ua,drafted_v2plus,pending_clinical_signoff,claude_ua_09,2,211,216,56,,
knowledge_base/hosted/content/redflags/rf_hcl_high_risk_biology.yaml,redflags,notes,notes_ua,drafted_v2plus,pending_clinical_signoff,claude_ua_09,2,219,231,56,,
knowledge_base/hosted/content/redflags/rf_hcl_infection_screening.yaml,redflags,notes,notes_ua,drafted_pending,pending_clinical_signoff,claude_extraction,1,245,250,57,,
knowledge_base/hosted/content/redflags/rf_hcl_organ_dysfunction.yaml,redflags,notes,notes_ua,drafted_v2plus,pending_clinical_signoff,claude_ua_09,2,149,145,56,,
knowledge_base/hosted/content/redflags/rf_hcl_transformation_progression.yaml,redflags,notes,notes_ua,drafted_v2plus,pending_clinical_signoff,claude_ua_09,2,136,157,56,,
knowledge_base/hosted/content/redflags/rf_hcv_mzl_frailty_age.yaml,redflags,notes,notes_ua,drafted_v2plus,pending_clinical_signoff,claude_ua_09,2,579,596,56,,
knowledge_base/hosted/content/redflags/rf_hemochromatosis_hcc_prevention.yaml,redflags,notes,notes_ua,drafted_pending,pending_clinical_signoff,claude_v0_3_chronic_condition_pilot,1,2023,1264,50,,
knowledge_base/hosted/content/redflags/rf_hgbl_dh_cns_prophylaxis_trigger.yaml,redflags,notes,notes_ua,drafted_v2plus,pending_clinical_signoff,claude_ua_09,2,419,439,56,,
knowledge_base/hosted/content/redflags/rf_hgbl_dh_emergency_tls.yaml,redflags,notes,notes_ua,drafted_v2plus,pending_clinical_signoff,claude_ua_09,2,336,350,56,,
knowledge_base/hosted/content/redflags/rf_hgbl_dh_frailty_age.yaml,redflags,notes,notes_ua,drafted_pending,pending_clinical_signoff,claude_extraction,1,189,208,57,,
knowledge_base/hosted/content/redflags/rf_hgbl_dh_high_risk_biology.yaml,redflags,notes,notes_ua,drafted_v2plus,pending_clinical_signoff,claude_ua_09,2,186,190,56,,
knowledge_base/hosted/content/redflags/rf_hgbl_dh_infection_screening.yaml,redflags,notes,notes_ua,drafted_v2plus,pending_clinical_signoff,claude_ua_09,2,137,135,56,,
knowledge_base/hosted/content/redflags/rf_hgbl_dh_organ_dysfunction.yaml,redflags,notes,notes_ua,drafted_v2plus,pending_clinical_signoff,claude_ua_09,2,176,172,56,,
knowledge_base/hosted/content/redflags/rf_hgbl_dh_transformation_progression.yaml,redflags,notes,notes_ua,drafted_v2plus,pending_clinical_signoff,claude_ua_09,2,162,165,56,,
knowledge_base/hosted/content/redflags/rf_hlrcc_confirmed_carrier.yaml,redflags,notes,notes_ua,missing,pending_clinical_signoff,claude_v03_carrier_completion,1,212,0,50,,
knowledge_base/hosted/content/redflags/rf_hlrcc_family_history_suspicion.yaml,redflags,notes,notes_ua,missing,pending_clinical_signoff,claude_v0_2_b_hereditary_pilot,1,2866,0,50,,
knowledge_base/hosted/content/redflags/rf_hnscc_frailty_age.yaml,redflags,notes,notes_ua,drafted_pending,pending_clinical_signoff,claude_extraction,1,780,795,57,,
knowledge_base/hosted/content/redflags/rf_hnscc_high_risk_biology.yaml,redflags,notes,notes_ua,drafted_v2plus,pending_clinical_signoff,claude_ua_09,2,627,662,56,,
knowledge_base/hosted/content/redflags/rf_hnscc_infection_screening.yaml,redflags,notes,notes_ua,drafted_pending,pending_clinical_signoff,claude_extraction,1,533,343,57,,
knowledge_base/hosted/content/redflags/rf_hnscc_organ_dysfunction.yaml,redflags,notes,notes_ua,drafted_pending,pending_clinical_signoff,claude_extraction,1,648,321,57,,
knowledge_base/hosted/content/redflags/rf_hnscc_transformation_progression.yaml,redflags,notes,notes_ua,drafted_pending,pending_clinical_signoff,claude_extraction,1,578,586,57,,
knowledge_base/hosted/content/redflags/rf_hprc_confirmed_carrier.yaml,redflags,notes,notes_ua,missing,pending_clinical_signoff,claude_v02b_confirmed_carriers_additional,1,1528,0,50,,
knowledge_base/hosted/content/redflags/rf_hprc_family_history_suspicion.yaml,redflags,notes,notes_ua,missing,pending_clinical_signoff,claude_v03_more_hereditary,1,70,0,50,,
knowledge_base/hosted/content/redflags/rf_hstcl_frailty_age.yaml,redflags,notes,notes_ua,drafted_pending,pending_clinical_signoff,claude_extraction,1,115,128,57,,
knowledge_base/hosted/content/redflags/rf_hstcl_high_risk_biology.yaml,redflags,notes,notes_ua,drafted_v2plus,pending_clinical_signoff,claude_ua_09,2,143,186,56,,
knowledge_base/hosted/content/redflags/rf_hstcl_infection_screening.yaml,redflags,notes,notes_ua,drafted_v2plus,pending_clinical_signoff,claude_ua_09,2,200,217,56,,
knowledge_base/hosted/content/redflags/rf_hstcl_organ_dysfunction.yaml,redflags,notes,notes_ua,drafted_v2plus,pending_clinical_signoff,claude_ua_09,2,179,197,56,,
knowledge_base/hosted/content/redflags/rf_hstcl_transformation_progression.yaml,redflags,notes,notes_ua,drafted_v2plus,pending_clinical_signoff,claude_ua_09,2,94,108,56,,
knowledge_base/hosted/content/redflags/rf_iatrogenic_alkylator_taml_prevention.yaml,redflags,notes,notes_ua,missing,pending_clinical_signoff,claude_v03_lifestyle_iatrogenic_batch2,1,356,0,50,,
knowledge_base/hosted/content/redflags/rf_iatrogenic_anthracycline_cardio_prevention.yaml,redflags,notes,notes_ua,missing,pending_clinical_signoff,claude_v03_lifestyle_iatrogenic_batch2,1,411,0,50,,
knowledge_base/hosted/content/redflags/rf_iatrogenic_anthracycline_late_cardio_prevention.yaml,redflags,notes,notes_ua,missing,pending_clinical_signoff,claude_aya_survivor_2026_05_18,1,382,0,49,,
knowledge_base/hosted/content/redflags/rf_iatrogenic_anti_tnf_lymphoma_prevention.yaml,redflags,notes,notes_ua,missing,pending_clinical_signoff,claude_v03_iatrogenic_batch3,1,933,0,49,,
knowledge_base/hosted/content/redflags/rf_iatrogenic_azathioprine_longterm_prevention.yaml,redflags,notes,notes_ua,missing,pending_clinical_signoff,claude_v03_iatrogenic_batch3,1,722,0,49,,
knowledge_base/hosted/content/redflags/rf_iatrogenic_bleomycin_late_prevention.yaml,redflags,notes,notes_ua,missing,pending_clinical_signoff,claude_aya_survivor_2026_05_18,1,347,0,49,,
knowledge_base/hosted/content/redflags/rf_iatrogenic_calcineurin_inhibitor_longterm_prevention.yaml,redflags,notes,notes_ua,missing,pending_clinical_signoff,claude_v03_iatrogenic_batch3,1,936,0,49,,
knowledge_base/hosted/content/redflags/rf_iatrogenic_combined_hrt_prevention.yaml,redflags,notes,notes_ua,missing,pending_clinical_signoff,claude_v03_iatrogenic_batch3,1,831,0,49,,
knowledge_base/hosted/content/redflags/rf_iatrogenic_cranial_rt_late_prevention.yaml,redflags,notes,notes_ua,missing,pending_clinical_signoff,claude_aya_survivor_2026_05_18,1,355,0,49,,
knowledge_base/hosted/content/redflags/rf_iatrogenic_cyclophosphamide_late_prevention.yaml,redflags,notes,notes_ua,missing,pending_clinical_signoff,claude_aya_survivor_2026_05_18,1,327,0,49,,
knowledge_base/hosted/content/redflags/rf_iatrogenic_des_exposure_prevention.yaml,redflags,notes,notes_ua,missing,pending_clinical_signoff,claude_v03_iatrogenic_batch3,1,1197,0,49,,
knowledge_base/hosted/content/redflags/rf_iatrogenic_long_term_hrmnl_contraception_prevention.yaml,redflags,notes,notes_ua,missing,pending_clinical_signoff,claude_v03_iatrogenic_batch3,1,593,0,49,,
knowledge_base/hosted/content/redflags/rf_iatrogenic_long_term_ppi_gastric_net_prevention.yaml,redflags,notes,notes_ua,missing,pending_clinical_signoff,claude_v03_iatrogenic_batch3,1,678,0,49,,
knowledge_base/hosted/content/redflags/rf_iatrogenic_pediatric_pelvic_rt_prevention.yaml,redflags,notes,notes_ua,missing,pending_clinical_signoff,claude_aya_survivor_2026_05_18,1,372,0,49,,
knowledge_base/hosted/content/redflags/rf_iatrogenic_platinum_late_prevention.yaml,redflags,notes,notes_ua,missing,pending_clinical_signoff,claude_aya_survivor_2026_05_18,1,346,0,49,,
knowledge_base/hosted/content/redflags/rf_iatrogenic_prior_radiation_prevention.yaml,redflags,notes,notes_ua,missing,pending_clinical_signoff,claude_v03_completion,1,210,0,50,,
knowledge_base/hosted/content/redflags/rf_iatrogenic_tamoxifen_endometrial_prevention.yaml,redflags,notes,notes_ua,missing,pending_clinical_signoff,claude_v03_lifestyle_iatrogenic_batch2,1,461,0,50,,
knowledge_base/hosted/content/redflags/rf_iatrogenic_topo2_taml_prevention.yaml,redflags,notes,notes_ua,missing,pending_clinical_signoff,claude_v03_lifestyle_iatrogenic_batch2,1,522,0,50,,
knowledge_base/hosted/content/redflags/rf_iatrogenic_transplant_immunosuppression_longterm_prevention.yaml,redflags,notes,notes_ua,missing,pending_clinical_signoff,claude_v03_iatrogenic_batch3,1,895,0,49,,
knowledge_base/hosted/content/redflags/rf_iatrogenic_transplant_immunosuppression_prevention.yaml,redflags,notes,notes_ua,missing,pending_clinical_signoff,claude_v03_iatrogenic,1,186,0,50,,
knowledge_base/hosted/content/redflags/rf_ibd_crc_prevention.yaml,redflags,notes,notes_ua,drafted_pending,pending_clinical_signoff,claude_v0_3_chronic_condition_pilot,1,2637,1842,50,,
knowledge_base/hosted/content/redflags/rf_ifs_frailty_age.yaml,redflags,notes,notes_ua,drafted_pending,pending_clinical_signoff,claude_extraction,1,603,296,57,,
knowledge_base/hosted/content/redflags/rf_ifs_high_risk_biology.yaml,redflags,notes,notes_ua,drafted_v2plus,pending_clinical_signoff,claude_ua_10,2,620,723,56,,
knowledge_base/hosted/content/redflags/rf_ifs_infection_screening.yaml,redflags,notes,notes_ua,drafted_pending,pending_clinical_signoff,claude_extraction,1,540,309,57,,
knowledge_base/hosted/content/redflags/rf_ifs_organ_dysfunction.yaml,redflags,notes,notes_ua,drafted_pending,pending_clinical_signoff,claude_extraction,1,590,276,57,,
knowledge_base/hosted/content/redflags/rf_ifs_transformation_progression.yaml,redflags,notes,notes_ua,drafted_pending,pending_clinical_signoff,claude_extraction,1,547,248,57,,
knowledge_base/hosted/content/redflags/rf_imt_frailty_age.yaml,redflags,notes,notes_ua,drafted_pending,pending_clinical_signoff,claude_extraction,1,569,265,57,,
knowledge_base/hosted/content/redflags/rf_imt_high_risk_biology.yaml,redflags,notes,notes_ua,drafted_v2plus,pending_clinical_signoff,claude_ua_10,2,610,764,56,,
knowledge_base/hosted/content/redflags/rf_imt_infection_screening.yaml,redflags,notes,notes_ua,drafted_pending,pending_clinical_signoff,claude_extraction,1,534,240,57,,
knowledge_base/hosted/content/redflags/rf_imt_organ_dysfunction.yaml,redflags,notes,notes_ua,drafted_pending,pending_clinical_signoff,claude_extraction,1,517,265,57,,
knowledge_base/hosted/content/redflags/rf_imt_transformation_progression.yaml,redflags,notes,notes_ua,drafted_v2plus,pending_clinical_signoff,claude_ua_10,2,649,345,56,,
knowledge_base/hosted/content/redflags/rf_ipi_high.yaml,redflags,notes,notes_ua,drafted_v2plus,pending_clinical_signoff,claude_ua_10,2,507,589,56,,
knowledge_base/hosted/content/redflags/rf_ipi_intermediate.yaml,redflags,notes,notes_ua,drafted_v2plus,pending_clinical_signoff,claude_ua_10,2,531,596,56,,
knowledge_base/hosted/content/redflags/rf_ipi_low.yaml,redflags,notes,notes_ua,drafted_v2plus,pending_clinical_signoff,claude_ua_10,2,456,512,56,,
knowledge_base/hosted/content/redflags/rf_ipss_m_high.yaml,redflags,notes,notes_ua,drafted_v2plus,pending_clinical_signoff,claude_ua_10,2,627,662,56,,
knowledge_base/hosted/content/redflags/rf_ipss_r_very_high.yaml,redflags,notes,notes_ua,drafted_v2plus,pending_clinical_signoff,claude_ua_10,2,566,685,56,,
knowledge_base/hosted/content/redflags/rf_iss_1.yaml,redflags,notes,notes_ua,drafted_v2plus,pending_clinical_signoff,claude_ua_10,2,472,547,56,,
knowledge_base/hosted/content/redflags/rf_iss_3.yaml,redflags,notes,notes_ua,drafted_v2plus,pending_clinical_signoff,claude_ua_10,2,499,562,56,,
knowledge_base/hosted/content/redflags/rf_latitude_high_risk_mhspc.yaml,redflags,notes,notes_ua,drafted_v2plus,pending_clinical_signoff,claude_ua_10,2,747,908,56,,
knowledge_base/hosted/content/redflags/rf_li_fraumeni_confirmed_carrier.yaml,redflags,notes,notes_ua,missing,pending_clinical_signoff,claude_v03_carrier_completion,1,275,0,50,,
knowledge_base/hosted/content/redflags/rf_li_fraumeni_family_history_suspicion.yaml,redflags,notes,notes_ua,missing,pending_clinical_signoff,claude_v0_2_b_anchor,1,3422,0,50,,
knowledge_base/hosted/content/redflags/rf_lifestyle_alcohol_cancer_prevention.yaml,redflags,notes,notes_ua,missing,pending_clinical_signoff,claude_v03_lifestyle,1,331,0,50,,
knowledge_base/hosted/content/redflags/rf_lifestyle_high_red_meat_crc_prevention.yaml,redflags,notes,notes_ua,missing,pending_clinical_signoff,claude_v03_diet_environmental,1,504,0,49,,
knowledge_base/hosted/content/redflags/rf_lifestyle_hot_beverages_prevention.yaml,redflags,notes,notes_ua,missing,pending_clinical_signoff,claude_v03_lifestyle_iatrogenic_batch2,1,404,0,50,,
knowledge_base/hosted/content/redflags/rf_lifestyle_low_calcium_vit_d_crc_prevention.yaml,redflags,notes,notes_ua,missing,pending_clinical_signoff,claude_v03_diet_environmental,1,493,0,49,,
knowledge_base/hosted/content/redflags/rf_lifestyle_low_fiber_crc_prevention.yaml,redflags,notes,notes_ua,missing,pending_clinical_signoff,claude_v03_diet_environmental,1,408,0,49,,
knowledge_base/hosted/content/redflags/rf_lifestyle_low_mediterranean_diet_prevention.yaml,redflags,notes,notes_ua,missing,pending_clinical_signoff,claude_v03_diet_environmental,1,577,0,49,,
knowledge_base/hosted/content/redflags/rf_lifestyle_obesity_cancer_prevention.yaml,redflags,notes,notes_ua,missing,pending_clinical_signoff,claude_v03_lifestyle,1,275,0,50,,
knowledge_base/hosted/content/redflags/rf_lifestyle_processed_meat_prevention.yaml,redflags,notes,notes_ua,missing,pending_clinical_signoff,claude_v03_lifestyle_iatrogenic_batch2,1,379,0,50,,
knowledge_base/hosted/content/redflags/rf_lifestyle_sedentary_prevention.yaml,redflags,notes,notes_ua,missing,pending_clinical_signoff,claude_v03_lifestyle_iatrogenic_batch2,1,357,0,50,,
knowledge_base/hosted/content/redflags/rf_lifestyle_tobacco_cancer_prevention.yaml,redflags,notes,notes_ua,missing,pending_clinical_signoff,claude_v03_lifestyle,1,315,0,50,,
knowledge_base/hosted/content/redflags/rf_lifestyle_uv_exposure_prevention.yaml,redflags,notes,notes_ua,missing,pending_clinical_signoff,claude_v03_lifestyle_iatrogenic_batch2,1,373,0,50,,
knowledge_base/hosted/content/redflags/rf_lynch_confirmed_carrier.yaml,redflags,notes,notes_ua,missing,pending_clinical_signoff,claude_v0_2_b_confirmed_carrier,1,1650,0,50,,
knowledge_base/hosted/content/redflags/rf_lynch_family_history_suspicion.yaml,redflags,notes,notes_ua,missing,pending_clinical_signoff,claude_v0_2_b_anchor,1,1739,0,50,,
knowledge_base/hosted/content/redflags/rf_mastocytosis_frailty_age.yaml,redflags,notes,notes_ua,drafted_v2plus,pending_clinical_signoff,claude_ua_10,2,382,504,56,,
knowledge_base/hosted/content/redflags/rf_mastocytosis_high_risk_biology.yaml,redflags,notes,notes_ua,drafted_v2plus,pending_clinical_signoff,claude_ua_10,2,395,445,56,,
knowledge_base/hosted/content/redflags/rf_mastocytosis_infection_screening.yaml,redflags,notes,notes_ua,drafted_v2plus,pending_clinical_signoff,claude_ua_10,2,360,439,56,,
knowledge_base/hosted/content/redflags/rf_mastocytosis_organ_dysfunction.yaml,redflags,notes,notes_ua,drafted_v2plus,pending_clinical_signoff,claude_ua_10,2,376,445,56,,
knowledge_base/hosted/content/redflags/rf_mastocytosis_transformation_progression.yaml,redflags,notes,notes_ua,drafted_v2plus,pending_clinical_signoff,claude_ua_10,2,301,401,56,,
knowledge_base/hosted/content/redflags/rf_mcl_blastoid_or_tp53.yaml,redflags,notes,notes_ua,drafted_v2plus,pending_clinical_signoff,claude_ua_10,2,231,297,56,,
knowledge_base/hosted/content/redflags/rf_mcl_blastoid_variant_cart.yaml,redflags,notes,notes_ua,drafted_v2plus,pending_clinical_signoff,claude_ua_10,2,699,702,56,,
knowledge_base/hosted/content/redflags/rf_mcl_frailty_age.yaml,redflags,notes,notes_ua,drafted_v2plus,pending_clinical_signoff,claude_ua_10,2,577,594,56,,
knowledge_base/hosted/content/redflags/rf_mcl_infection_screening.yaml,redflags,notes,notes_ua,drafted_pending,pending_clinical_signoff,claude_extraction,1,561,563,57,,
knowledge_base/hosted/content/redflags/rf_mcl_organ_dysfunction.yaml,redflags,notes,notes_ua,drafted_v2plus,pending_clinical_signoff,claude_ua_10,2,541,527,56,,
knowledge_base/hosted/content/redflags/rf_mcl_post_btki_c481_actionable.yaml,redflags,notes,notes_ua,drafted_v2plus,pending_clinical_signoff,claude_ua_10,2,703,690,56,,
knowledge_base/hosted/content/redflags/rf_mcl_transformation_progression.yaml,redflags,notes,notes_ua,drafted_v2plus,pending_clinical_signoff,claude_ua_10,2,584,646,56,,
knowledge_base/hosted/content/redflags/rf_mds_del_5q_isolated.yaml,redflags,notes,notes_ua,drafted_v2plus,pending_clinical_signoff,claude_ua_10,2,480,575,56,,
knowledge_base/hosted/content/redflags/rf_mds_frailty_age.yaml,redflags,notes,notes_ua,drafted_v2plus,pending_clinical_signoff,claude_ua_10,2,251,336,56,,
knowledge_base/hosted/content/redflags/rf_mds_high_risk_ipss.yaml,redflags,notes,notes_ua,drafted_v2plus,pending_clinical_signoff,claude_ua_10,2,493,581,56,,
knowledge_base/hosted/content/redflags/rf_mds_infection_screening.yaml,redflags,notes,notes_ua,drafted_v2plus,pending_clinical_signoff,claude_ua_10,2,234,268,56,,
knowledge_base/hosted/content/redflags/rf_mds_organ_dysfunction.yaml,redflags,notes,notes_ua,drafted_v2plus,pending_clinical_signoff,claude_ua_10,2,310,410,56,,
knowledge_base/hosted/content/redflags/rf_mds_tp53_mutation.yaml,redflags,notes,notes_ua,drafted_v2plus,pending_clinical_signoff,claude_ua_10,2,423,609,56,,
knowledge_base/hosted/content/redflags/rf_mds_transformation_progression.yaml,redflags,notes,notes_ua,drafted_v2plus,pending_clinical_signoff,claude_ua_10,2,247,347,56,,
knowledge_base/hosted/content/redflags/rf_mds_transplant_eligible.yaml,redflags,notes,notes_ua,drafted_v2plus,pending_clinical_signoff,claude_ua_10,2,421,518,56,,
knowledge_base/hosted/content/redflags/rf_melanoma_braf_v600_actionable.yaml,redflags,notes,notes_ua,drafted_v2plus,pending_clinical_signoff,claude_ua_10,2,448,435,56,,
knowledge_base/hosted/content/redflags/rf_melanoma_frailty_age.yaml,redflags,notes,notes_ua,drafted_pending,pending_clinical_signoff,claude_extraction,1,42,41,57,,
knowledge_base/hosted/content/redflags/rf_melanoma_high_risk_biology.yaml,redflags,notes,notes_ua,drafted_v2plus,pending_clinical_signoff,claude_ua_10,2,80,254,56,,
knowledge_base/hosted/content/redflags/rf_melanoma_infection_screening.yaml,redflags,notes,notes_ua,drafted_v2plus,pending_clinical_signoff,claude_ua_10,2,566,602,56,,
knowledge_base/hosted/content/redflags/rf_melanoma_io_resistant.yaml,redflags,notes,notes_ua,drafted_v2plus,pending_clinical_signoff,claude_ua_10,2,513,518,56,,
knowledge_base/hosted/content/redflags/rf_melanoma_kit_mut_actionable.yaml,redflags,notes,notes_ua,drafted_v2plus,pending_clinical_signoff,claude_ua_10,2,473,502,56,,
knowledge_base/hosted/content/redflags/rf_melanoma_nf1_mut_candidate.yaml,redflags,notes,notes_ua,drafted_v2plus,pending_clinical_signoff,claude_ua_10,2,1608,1540,56,,
knowledge_base/hosted/content/redflags/rf_melanoma_organ_dysfunction.yaml,redflags,notes,notes_ua,drafted_v2plus,pending_clinical_signoff,claude_ua_10,2,35,246,56,,
knowledge_base/hosted/content/redflags/rf_melanoma_stage_iii_resected.yaml,redflags,notes,notes_ua,drafted_v2plus,pending_clinical_signoff,claude_ua_10,2,756,730,56,,
knowledge_base/hosted/content/redflags/rf_melanoma_transformation_progression.yaml,redflags,notes,notes_ua,drafted_pending,pending_clinical_signoff,claude_extraction,1,54,54,57,,
knowledge_base/hosted/content/redflags/rf_men1_confirmed_carrier.yaml,redflags,notes,notes_ua,missing,pending_clinical_signoff,claude_v02b_confirmed_carriers_additional,1,1533,0,50,,
knowledge_base/hosted/content/redflags/rf_men1_family_history_suspicion.yaml,redflags,notes,notes_ua,missing,pending_clinical_signoff,claude_v0_2_b_hereditary_pilot,1,2703,0,50,,
knowledge_base/hosted/content/redflags/rf_men2_confirmed_carrier.yaml,redflags,notes,notes_ua,missing,pending_clinical_signoff,claude_v02b_confirmed_carriers_additional,1,1376,0,50,,
knowledge_base/hosted/content/redflags/rf_men2_family_history_suspicion.yaml,redflags,notes,notes_ua,missing,pending_clinical_signoff,claude_v0_2_b_hereditary_pilot,1,2724,0,50,,
knowledge_base/hosted/content/redflags/rf_mf_frailty_age.yaml,redflags,notes,notes_ua,drafted_v2plus,pending_clinical_signoff,claude_ua_10,2,545,600,56,,
knowledge_base/hosted/content/redflags/rf_mf_infection_screening.yaml,redflags,notes,notes_ua,drafted_v2plus,pending_clinical_signoff,claude_ua_10,2,618,654,56,,
knowledge_base/hosted/content/redflags/rf_mf_large_cell_transformation.yaml,redflags,notes,notes_ua,drafted_v2plus,pending_clinical_signoff,claude_ua_10,2,241,345,56,,
knowledge_base/hosted/content/redflags/rf_mf_organ_dysfunction.yaml,redflags,notes,notes_ua,drafted_v2plus,pending_clinical_signoff,claude_ua_10,2,537,609,56,,
knowledge_base/hosted/content/redflags/rf_mf_sezary_leukemic.yaml,redflags,notes,notes_ua,drafted_v2plus,pending_clinical_signoff,claude_ua_10,2,258,340,56,,
knowledge_base/hosted/content/redflags/rf_mipi_high.yaml,redflags,notes,notes_ua,drafted_v2plus,pending_clinical_signoff,claude_ua_10,2,559,770,56,,
knowledge_base/hosted/content/redflags/rf_mipi_low.yaml,redflags,notes,notes_ua,drafted_v2plus,pending_clinical_signoff,claude_ua_10,2,589,704,56,,
knowledge_base/hosted/content/redflags/rf_mm_bcma_expression_pos.yaml,redflags,notes,notes_ua,drafted_v2plus,pending_clinical_signoff,claude_ua_10,2,687,694,56,,
knowledge_base/hosted/content/redflags/rf_mm_cd38_expression_dara_candidate.yaml,redflags,notes,notes_ua,drafted_v2plus,pending_clinical_signoff,claude_ua_10,2,886,965,56,,
knowledge_base/hosted/content/redflags/rf_mm_cord_compression.yaml,redflags,notes,notes_ua,drafted_v2plus,pending_clinical_signoff,claude_ua_10,2,395,426,56,,
knowledge_base/hosted/content/redflags/rf_mm_frailty_age.yaml,redflags,notes,notes_ua,drafted_v2plus,pending_clinical_signoff,claude_ua_10,2,541,601,56,,
knowledge_base/hosted/content/redflags/rf_mm_high_risk_cytogenetics.yaml,redflags,notes,notes_ua,drafted_v2plus,pending_clinical_signoff,claude_ua_10,2,316,343,56,,
knowledge_base/hosted/content/redflags/rf_mm_hypercalcemia.yaml,redflags,notes,notes_ua,drafted_v2plus,pending_clinical_signoff,claude_ua_10,2,484,547,56,,
knowledge_base/hosted/content/redflags/rf_mm_hyperviscosity.yaml,redflags,notes,notes_ua,drafted_v2plus,pending_clinical_signoff,claude_ua_10,2,417,452,56,,
knowledge_base/hosted/content/redflags/rf_mm_infection_screening.yaml,redflags,notes,notes_ua,drafted_v2plus,pending_clinical_signoff,claude_ua_10,2,364,435,56,,
knowledge_base/hosted/content/redflags/rf_mm_renal_dysfunction.yaml,redflags,notes,notes_ua,drafted_v2plus,pending_clinical_signoff,claude_ua_10,2,514,541,56,,
knowledge_base/hosted/content/redflags/rf_mm_t11_14_actionable.yaml,redflags,notes,notes_ua,drafted_v2plus,pending_clinical_signoff,claude_ua_10,2,512,555,56,,
knowledge_base/hosted/content/redflags/rf_mm_transformation_progression.yaml,redflags,notes,notes_ua,drafted_v2plus,pending_clinical_signoff,claude_ua_10,2,481,522,56,,
knowledge_base/hosted/content/redflags/rf_mpn_secondary_leukemia_prevention.yaml,redflags,notes,notes_ua,drafted_pending,pending_clinical_signoff,claude_v0_3_chronic_condition_pilot,1,2912,1106,50,,
knowledge_base/hosted/content/redflags/rf_mpnst_advanced_doxorubicin_unsuitable.yaml,redflags,notes,notes_ua,missing,,,,223,0,57,,
knowledge_base/hosted/content/redflags/rf_mpnst_frailty_age.yaml,redflags,notes,notes_ua,drafted_pending,pending_clinical_signoff,claude_extraction,1,619,355,57,,
knowledge_base/hosted/content/redflags/rf_mpnst_high_risk_biology.yaml,redflags,notes,notes_ua,drafted_v2plus,pending_clinical_signoff,claude_ua_10,2,720,813,56,,
knowledge_base/hosted/content/redflags/rf_mpnst_infection_screening.yaml,redflags,notes,notes_ua,drafted_pending,pending_clinical_signoff,claude_extraction,1,420,215,57,,
knowledge_base/hosted/content/redflags/rf_mpnst_organ_dysfunction.yaml,redflags,notes,notes_ua,drafted_pending,pending_clinical_signoff,claude_extraction,1,620,270,57,,
knowledge_base/hosted/content/redflags/rf_mpnst_transformation_progression.yaml,redflags,notes,notes_ua,drafted_pending,pending_clinical_signoff,claude_extraction,1,623,329,57,,
knowledge_base/hosted/content/redflags/rf_mtc_frailty_age.yaml,redflags,notes,notes_ua,drafted_pending,pending_clinical_signoff,claude_ua_10,1,621,348,56,,
knowledge_base/hosted/content/redflags/rf_mtc_high_risk_biology.yaml,redflags,notes,notes_ua,drafted_v2plus,pending_clinical_signoff,claude_ua_10,2,640,761,56,,
knowledge_base/hosted/content/redflags/rf_mtc_infection_screening.yaml,redflags,notes,notes_ua,drafted_pending,pending_clinical_signoff,claude_extraction,1,587,266,57,,
knowledge_base/hosted/content/redflags/rf_mtc_organ_dysfunction.yaml,redflags,notes,notes_ua,drafted_pending,pending_clinical_signoff,claude_extraction,1,583,336,57,,
knowledge_base/hosted/content/redflags/rf_mtc_ret_mutant.yaml,redflags,notes,notes_ua,missing,pending_clinical_signoff,claude_extraction,1,1518,0,58,,
knowledge_base/hosted/content/redflags/rf_mtc_transformation_progression.yaml,redflags,notes,notes_ua,drafted_pending,pending_clinical_signoff,claude_extraction,1,726,337,57,,
knowledge_base/hosted/content/redflags/rf_net_carcinoid_syndrome.yaml,redflags,notes,notes_ua,drafted_v2plus,pending_clinical_signoff,claude_ua_10,2,918,938,56,,
knowledge_base/hosted/content/redflags/rf_net_high_grade_g3.yaml,redflags,notes,notes_ua,drafted_v2plus,pending_clinical_signoff,claude_ua_10,2,801,642,56,,
knowledge_base/hosted/content/redflags/rf_nk_t_nasal_frailty_age.yaml,redflags,notes,notes_ua,drafted_pending,pending_clinical_signoff,claude_extraction,1,105,115,57,,
knowledge_base/hosted/content/redflags/rf_nk_t_nasal_high_risk_biology.yaml,redflags,notes,notes_ua,drafted_v2plus,pending_clinical_signoff,claude_ua_10,2,170,213,56,,
knowledge_base/hosted/content/redflags/rf_nk_t_nasal_infection_screening.yaml,redflags,notes,notes_ua,drafted_v2plus,pending_clinical_signoff,claude_ua_10,2,128,132,56,,
knowledge_base/hosted/content/redflags/rf_nk_t_nasal_organ_dysfunction.yaml,redflags,notes,notes_ua,drafted_v2plus,pending_clinical_signoff,claude_ua_10,2,148,179,56,,
knowledge_base/hosted/content/redflags/rf_nk_t_nasal_transformation_progression.yaml,redflags,notes,notes_ua,drafted_v2plus,pending_clinical_signoff,claude_ua_10,2,120,165,56,,
knowledge_base/hosted/content/redflags/rf_nlpbl_frailty_age.yaml,redflags,notes,notes_ua,drafted_pending,pending_clinical_signoff,claude_extraction,1,105,125,57,,
knowledge_base/hosted/content/redflags/rf_nlpbl_high_risk_biology.yaml,redflags,notes,notes_ua,drafted_v2plus,pending_clinical_signoff,claude_ua_10,2,107,113,56,,
knowledge_base/hosted/content/redflags/rf_nlpbl_infection_screening.yaml,redflags,notes,notes_ua,drafted_v2plus,pending_clinical_signoff,claude_ua_10,2,76,96,56,,
knowledge_base/hosted/content/redflags/rf_nlpbl_organ_dysfunction.yaml,redflags,notes,notes_ua,drafted_v2plus,pending_clinical_signoff,claude_ua_10,2,154,159,56,,
knowledge_base/hosted/content/redflags/rf_nlpbl_rt_contraindicated.yaml,redflags,notes,notes_ua,drafted_v2plus,pending_clinical_signoff,claude_ua_10,2,823,550,56,,
knowledge_base/hosted/content/redflags/rf_nlpbl_transformation_progression.yaml,redflags,notes,notes_ua,drafted_pending,pending_clinical_signoff,claude_extraction,1,120,118,57,,
knowledge_base/hosted/content/redflags/rf_nmzl_frailty_age.yaml,redflags,notes,notes_ua,drafted_pending,pending_clinical_signoff,claude_extraction,1,118,121,57,,
knowledge_base/hosted/content/redflags/rf_nmzl_high_risk_biology.yaml,redflags,notes,notes_ua,drafted_v2plus,pending_clinical_signoff,claude_ua_10,2,116,139,56,,
knowledge_base/hosted/content/redflags/rf_nmzl_infection_screening.yaml,redflags,notes,notes_ua,drafted_v2plus,pending_clinical_signoff,claude_ua_10,2,147,166,56,,
knowledge_base/hosted/content/redflags/rf_nmzl_organ_dysfunction.yaml,redflags,notes,notes_ua,drafted_v2plus,pending_clinical_signoff,claude_ua_10,2,89,123,56,,
knowledge_base/hosted/content/redflags/rf_nmzl_transformation_progression.yaml,redflags,notes,notes_ua,drafted_v2plus,pending_clinical_signoff,claude_ua_10,2,168,186,56,,
knowledge_base/hosted/content/redflags/rf_nsclc_alk_fusion_actionable.yaml,redflags,notes,notes_ua,drafted_v2plus,pending_clinical_signoff,claude_ua_10,2,325,344,56,,
knowledge_base/hosted/content/redflags/rf_nsclc_braf_v600e_actionable.yaml,redflags,notes,notes_ua,drafted_v2plus,pending_clinical_signoff,claude_ua_10,2,279,309,56,,
knowledge_base/hosted/content/redflags/rf_nsclc_brain_mets_emergency.yaml,redflags,notes,notes_ua,drafted_v2plus,pending_clinical_signoff,claude_ua_10,2,491,542,56,,
knowledge_base/hosted/content/redflags/rf_nsclc_cord_compression.yaml,redflags,notes,notes_ua,drafted_v2plus,pending_clinical_signoff,claude_ua_10,2,442,517,56,,
knowledge_base/hosted/content/redflags/rf_nsclc_egfr_c797s_resistance.yaml,redflags,notes,notes_ua,drafted_v2plus,pending_clinical_signoff,claude_ua_10,2,447,421,56,,
knowledge_base/hosted/content/redflags/rf_nsclc_egfr_ex19del_actionable.yaml,redflags,notes,notes_ua,drafted_v2plus,pending_clinical_signoff,claude_ua_10,2,442,392,56,,
knowledge_base/hosted/content/redflags/rf_nsclc_egfr_ex20ins_actionable.yaml,redflags,notes,notes_ua,drafted_v2plus,pending_clinical_signoff,claude_ua_10,2,383,358,56,,
knowledge_base/hosted/content/redflags/rf_nsclc_egfr_t790m_actionable.yaml,redflags,notes,notes_ua,drafted_v2plus,pending_clinical_signoff,claude_ua_10,2,398,377,56,,
knowledge_base/hosted/content/redflags/rf_nsclc_frailty_age.yaml,redflags,notes,notes_ua,drafted_v2plus,pending_clinical_signoff,claude_ua_10,2,173,252,56,,
knowledge_base/hosted/content/redflags/rf_nsclc_her2_mut_actionable.yaml,redflags,notes,notes_ua,drafted_v2plus,pending_clinical_signoff,claude_ua_10,2,342,366,56,,
knowledge_base/hosted/content/redflags/rf_nsclc_her3_high_patritumab_candidate.yaml,redflags,notes,notes_ua,drafted_v2plus,pending_clinical_signoff,claude_ua_10,2,888,970,56,,
knowledge_base/hosted/content/redflags/rf_nsclc_high_risk_biology.yaml,redflags,notes,notes_ua,drafted_v2plus,pending_clinical_signoff,claude_ua_10,2,194,219,56,,
knowledge_base/hosted/content/redflags/rf_nsclc_infection_screening.yaml,redflags,notes,notes_ua,drafted_v2plus,pending_clinical_signoff,claude_ua_10,2,182,199,56,,
knowledge_base/hosted/content/redflags/rf_nsclc_kras_g12c_actionable.yaml,redflags,notes,notes_ua,drafted_v2plus,pending_clinical_signoff,claude_ua_10,2,301,327,56,,
knowledge_base/hosted/content/redflags/rf_nsclc_malignant_effusion.yaml,redflags,notes,notes_ua,drafted_v2plus,pending_clinical_signoff,claude_ua_10,2,472,531,56,,
knowledge_base/hosted/content/redflags/rf_nsclc_met_amp_actionable.yaml,redflags,notes,notes_ua,drafted_v2plus,pending_clinical_signoff,claude_ua_10,2,731,789,56,,
knowledge_base/hosted/content/redflags/rf_nsclc_met_ex14_actionable.yaml,redflags,notes,notes_ua,drafted_v2plus,pending_clinical_signoff,claude_ua_10,2,429,376,56,,
knowledge_base/hosted/content/redflags/rf_nsclc_nrg1_fusion_zeno_candidate.yaml,redflags,notes,notes_ua,drafted_v2plus,pending_clinical_signoff,claude_ua_10,2,793,848,56,,
knowledge_base/hosted/content/redflags/rf_nsclc_ntrk_fusion_actionable.yaml,redflags,notes,notes_ua,drafted_v2plus,pending_clinical_signoff,claude_ua_10,2,321,361,56,,
knowledge_base/hosted/content/redflags/rf_nsclc_organ_dysfunction.yaml,redflags,notes,notes_ua,drafted_v2plus,pending_clinical_signoff,claude_ua_10,2,171,216,56,,
knowledge_base/hosted/content/redflags/rf_nsclc_pdl1_50_plus.yaml,redflags,notes,notes_ua,drafted_v2plus,pending_clinical_signoff,claude_ua_10,2,983,874,56,,
knowledge_base/hosted/content/redflags/rf_nsclc_ret_fusion_actionable.yaml,redflags,notes,notes_ua,drafted_v2plus,pending_clinical_signoff,claude_ua_10,2,305,304,56,,
knowledge_base/hosted/content/redflags/rf_nsclc_ros1_fusion_actionable.yaml,redflags,notes,notes_ua,drafted_v2plus,pending_clinical_signoff,claude_ua_10,2,318,332,56,,
knowledge_base/hosted/content/redflags/rf_nsclc_svc_syndrome.yaml,redflags,notes,notes_ua,drafted_v2plus,pending_clinical_signoff,claude_ua_10,2,426,487,56,,
knowledge_base/hosted/content/redflags/rf_nsclc_transformation_progression.yaml,redflags,notes,notes_ua,drafted_v2plus,pending_clinical_signoff,claude_ua_10,2,212,224,56,,
knowledge_base/hosted/content/redflags/rf_nsclc_trop2_dato_candidate.yaml,redflags,notes,notes_ua,drafted_v2plus,pending_clinical_signoff,claude_ua_10,2,889,957,56,,
knowledge_base/hosted/content/redflags/rf_occ_aromatic_amines_malignancy_prevention.yaml,redflags,notes,notes_ua,missing,pending_clinical_signoff,claude_v03_completion,1,289,0,50,,
knowledge_base/hosted/content/redflags/rf_occ_asbestos_malignancy_prevention.yaml,redflags,notes,notes_ua,drafted_pending,pending_clinical_signoff,claude_v0_3_occupational_pilot,1,2484,2617,50,,
knowledge_base/hosted/content/redflags/rf_occ_benzene_malignancy_prevention.yaml,redflags,notes,notes_ua,drafted_pending,pending_clinical_signoff,claude_v0_3_occupational_pilot,1,1920,1857,50,,
knowledge_base/hosted/content/redflags/rf_occ_diesel_exhaust_prevention.yaml,redflags,notes,notes_ua,drafted_pending,pending_clinical_signoff,claude_v0_3_occupational_batch2,1,1494,892,50,,
knowledge_base/hosted/content/redflags/rf_occ_firefighter_prevention.yaml,redflags,notes,notes_ua,drafted_pending,pending_clinical_signoff,claude_v0_3_occupational_batch2,1,1527,474,50,,
knowledge_base/hosted/content/redflags/rf_occ_formaldehyde_prevention.yaml,redflags,notes,notes_ua,drafted_pending,pending_clinical_signoff,claude_v0_3_occupational_batch2,1,1299,387,50,,
knowledge_base/hosted/content/redflags/rf_occ_ionizing_radiation_prevention.yaml,redflags,notes,notes_ua,drafted_pending,pending_clinical_signoff,claude_v0_3_occupational_batch2,1,1832,757,50,,
knowledge_base/hosted/content/redflags/rf_occ_pah_prevention.yaml,redflags,notes,notes_ua,drafted_pending,pending_clinical_signoff,claude_v0_3_occupational_batch2,1,1478,419,50,,
knowledge_base/hosted/content/redflags/rf_occ_painters_prevention.yaml,redflags,notes,notes_ua,drafted_pending,pending_clinical_signoff,claude_v0_3_occupational_batch2,1,1284,393,50,,
knowledge_base/hosted/content/redflags/rf_occ_silica_prevention.yaml,redflags,notes,notes_ua,drafted_pending,pending_clinical_signoff,claude_v0_3_occupational_batch2,1,1577,471,50,,
knowledge_base/hosted/content/redflags/rf_occ_vinyl_chloride_malignancy_prevention.yaml,redflags,notes,notes_ua,missing,pending_clinical_signoff,claude_v03_completion,1,154,0,50,,
knowledge_base/hosted/content/redflags/rf_occ_wood_leather_dust_prevention.yaml,redflags,notes,notes_ua,drafted_pending,pending_clinical_signoff,claude_v0_3_occupational_batch2,1,1356,425,50,,
knowledge_base/hosted/content/redflags/rf_oligomet_definition.yaml,redflags,notes,notes_ua,drafted_v2plus,pending_clinical_signoff,claude_ua_10,2,1897,993,56,,
knowledge_base/hosted/content/redflags/rf_opisthorchis_cholangio_prevention.yaml,redflags,notes,notes_ua,missing,pending_clinical_signoff,claude_v0_2_a_anchor,1,762,0,50,,
knowledge_base/hosted/content/redflags/rf_ovarian_brca_mut_actionable.yaml,redflags,notes,notes_ua,drafted_v2plus,pending_clinical_signoff,claude_ua_10,2,511,502,56,,
knowledge_base/hosted/content/redflags/rf_ovarian_fra_high_actionable.yaml,redflags,notes,notes_ua,drafted_v2plus,pending_clinical_signoff,claude_ua_10,2,484,515,56,,
knowledge_base/hosted/content/redflags/rf_ovarian_frailty_age.yaml,redflags,notes,notes_ua,drafted_v2plus,pending_clinical_signoff,claude_ua_10,2,191,230,56,,
knowledge_base/hosted/content/redflags/rf_ovarian_hrd_actionability.yaml,redflags,notes,notes_ua,drafted_v2plus,pending_clinical_signoff,claude_ua_10,2,290,328,56,,
knowledge_base/hosted/content/redflags/rf_ovarian_hrd_positive_actionable.yaml,redflags,notes,notes_ua,drafted_v2plus,pending_clinical_signoff,claude_ua_10,2,442,456,56,,
knowledge_base/hosted/content/redflags/rf_ovarian_infection_screening.yaml,redflags,notes,notes_ua,drafted_v2plus,pending_clinical_signoff,claude_ua_10,2,535,531,56,,
knowledge_base/hosted/content/redflags/rf_ovarian_perioperative_vte.yaml,redflags,notes,notes_ua,drafted_v2plus,pending_clinical_signoff,claude_ua_10,2,134,166,56,,
knowledge_base/hosted/content/redflags/rf_ovarian_platinum_resistant.yaml,redflags,notes,notes_ua,drafted_v2plus,pending_clinical_signoff,claude_ua_10,2,563,585,56,,
knowledge_base/hosted/content/redflags/rf_ovarian_platinum_sensitive.yaml,redflags,notes,notes_ua,drafted_v2plus,pending_clinical_signoff,claude_ua_10,2,533,494,56,,
knowledge_base/hosted/content/redflags/rf_ovarian_suboptimal_debulking.yaml,redflags,notes,notes_ua,drafted_v2plus,pending_clinical_signoff,claude_ua_10,2,372,374,56,,
knowledge_base/hosted/content/redflags/rf_ovarian_transformation_progression.yaml,redflags,notes,notes_ua,drafted_v2plus,pending_clinical_signoff,claude_ua_10,2,665,573,56,,
knowledge_base/hosted/content/redflags/rf_pan_atm_chek2_cdk12_parpi_candidate.yaml,redflags,notes,notes_ua,drafted_v2plus,pending_clinical_signoff,claude_ua_10,2,616,642,56,,
knowledge_base/hosted/content/redflags/rf_pan_brca_somatic_parpi_candidate.yaml,redflags,notes,notes_ua,drafted_v2plus,pending_clinical_signoff,claude_ua_10,2,437,452,56,,
knowledge_base/hosted/content/redflags/rf_pan_ctdna_mrd_positive.yaml,redflags,notes,notes_ua,drafted_v2plus,pending_clinical_signoff,claude_ua_10,2,2579,2478,56,,
knowledge_base/hosted/content/redflags/rf_pan_palb2_parpi_candidate.yaml,redflags,notes,notes_ua,drafted_v2plus,pending_clinical_signoff,claude_ua_10,2,522,399,56,,
knowledge_base/hosted/content/redflags/rf_pan_pdl1_clone_22c3_pembro_eligible.yaml,redflags,notes,notes_ua,drafted_v2plus,pending_clinical_signoff,claude_ua_10,2,2934,2880,56,,
knowledge_base/hosted/content/redflags/rf_pcnsl_frailty_age.yaml,redflags,notes,notes_ua,drafted_v2plus,pending_clinical_signoff,claude_ua_10,2,233,320,56,,
knowledge_base/hosted/content/redflags/rf_pcnsl_high_risk_biology.yaml,redflags,notes,notes_ua,drafted_v2plus,pending_clinical_signoff,claude_ua_10,2,206,225,56,,
knowledge_base/hosted/content/redflags/rf_pcnsl_infection_screening.yaml,redflags,notes,notes_ua,drafted_v2plus,pending_clinical_signoff,claude_ua_10,2,217,254,56,,
knowledge_base/hosted/content/redflags/rf_pcnsl_intracranial_pressure.yaml,redflags,notes,notes_ua,drafted_v2plus,pending_clinical_signoff,claude_ua_10,2,497,318,56,,
knowledge_base/hosted/content/redflags/rf_pcnsl_organ_dysfunction.yaml,redflags,notes,notes_ua,drafted_v2plus,pending_clinical_signoff,claude_ua_10,2,255,276,56,,
knowledge_base/hosted/content/redflags/rf_pcnsl_transformation_progression.yaml,redflags,notes,notes_ua,drafted_v2plus,pending_clinical_signoff,claude_ua_10,2,169,168,56,,
knowledge_base/hosted/content/redflags/rf_pdac_biliary_obstruction_cholangitis.yaml,redflags,notes,notes_ua,drafted_v2plus,pending_clinical_signoff,claude_ua_10,2,342,480,56,,
knowledge_base/hosted/content/redflags/rf_pdac_fit_for_folfirinox.yaml,redflags,notes,notes_ua,drafted_v2plus,pending_clinical_signoff,claude_ua_10,2,707,542,56,,
knowledge_base/hosted/content/redflags/rf_pdac_frailty_age.yaml,redflags,notes,notes_ua,drafted_v2plus,pending_clinical_signoff,claude_ua_10,2,264,352,56,,
knowledge_base/hosted/content/redflags/rf_pdac_high_risk_biology.yaml,redflags,notes,notes_ua,drafted_v2plus,pending_clinical_signoff,claude_ua_10,2,240,264,56,,
knowledge_base/hosted/content/redflags/rf_pdac_infection_screening.yaml,redflags,notes,notes_ua,drafted_v2plus,pending_clinical_signoff,claude_ua_10,2,185,222,56,,
knowledge_base/hosted/content/redflags/rf_pdac_organ_dysfunction.yaml,redflags,notes,notes_ua,drafted_v2plus,pending_clinical_signoff,claude_ua_10,2,78,79,56,,
knowledge_base/hosted/content/redflags/rf_pdac_transformation_progression.yaml,redflags,notes,notes_ua,drafted_v2plus,pending_clinical_signoff,claude_ua_10,2,177,209,56,,
knowledge_base/hosted/content/redflags/rf_peutz_jeghers_confirmed_carrier.yaml,redflags,notes,notes_ua,missing,pending_clinical_signoff,claude_v02b_confirmed_carriers_additional,1,1509,0,50,,
knowledge_base/hosted/content/redflags/rf_peutz_jeghers_family_history_suspicion.yaml,redflags,notes,notes_ua,missing,pending_clinical_signoff,claude_v0_2_b_hereditary_pilot,1,2899,0,50,,
knowledge_base/hosted/content/redflags/rf_pmbcl_frailty_age.yaml,redflags,notes,notes_ua,drafted_v2plus,pending_clinical_signoff,claude_ua_10,2,149,156,56,,
knowledge_base/hosted/content/redflags/rf_pmbcl_high_risk_biology.yaml,redflags,notes,notes_ua,drafted_v2plus,pending_clinical_signoff,claude_ua_10,2,158,355,56,,
knowledge_base/hosted/content/redflags/rf_pmbcl_infection_screening.yaml,redflags,notes,notes_ua,drafted_v2plus,pending_clinical_signoff,claude_ua_10,2,148,158,56,,
knowledge_base/hosted/content/redflags/rf_pmbcl_mediastinal_airway.yaml,redflags,notes,notes_ua,drafted_v2plus,pending_clinical_signoff,claude_ua_10,2,421,535,56,,
knowledge_base/hosted/content/redflags/rf_pmbcl_organ_dysfunction.yaml,redflags,notes,notes_ua,drafted_v2plus,pending_clinical_signoff,claude_ua_10,2,158,253,56,,
knowledge_base/hosted/content/redflags/rf_pmbcl_svc_syndrome.yaml,redflags,notes,notes_ua,drafted_v2plus,pending_clinical_signoff,claude_ua_10,2,460,429,56,,
knowledge_base/hosted/content/redflags/rf_pmbcl_transformation_progression.yaml,redflags,notes,notes_ua,drafted_v2plus,pending_clinical_signoff,claude_ua_10,2,156,253,56,,
knowledge_base/hosted/content/redflags/rf_pmf_anemia_dominant.yaml,redflags,notes,notes_ua,drafted_v2plus,pending_clinical_signoff,claude_ua_10,2,345,280,56,,
knowledge_base/hosted/content/redflags/rf_pmf_blast_progression.yaml,redflags,notes,notes_ua,drafted_v2plus,pending_clinical_signoff,claude_ua_10,2,234,330,56,,
knowledge_base/hosted/content/redflags/rf_pmf_frailty_age.yaml,redflags,notes,notes_ua,drafted_v2plus,pending_clinical_signoff,claude_ua_10,2,153,227,56,,
knowledge_base/hosted/content/redflags/rf_pmf_high_risk_dipss.yaml,redflags,notes,notes_ua,drafted_v2plus,pending_clinical_signoff,claude_ua_10,2,282,315,56,,
knowledge_base/hosted/content/redflags/rf_pmf_infection_screening.yaml,redflags,notes,notes_ua,drafted_v2plus,pending_clinical_signoff,claude_ua_10,2,297,309,56,,
knowledge_base/hosted/content/redflags/rf_pmf_organ_dysfunction.yaml,redflags,notes,notes_ua,drafted_v2plus,pending_clinical_signoff,claude_ua_10,2,301,302,56,,
knowledge_base/hosted/content/redflags/rf_pole_pold1_endometrial_low_risk.yaml,redflags,notes,notes_ua,drafted_v2plus,pending_clinical_signoff,claude_ua_10,2,755,542,56,,
knowledge_base/hosted/content/redflags/rf_prostate_ar_amp_arsi_resistance.yaml,redflags,notes,notes_ua,drafted_v2plus,pending_clinical_signoff,claude_ua_10,2,802,580,56,,
knowledge_base/hosted/content/redflags/rf_prostate_ar_v7_arsi_resistance.yaml,redflags,notes,notes_ua,drafted_v2plus,pending_clinical_signoff,claude_ua_10,2,994,501,56,,
knowledge_base/hosted/content/redflags/rf_prostate_cord_compression.yaml,redflags,notes,notes_ua,drafted_v2plus,pending_clinical_signoff,claude_ua_10,2,521,382,56,,
knowledge_base/hosted/content/redflags/rf_prostate_frailty_age.yaml,redflags,notes,notes_ua,drafted_v2plus,pending_clinical_signoff,claude_ua_10,2,226,231,56,,
knowledge_base/hosted/content/redflags/rf_prostate_high_risk_biology.yaml,redflags,notes,notes_ua,drafted_v2plus,pending_clinical_signoff,claude_ua_10,2,273,294,56,,
knowledge_base/hosted/content/redflags/rf_prostate_infection_screening.yaml,redflags,notes,notes_ua,drafted_v2plus,pending_clinical_signoff,claude_ua_10,2,174,226,56,,
knowledge_base/hosted/content/redflags/rf_prostate_organ_dysfunction.yaml,redflags,notes,notes_ua,drafted_v2plus,pending_clinical_signoff,claude_ua_10,2,151,247,56,,
knowledge_base/hosted/content/redflags/rf_prostate_psa_progression.yaml,redflags,notes,notes_ua,drafted_v2plus,pending_clinical_signoff,claude_ua_10,2,475,428,56,,
knowledge_base/hosted/content/redflags/rf_prostate_tmprss2_erg_prognostic.yaml,redflags,notes,notes_ua,drafted_v2plus,pending_clinical_signoff,claude_ua_10,2,640,640,56,,
knowledge_base/hosted/content/redflags/rf_prostate_transformation_progression.yaml,redflags,notes,notes_ua,drafted_v2plus,pending_clinical_signoff,claude_ua_10,2,427,248,56,,
knowledge_base/hosted/content/redflags/rf_psc_cholangiocarcinoma_prevention.yaml,redflags,notes,notes_ua,drafted_pending,pending_clinical_signoff,claude_v0_3_chronic_condition_pilot,1,2555,1443,50,,
knowledge_base/hosted/content/redflags/rf_ptcl_frailty_age.yaml,redflags,notes,notes_ua,drafted_v2plus,pending_clinical_signoff,claude_ua_10,2,562,271,56,,
knowledge_base/hosted/content/redflags/rf_ptcl_infection_screening.yaml,redflags,notes,notes_ua,drafted_v2plus,pending_clinical_signoff,claude_ua_10,2,530,240,56,,
knowledge_base/hosted/content/redflags/rf_ptcl_organ_dysfunction.yaml,redflags,notes,notes_ua,drafted_v2plus,pending_clinical_signoff,claude_ua_10,2,480,362,56,,
knowledge_base/hosted/content/redflags/rf_ptcl_transformation_progression.yaml,redflags,notes,notes_ua,drafted_v2plus,pending_clinical_signoff,claude_ua_10,2,515,283,56,,
knowledge_base/hosted/content/redflags/rf_ptld_frailty_age.yaml,redflags,notes,notes_ua,drafted_v2plus,pending_clinical_signoff,claude_ua_10,2,179,226,56,,
knowledge_base/hosted/content/redflags/rf_ptld_high_risk_biology.yaml,redflags,notes,notes_ua,drafted_v2plus,pending_clinical_signoff,claude_ua_10,2,219,229,56,,
knowledge_base/hosted/content/redflags/rf_ptld_infection_screening.yaml,redflags,notes,notes_ua,drafted_v2plus,pending_clinical_signoff,claude_ua_10,2,194,238,56,,
knowledge_base/hosted/content/redflags/rf_ptld_organ_dysfunction.yaml,redflags,notes,notes_ua,drafted_v2plus,pending_clinical_signoff,claude_ua_10,2,175,215,56,,
knowledge_base/hosted/content/redflags/rf_ptld_transformation_progression.yaml,redflags,notes,notes_ua,drafted_v2plus,pending_clinical_signoff,claude_ua_10,2,170,135,56,,
knowledge_base/hosted/content/redflags/rf_pv_et_frailty_age.yaml,redflags,notes,notes_ua,drafted_v2plus,pending_clinical_signoff,claude_ua_10,2,290,242,56,,
knowledge_base/hosted/content/redflags/rf_pv_et_high_thrombosis_risk.yaml,redflags,notes,notes_ua,drafted_v2plus,pending_clinical_signoff,claude_ua_10,2,420,214,56,,
knowledge_base/hosted/content/redflags/rf_pv_et_infection_screening.yaml,redflags,notes,notes_ua,drafted_v2plus,pending_clinical_signoff,claude_ua_10,2,348,166,56,,
knowledge_base/hosted/content/redflags/rf_pv_et_organ_dysfunction.yaml,redflags,notes,notes_ua,drafted_v2plus,pending_clinical_signoff,claude_ua_10,2,357,363,56,,
knowledge_base/hosted/content/redflags/rf_pv_et_pregnancy_or_planning.yaml,redflags,notes,notes_ua,drafted_v2plus,pending_clinical_signoff,claude_ua_10,2,408,328,56,,
knowledge_base/hosted/content/redflags/rf_pv_hu_resistance_intolerance.yaml,redflags,notes,notes_ua,drafted_v2plus,pending_clinical_signoff,claude_ua_10,2,339,373,56,,
knowledge_base/hosted/content/redflags/rf_r_iss_3_high_risk.yaml,redflags,notes,notes_ua,drafted_v2plus,pending_clinical_signoff,claude_ua_10,2,612,792,56,,
knowledge_base/hosted/content/redflags/rf_radon_malignancy_prevention.yaml,redflags,notes,notes_ua,drafted_pending,pending_clinical_signoff,claude_v0_3_occupational_pilot,1,2254,1587,50,,
knowledge_base/hosted/content/redflags/rf_rai_high.yaml,redflags,notes,notes_ua,drafted_v2plus,pending_clinical_signoff,claude_ua_10,2,489,613,56,,
knowledge_base/hosted/content/redflags/rf_rai_low.yaml,redflags,notes,notes_ua,drafted_v2plus,pending_clinical_signoff,claude_ua_10,2,461,558,56,,
knowledge_base/hosted/content/redflags/rf_rcc_frailty_age.yaml,redflags,notes,notes_ua,drafted_v2plus,pending_clinical_signoff,claude_ua_10,2,56,56,56,,
knowledge_base/hosted/content/redflags/rf_rcc_frailty_ecog2.yaml,redflags,notes,notes_ua,drafted_v2plus,pending_clinical_signoff,claude_ua_10,2,78,79,56,,
knowledge_base/hosted/content/redflags/rf_rcc_high_risk_biology.yaml,redflags,notes,notes_ua,drafted_v2plus,pending_clinical_signoff,claude_ua_10,2,58,55,56,,
knowledge_base/hosted/content/redflags/rf_rcc_imdc_intermediate_poor_risk.yaml,redflags,notes,notes_ua,drafted_v2plus,pending_clinical_signoff,claude_ua_10,2,931,746,56,,
knowledge_base/hosted/content/redflags/rf_rcc_infection_screening.yaml,redflags,notes,notes_ua,drafted_v2plus,pending_clinical_signoff,claude_ua_10,2,549,309,56,,
knowledge_base/hosted/content/redflags/rf_rcc_organ_dysfunction.yaml,redflags,notes,notes_ua,drafted_v2plus,pending_clinical_signoff,claude_ua_10,2,59,78,56,,
knowledge_base/hosted/content/redflags/rf_rcc_transformation_progression.yaml,redflags,notes,notes_ua,drafted_v2plus,pending_clinical_signoff,claude_ua_10,2,24,24,56,,
knowledge_base/hosted/content/redflags/rf_reproductive_breast_endometrial_prevention.yaml,redflags,notes,notes_ua,missing,pending_clinical_signoff,claude_v03_completion,1,164,0,50,,
knowledge_base/hosted/content/redflags/rf_reproductive_late_first_pregnancy_prevention.yaml,redflags,notes,notes_ua,missing,pending_clinical_signoff,claude_v03_lifestyle_iatrogenic_batch2,1,429,0,50,,
knowledge_base/hosted/content/redflags/rf_reproductive_ocp_long_term.yaml,redflags,notes,notes_ua,missing,pending_clinical_signoff,claude_v03_lifestyle_iatrogenic_batch2,1,424,0,50,,
knowledge_base/hosted/content/redflags/rf_salivary_advanced_palliative.yaml,redflags,notes,notes_ua,drafted_v2plus,pending_clinical_signoff,claude_ua_10,2,183,257,56,,
knowledge_base/hosted/content/redflags/rf_salivary_frailty_age.yaml,redflags,notes,notes_ua,drafted_v2plus,pending_clinical_signoff,claude_ua_10,2,676,297,56,,
knowledge_base/hosted/content/redflags/rf_salivary_high_risk_biology.yaml,redflags,notes,notes_ua,drafted_v2plus,pending_clinical_signoff,claude_ua_10,2,668,317,56,,
knowledge_base/hosted/content/redflags/rf_salivary_infection_screening.yaml,redflags,notes,notes_ua,drafted_v2plus,pending_clinical_signoff,claude_ua_10,2,559,234,56,,
knowledge_base/hosted/content/redflags/rf_salivary_organ_dysfunction.yaml,redflags,notes,notes_ua,drafted_v2plus,pending_clinical_signoff,claude_ua_10,2,645,343,56,,
knowledge_base/hosted/content/redflags/rf_salivary_transformation_progression.yaml,redflags,notes,notes_ua,drafted_v2plus,pending_clinical_signoff,claude_ua_10,2,633,332,56,,
knowledge_base/hosted/content/redflags/rf_sanz_high_risk.yaml,redflags,notes,notes_ua,drafted_v2plus,pending_clinical_signoff,claude_ua_10,2,518,588,56,,
knowledge_base/hosted/content/redflags/rf_sanz_intermediate.yaml,redflags,notes,notes_ua,drafted_v2plus,pending_clinical_signoff,claude_ua_10,2,455,505,56,,
knowledge_base/hosted/content/redflags/rf_sanz_low_risk.yaml,redflags,notes,notes_ua,drafted_v2plus,pending_clinical_signoff,claude_ua_10,2,503,531,56,,
knowledge_base/hosted/content/redflags/rf_schistosoma_haematobium_bladder_prevention.yaml,redflags,notes,notes_ua,missing,pending_clinical_signoff,claude_v0_2_a_anchor,1,820,0,50,,
knowledge_base/hosted/content/redflags/rf_sclc_brain_mets_emergency.yaml,redflags,notes,notes_ua,drafted_v2plus,pending_clinical_signoff,claude_ua_10,2,398,372,56,,
knowledge_base/hosted/content/redflags/rf_sclc_frailty_age.yaml,redflags,notes,notes_ua,drafted_v2plus,pending_clinical_signoff,claude_ua_10,2,167,174,56,,
knowledge_base/hosted/content/redflags/rf_sclc_high_risk_biology.yaml,redflags,notes,notes_ua,drafted_v2plus,pending_clinical_signoff,claude_ua_10,2,649,729,56,,
knowledge_base/hosted/content/redflags/rf_sclc_infection_screening.yaml,redflags,notes,notes_ua,drafted_v2plus,pending_clinical_signoff,claude_ua_10,2,667,713,56,,
knowledge_base/hosted/content/redflags/rf_sclc_organ_dysfunction.yaml,redflags,notes,notes_ua,drafted_v2plus,pending_clinical_signoff,claude_ua_10,2,131,134,56,,
knowledge_base/hosted/content/redflags/rf_sclc_paraneoplastic.yaml,redflags,notes,notes_ua,drafted_v2plus,pending_clinical_signoff,claude_ua_10,2,170,176,56,,
knowledge_base/hosted/content/redflags/rf_sclc_svc_syndrome.yaml,redflags,notes,notes_ua,drafted_v2plus,pending_clinical_signoff,claude_ua_10,2,463,250,56,,
knowledge_base/hosted/content/redflags/rf_scleroderma_lung_prevention.yaml,redflags,notes,notes_ua,drafted_pending,pending_clinical_signoff,claude_v0_3_chronic_condition_pilot,1,1638,936,50,,
knowledge_base/hosted/content/redflags/rf_sdh_confirmed_carrier.yaml,redflags,notes,notes_ua,missing,pending_clinical_signoff,claude_v02b_confirmed_carriers_additional,1,2322,0,50,,
knowledge_base/hosted/content/redflags/rf_sdh_family_history_suspicion.yaml,redflags,notes,notes_ua,missing,pending_clinical_signoff,claude_v03_more_hereditary,1,89,0,50,,
knowledge_base/hosted/content/redflags/rf_sjogren_malt_lymphoma_prevention.yaml,redflags,notes,notes_ua,drafted_pending,pending_clinical_signoff,claude_v0_3_chronic_condition_pilot,1,1715,1032,50,,
knowledge_base/hosted/content/redflags/rf_smzl_frailty_age.yaml,redflags,notes,notes_ua,drafted_v2plus,pending_clinical_signoff,claude_ua_10,2,171,181,56,,
knowledge_base/hosted/content/redflags/rf_smzl_high_risk_biology.yaml,redflags,notes,notes_ua,drafted_v2plus,pending_clinical_signoff,claude_ua_10,2,157,213,56,,
knowledge_base/hosted/content/redflags/rf_smzl_infection_screening.yaml,redflags,notes,notes_ua,drafted_v2plus,pending_clinical_signoff,claude_ua_10,2,172,235,56,,
knowledge_base/hosted/content/redflags/rf_smzl_organ_dysfunction.yaml,redflags,notes,notes_ua,drafted_v2plus,pending_clinical_signoff,claude_ua_10,2,179,230,56,,
knowledge_base/hosted/content/redflags/rf_smzl_transformation_progression.yaml,redflags,notes,notes_ua,drafted_v2plus,pending_clinical_signoff,claude_ua_10,2,146,199,56,,
knowledge_base/hosted/content/redflags/rf_sokal_high.yaml,redflags,notes,notes_ua,drafted_v2plus,pending_clinical_signoff,claude_ua_10,2,658,826,56,,
knowledge_base/hosted/content/redflags/rf_t_all_cns_leukemia.yaml,redflags,notes,notes_ua,drafted_v2plus,pending_clinical_signoff,claude_ua_10,2,505,376,56,,
knowledge_base/hosted/content/redflags/rf_t_all_emergency_tls_leukostasis.yaml,redflags,notes,notes_ua,drafted_v2plus,pending_clinical_signoff,claude_ua_10,2,387,319,56,,
knowledge_base/hosted/content/redflags/rf_t_all_frailty_age.yaml,redflags,notes,notes_ua,drafted_v2plus,pending_clinical_signoff,claude_ua_10,2,152,204,56,,
knowledge_base/hosted/content/redflags/rf_t_all_high_risk_biology.yaml,redflags,notes,notes_ua,drafted_v2plus,pending_clinical_signoff,claude_ua_10,2,202,262,56,,
knowledge_base/hosted/content/redflags/rf_t_all_infection_screening.yaml,redflags,notes,notes_ua,drafted_v2plus,pending_clinical_signoff,claude_ua_10,2,203,232,56,,
knowledge_base/hosted/content/redflags/rf_t_all_mediastinal_airway.yaml,redflags,notes,notes_ua,drafted_v2plus,pending_clinical_signoff,claude_ua_10,2,822,390,56,,
knowledge_base/hosted/content/redflags/rf_t_all_organ_dysfunction.yaml,redflags,notes,notes_ua,drafted_v2plus,pending_clinical_signoff,claude_ua_10,2,144,145,56,,
knowledge_base/hosted/content/redflags/rf_t_all_transformation_progression.yaml,redflags,notes,notes_ua,drafted_v2plus,pending_clinical_signoff,claude_ua_10,2,77,222,56,,
knowledge_base/hosted/content/redflags/rf_t_pll_frailty_age.yaml,redflags,notes,notes_ua,drafted_v2plus,pending_clinical_signoff,claude_ua_10,2,118,237,56,,
knowledge_base/hosted/content/redflags/rf_t_pll_high_risk_biology.yaml,redflags,notes,notes_ua,drafted_v2plus,pending_clinical_signoff,claude_ua_10,2,113,207,56,,
knowledge_base/hosted/content/redflags/rf_t_pll_infection_screening.yaml,redflags,notes,notes_ua,drafted_v2plus,pending_clinical_signoff,claude_ua_10,2,153,200,56,,
knowledge_base/hosted/content/redflags/rf_t_pll_organ_dysfunction.yaml,redflags,notes,notes_ua,drafted_v2plus,pending_clinical_signoff,claude_ua_10,2,167,172,56,,
knowledge_base/hosted/content/redflags/rf_t_pll_transformation_progression.yaml,redflags,notes,notes_ua,drafted_v2plus,pending_clinical_signoff,claude_ua_10,2,144,238,56,,
knowledge_base/hosted/content/redflags/rf_tcell_cd30_positive.yaml,redflags,notes,notes_ua,drafted_v2plus,pending_clinical_signoff,claude_ua_10,2,211,221,56,,
knowledge_base/hosted/content/redflags/rf_thyroid_anaplastic_frailty_age.yaml,redflags,notes,notes_ua,drafted_v2plus,pending_clinical_signoff,claude_ua_10,2,724,359,56,,
knowledge_base/hosted/content/redflags/rf_thyroid_anaplastic_high_risk_biology.yaml,redflags,notes,notes_ua,drafted_v2plus,pending_clinical_signoff,claude_ua_10,2,735,327,56,,
knowledge_base/hosted/content/redflags/rf_thyroid_anaplastic_infection_screening.yaml,redflags,notes,notes_ua,drafted_v2plus,pending_clinical_signoff,claude_ua_10,2,589,321,56,,
knowledge_base/hosted/content/redflags/rf_thyroid_anaplastic_organ_dysfunction.yaml,redflags,notes,notes_ua,drafted_v2plus,pending_clinical_signoff,claude_ua_10,2,680,344,56,,
knowledge_base/hosted/content/redflags/rf_thyroid_anaplastic_transformation_progression.yaml,redflags,notes,notes_ua,drafted_v2plus,pending_clinical_signoff,claude_ua_10,2,644,319,56,,
knowledge_base/hosted/content/redflags/rf_thyroid_papillary_frailty_age.yaml,redflags,notes,notes_ua,drafted_v2plus,pending_clinical_signoff,claude_ua_10,2,702,355,56,,
knowledge_base/hosted/content/redflags/rf_thyroid_papillary_high_risk_biology.yaml,redflags,notes,notes_ua,drafted_v2plus,pending_clinical_signoff,claude_ua_10,2,779,318,56,,
knowledge_base/hosted/content/redflags/rf_thyroid_papillary_infection_screening.yaml,redflags,notes,notes_ua,drafted_v2plus,pending_clinical_signoff,claude_ua_10,2,555,320,56,,
knowledge_base/hosted/content/redflags/rf_thyroid_papillary_organ_dysfunction.yaml,redflags,notes,notes_ua,drafted_v2plus,pending_clinical_signoff,claude_ua_10,2,648,376,56,,
knowledge_base/hosted/content/redflags/rf_thyroid_papillary_transformation_progression.yaml,redflags,notes,notes_ua,drafted_v2plus,pending_clinical_signoff,claude_ua_10,2,764,330,56,,
knowledge_base/hosted/content/redflags/rf_urothelial_ev_contraindicated.yaml,redflags,notes,notes_ua,drafted_v2plus,pending_clinical_signoff,claude_ua_10,2,407,366,56,,
knowledge_base/hosted/content/redflags/rf_urothelial_frailty_age.yaml,redflags,notes,notes_ua,drafted_v2plus,pending_clinical_signoff,claude_ua_10,2,607,270,56,,
knowledge_base/hosted/content/redflags/rf_urothelial_high_risk_biology.yaml,redflags,notes,notes_ua,drafted_v2plus,pending_clinical_signoff,claude_ua_10,2,53,55,56,,
knowledge_base/hosted/content/redflags/rf_urothelial_infection_screening.yaml,redflags,notes,notes_ua,drafted_v2plus,pending_clinical_signoff,claude_ua_10,2,707,631,56,,
knowledge_base/hosted/content/redflags/rf_urothelial_organ_dysfunction.yaml,redflags,notes,notes_ua,drafted_v2plus,pending_clinical_signoff,claude_ua_10,2,74,74,56,,
knowledge_base/hosted/content/redflags/rf_urothelial_transformation_progression.yaml,redflags,notes,notes_ua,drafted_v2plus,pending_clinical_signoff,claude_ua_10,2,28,28,56,,
knowledge_base/hosted/content/redflags/rf_uveal_melanoma_bap1_mut_candidate.yaml,redflags,notes,notes_ua,drafted_v2plus,pending_clinical_signoff,claude_ua_10,2,2171,2217,56,,
knowledge_base/hosted/content/redflags/rf_vhl_confirmed_carrier.yaml,redflags,notes,notes_ua,missing,pending_clinical_signoff,claude_v03_completion,1,649,0,50,,
knowledge_base/hosted/content/redflags/rf_vhl_family_history_suspicion.yaml,redflags,notes,notes_ua,missing,pending_clinical_signoff,claude_v0_2_b_hereditary_pilot,1,2385,0,50,,
knowledge_base/hosted/content/redflags/rf_wilsons_disease_hcc_prevention.yaml,redflags,notes,notes_ua,drafted_pending,pending_clinical_signoff,claude_v0_3_chronic_condition_pilot,1,2031,1094,50,,
knowledge_base/hosted/content/redflags/rf_wm_cxcr4_whim_mutant.yaml,redflags,notes,notes_ua,drafted_v2plus,pending_clinical_signoff,claude_ua_10,2,1568,850,56,,
knowledge_base/hosted/content/redflags/rf_wm_frailty_age.yaml,redflags,notes,notes_ua,drafted_v2plus,pending_clinical_signoff,claude_ua_10,2,600,440,56,,
knowledge_base/hosted/content/redflags/rf_wm_high_risk_biology.yaml,redflags,notes,notes_ua,drafted_v2plus,pending_clinical_signoff,claude_ua_10,2,576,611,56,,
knowledge_base/hosted/content/redflags/rf_wm_hyperviscosity.yaml,redflags,notes,notes_ua,drafted_v2plus,pending_clinical_signoff,claude_ua_10,2,268,303,56,,
knowledge_base/hosted/content/redflags/rf_wm_infection_screening.yaml,redflags,notes,notes_ua,drafted_v2plus,pending_clinical_signoff,claude_ua_10,2,688,425,56,,
knowledge_base/hosted/content/redflags/rf_wm_myd88_l265p_actionable.yaml,redflags,notes,notes_ua,drafted_v2plus,pending_clinical_signoff,claude_ua_10,2,681,673,56,,
knowledge_base/hosted/content/redflags/rf_wm_transformation_progression.yaml,redflags,notes,notes_ua,drafted_v2plus,pending_clinical_signoff,claude_ua_10,2,614,330,56,,
knowledge_base/hosted/content/indications/ind_a1at_deficiency_hcc_lung_prevention_observation.yaml,indications,rationale,rationale_ua,drafted_pending,pending_clinical_signoff,claude_v0_3_chronic_condition_pilot,1,2377,1454,50,,
knowledge_base/hosted/content/indications/ind_a1at_deficiency_hcc_lung_prevention_surveillance.yaml,indications,rationale,rationale_ua,drafted_pending,pending_clinical_signoff,claude_v0_3_chronic_condition_pilot,1,3365,1584,50,,
knowledge_base/hosted/content/indications/ind_achalasia_esophageal_prevention_observation.yaml,indications,rationale,rationale_ua,drafted_pending,pending_clinical_signoff,claude_v0_3_chronic_condition_pilot,1,1963,1753,50,,
knowledge_base/hosted/content/indications/ind_achalasia_esophageal_prevention_surveillance.yaml,indications,rationale,rationale_ua,drafted_pending,pending_clinical_signoff,claude_v0_3_chronic_condition_pilot,1,2021,1876,50,,
knowledge_base/hosted/content/indications/ind_advsm_1l_avapritinib.yaml,indications,rationale,rationale_ua,drafted_v2plus,pending_clinical_signoff,claude_ua_06,2,632,913,56,,
knowledge_base/hosted/content/indications/ind_advsm_1l_midostaurin.yaml,indications,rationale,rationale_ua,drafted_v2plus,pending_clinical_signoff,claude_ua_06,2,683,973,56,,
knowledge_base/hosted/content/indications/ind_aitl_1l_choep.yaml,indications,rationale,rationale_ua,drafted_v2plus,pending_clinical_signoff,claude_ua_06,2,587,995,56,,
knowledge_base/hosted/content/indications/ind_aitl_1l_chp_bv.yaml,indications,rationale,rationale_ua,drafted_v2plus,pending_clinical_signoff,claude_ua_06,2,315,639,56,,
knowledge_base/hosted/content/indications/ind_aitl_2l_azacitidine.yaml,indications,rationale,rationale_ua,drafted_v2plus,pending_clinical_signoff,claude_ua_06,2,742,1035,56,,
knowledge_base/hosted/content/indications/ind_aitl_2l_belinostat.yaml,indications,rationale,rationale_ua,drafted_v2plus,pending_clinical_signoff,claude_ua_06,2,604,991,56,,
knowledge_base/hosted/content/indications/ind_aitl_2l_romidepsin.yaml,indications,rationale,rationale_ua,drafted_v2plus,pending_clinical_signoff,claude_ua_06,2,535,938,56,,
knowledge_base/hosted/content/indications/ind_alcl_2l_bendamustine.yaml,indications,rationale,rationale_ua,drafted_v2plus,pending_clinical_signoff,claude_ua_06,2,651,1050,56,,
knowledge_base/hosted/content/indications/ind_alcl_2l_brentuximab_mono.yaml,indications,rationale,rationale_ua,drafted_v2plus,pending_clinical_signoff,claude_ua_06,2,528,905,56,,
knowledge_base/hosted/content/indications/ind_alcl_2l_crizotinib_alkpos.yaml,indications,rationale,rationale_ua,drafted_v2plus,pending_clinical_signoff,claude_ua_06,2,575,909,56,,
knowledge_base/hosted/content/indications/ind_alcl_maintenance_bv_post_asct.yaml,indications,rationale,rationale_ua,drafted_v2plus,pending_clinical_signoff,claude_ua_06,2,523,788,56,,
knowledge_base/hosted/content/indications/ind_aml_1l_7_3.yaml,indications,rationale,rationale_ua,drafted_v2plus,pending_clinical_signoff,claude_ua_06,2,458,730,56,,
knowledge_base/hosted/content/indications/ind_aml_1l_7_3_go_cbf.yaml,indications,rationale,rationale_ua,drafted_v2plus,pending_clinical_signoff,claude_ua_06,2,893,1191,56,,
knowledge_base/hosted/content/indications/ind_aml_1l_cpx351_secondary.yaml,indications,rationale,rationale_ua,drafted_v2plus,pending_clinical_signoff,claude_ua_06,2,793,1128,56,,
knowledge_base/hosted/content/indications/ind_aml_1l_quizartinib_flt3itd.yaml,indications,rationale,rationale_ua,drafted_v2plus,pending_clinical_signoff,claude_ua_06,2,772,1066,56,,
knowledge_base/hosted/content/indications/ind_aml_1l_ven_aza.yaml,indications,rationale,rationale_ua,drafted_v2plus,pending_clinical_signoff,claude_extraction,2,526,1047,56,,
knowledge_base/hosted/content/indications/ind_aml_2l_gilteritinib_flt3.yaml,indications,rationale,rationale_ua,drafted_v2plus,pending_clinical_signoff,claude_ua_06,2,768,1162,56,,
knowledge_base/hosted/content/indications/ind_aml_2l_idh2_enasidenib.yaml,indications,rationale,rationale_ua,drafted_v2plus,pending_clinical_signoff,claude_ua_06,2,1080,1513,56,,
knowledge_base/hosted/content/indications/ind_aml_2l_kmt2a_revumenib.yaml,indications,rationale,rationale_ua,drafted_v2plus,pending_clinical_signoff,claude_ua_06,2,836,1185,56,,
knowledge_base/hosted/content/indications/ind_aml_cr1_oral_aza_maintenance.yaml,indications,rationale,rationale_ua,drafted_v2plus,pending_clinical_signoff,claude_ua_06,2,699,950,56,,
knowledge_base/hosted/content/indications/ind_aml_pediatric_aaml1031.yaml,indications,rationale,rationale_ua,drafted_v2plus,pending_clinical_signoff,claude_ua_06,2,1290,1485,56,,
knowledge_base/hosted/content/indications/ind_aml_rr_idh1_olutasidenib.yaml,indications,rationale,rationale_ua,drafted_v2plus,pending_clinical_signoff,claude_ua_06,2,1511,1257,56,,
knowledge_base/hosted/content/indications/ind_anal_scc_la_1l_nigro_crt.yaml,indications,rationale,rationale_ua,drafted_v2plus,pending_clinical_signoff,claude_ua_06,2,791,1145,56,,
knowledge_base/hosted/content/indications/ind_anal_scc_metastatic_1l_carbo_pacli.yaml,indications,rationale,rationale_ua,drafted_v2plus,pending_clinical_signoff,claude_ua_06,2,540,759,56,,
knowledge_base/hosted/content/indications/ind_anal_scc_metastatic_1l_retifanlimab_carbo_pacli.yaml,indications,rationale,rationale_ua,drafted_v2plus,pending_clinical_signoff,claude_ua_06,2,704,1161,56,,
knowledge_base/hosted/content/indications/ind_apl_1l_atra_ato.yaml,indications,rationale,rationale_ua,drafted_v2plus,pending_clinical_signoff,claude_ua_06,2,437,605,56,,
knowledge_base/hosted/content/indications/ind_apl_1l_atra_ato_ida.yaml,indications,rationale,rationale_ua,drafted_v2plus,pending_clinical_signoff,claude_ua_06,2,543,741,56,,
knowledge_base/hosted/content/indications/ind_apl_relapsed_gemtuzumab.yaml,indications,rationale,rationale_ua,drafted_v2plus,pending_clinical_signoff,claude_extraction,2,828,1162,56,,
knowledge_base/hosted/content/indications/ind_apl_salvage_atra_ato.yaml,indications,rationale,rationale_ua,drafted_v2plus,pending_clinical_signoff,claude_ua_06,2,938,1037,56,,
knowledge_base/hosted/content/indications/ind_atc_braf_v600e_dab_tram.yaml,indications,rationale,rationale_ua,drafted_v2plus,pending_clinical_signoff,claude_ua_06,2,996,1360,56,,
knowledge_base/hosted/content/indications/ind_atc_paclitaxel_carboplatin.yaml,indications,rationale,rationale_ua,drafted_v2plus,pending_clinical_signoff,claude_ua_06,2,251,445,56,,
knowledge_base/hosted/content/indications/ind_atll_1l_aggressive.yaml,indications,rationale,rationale_ua,drafted_pending,pending_clinical_signoff,claude_extraction,1,357,364,60,,
knowledge_base/hosted/content/indications/ind_atll_1l_indolent_azt_ifn.yaml,indications,rationale,rationale_ua,drafted_pending,pending_clinical_signoff,claude_extraction,1,321,330,60,,
knowledge_base/hosted/content/indications/ind_atll_2l_mogamulizumab.yaml,indications,rationale,rationale_ua,drafted_v2plus,pending_clinical_signoff,claude_extraction,2,554,1097,56,,
knowledge_base/hosted/content/indications/ind_autoimmune_thyroiditis_lymphoma_prevention_observation.yaml,indications,rationale,rationale_ua,drafted_pending,pending_clinical_signoff,claude_v0_3_chronic_condition_pilot,1,2133,1981,50,,
knowledge_base/hosted/content/indications/ind_autoimmune_thyroiditis_lymphoma_prevention_surveillance.yaml,indications,rationale,rationale_ua,drafted_pending,pending_clinical_signoff,claude_v0_3_chronic_condition_pilot,1,2034,1773,50,,
knowledge_base/hosted/content/indications/ind_b_all_1l_ph_neg.yaml,indications,rationale,rationale_ua,drafted_v2plus,pending_clinical_signoff,claude_ua_06,2,322,672,56,,
knowledge_base/hosted/content/indications/ind_b_all_1l_ph_pos.yaml,indications,rationale,rationale_ua,drafted_v2plus,pending_clinical_signoff,claude_ua_06,2,328,727,56,,
knowledge_base/hosted/content/indications/ind_b_all_2l_inotuzumab.yaml,indications,rationale,rationale_ua,drafted_v2plus,pending_clinical_signoff,claude_ua_06,2,709,951,56,,
knowledge_base/hosted/content/indications/ind_b_all_3l_tisagenlecleucel.yaml,indications,rationale,rationale_ua,drafted_v2plus,pending_clinical_signoff,claude_extraction,2,1001,1453,56,,
knowledge_base/hosted/content/indications/ind_b_all_blinatumomab_mrd_or_rr.yaml,indications,rationale,rationale_ua,drafted_v2plus,pending_clinical_signoff,claude_ua_06,2,912,1105,56,,
knowledge_base/hosted/content/indications/ind_b_all_post_consolidation_pomp_maintenance.yaml,indications,rationale,rationale_ua,drafted_v2plus,pending_clinical_signoff,claude_ua_06,2,798,924,56,,
knowledge_base/hosted/content/indications/ind_bap1_carrier_intensified.yaml,indications,rationale,rationale_ua,drafted_pending,pending_clinical_signoff,claude_v02b_confirmed_carriers_additional,1,2325,1315,50,,
knowledge_base/hosted/content/indications/ind_bap1_carrier_surveillance.yaml,indications,rationale,rationale_ua,drafted_pending,pending_clinical_signoff,claude_v02b_confirmed_carriers_additional,1,2120,1381,50,,
knowledge_base/hosted/content/indications/ind_bap1_suspicion_prevention_enhanced_surveillance.yaml,indications,rationale,rationale_ua,drafted_pending,pending_clinical_signoff,claude_v03_more_hereditary,1,104,58,50,,
knowledge_base/hosted/content/indications/ind_bap1_suspicion_prevention_genetic_counseling.yaml,indications,rationale,rationale_ua,drafted_pending,pending_clinical_signoff,claude_v03_more_hereditary,1,624,293,50,,
knowledge_base/hosted/content/indications/ind_barretts_esophagus_prevention_observation.yaml,indications,rationale,rationale_ua,drafted_pending,pending_clinical_signoff,claude_v0_3_chronic_condition_pilot,1,1969,2030,50,,
knowledge_base/hosted/content/indications/ind_barretts_esophagus_prevention_surveillance.yaml,indications,rationale,rationale_ua,drafted_pending,pending_clinical_signoff,claude_v0_3_chronic_condition_pilot,1,2985,2916,50,,
knowledge_base/hosted/content/indications/ind_bcc_1l_sonidegib.yaml,indications,rationale,rationale_ua,drafted_v2plus,pending_clinical_signoff,claude_ua_06,2,544,677,56,,
knowledge_base/hosted/content/indications/ind_bcc_1l_vismodegib.yaml,indications,rationale,rationale_ua,drafted_v2plus,pending_clinical_signoff,claude_ua_06,2,598,652,56,,
knowledge_base/hosted/content/indications/ind_brca_carrier_intensified.yaml,indications,rationale,rationale_ua,drafted_pending,pending_clinical_signoff,claude_v0_2_b_confirmed_carrier,1,4043,2013,50,,
knowledge_base/hosted/content/indications/ind_brca_carrier_surveillance.yaml,indications,rationale,rationale_ua,drafted_pending,pending_clinical_signoff,claude_v0_2_b_confirmed_carrier,1,3025,1803,50,,
knowledge_base/hosted/content/indications/ind_brca_hboc_suspicion_prevention_enhanced_surveillance.yaml,indications,rationale,rationale_ua,drafted_pending,pending_clinical_signoff,claude_v0_2_b_anchor,1,3691,2723,50,,
knowledge_base/hosted/content/indications/ind_brca_hboc_suspicion_prevention_genetic_counseling.yaml,indications,rationale,rationale_ua,drafted_pending,pending_clinical_signoff,claude_v0_2_b_anchor,1,3795,3670,50,,
knowledge_base/hosted/content/indications/ind_breast_her2_pos_maint_trast.yaml,indications,rationale,rationale_ua,drafted_v2plus,pending_clinical_signoff,claude_ua_06,2,693,807,56,,
knowledge_base/hosted/content/indications/ind_breast_hr_pos_3l_post_cdk46i_post_akt.yaml,indications,rationale,rationale_ua,drafted_v2plus,pending_clinical_signoff,claude_ua_06,2,1016,1147,56,,
knowledge_base/hosted/content/indications/ind_breast_hr_pos_early_adjuvant_cdk46i.yaml,indications,rationale,rationale_ua,drafted_v2plus,pending_clinical_signoff,claude_ua_06,2,824,1085,56,,
knowledge_base/hosted/content/indications/ind_breast_hr_pos_early_adjuvant_ribociclib.yaml,indications,rationale,rationale_ua,drafted_v2plus,pending_clinical_signoff,claude_ua_06,2,1318,1284,56,,
knowledge_base/hosted/content/indications/ind_breast_hr_pos_maint_cdk46i.yaml,indications,rationale,rationale_ua,drafted_v2plus,pending_clinical_signoff,claude_ua_06,2,736,835,56,,
knowledge_base/hosted/content/indications/ind_breast_tnbc_3l_post_saci_post_t_dxd.yaml,indications,rationale,rationale_ua,drafted_v2plus,pending_clinical_signoff,claude_ua_06,2,870,1114,56,,
knowledge_base/hosted/content/indications/ind_breast_tnbc_metastatic_1l_pembro_chemo.yaml,indications,rationale,rationale_ua,drafted_v2plus,pending_clinical_signoff,claude_ua_06,2,778,833,56,,
knowledge_base/hosted/content/indications/ind_burkitt_1l_codoxm_ivac.yaml,indications,rationale,rationale_ua,drafted_v2plus,pending_clinical_signoff,claude_ua_06,2,369,738,56,,
knowledge_base/hosted/content/indications/ind_burkitt_1l_daepochr.yaml,indications,rationale,rationale_ua,drafted_v2plus,pending_clinical_signoff,claude_ua_06,2,345,755,56,,
knowledge_base/hosted/content/indications/ind_burkitt_1l_hypercvad_r.yaml,indications,rationale,rationale_ua,drafted_v2plus,pending_clinical_signoff,claude_ua_06,2,683,980,56,,
knowledge_base/hosted/content/indications/ind_burkitt_2l_rdhap_asct.yaml,indications,rationale,rationale_ua,drafted_v2plus,pending_clinical_signoff,claude_ua_06,2,573,909,56,,
knowledge_base/hosted/content/indications/ind_burkitt_2l_rice_asct.yaml,indications,rationale,rationale_ua,drafted_v2plus,pending_clinical_signoff,claude_ua_06,2,587,843,56,,
knowledge_base/hosted/content/indications/ind_celiac_refractory_eatl_prevention_observation.yaml,indications,rationale,rationale_ua,drafted_pending,pending_clinical_signoff,claude_v03_completion,1,316,149,50,,
knowledge_base/hosted/content/indications/ind_celiac_refractory_eatl_prevention_surveillance.yaml,indications,rationale,rationale_ua,drafted_pending,pending_clinical_signoff,claude_v03_completion,1,819,617,50,,
knowledge_base/hosted/content/indications/ind_cervical_2l_tisotumab_vedotin.yaml,indications,rationale,rationale_ua,drafted_v2plus,pending_clinical_signoff,claude_ua_06,2,1183,1315,56,,
knowledge_base/hosted/content/indications/ind_cervical_locally_advanced_crt.yaml,indications,rationale,rationale_ua,drafted_v2plus,pending_clinical_signoff,claude_ua_06,2,260,390,56,,
knowledge_base/hosted/content/indications/ind_cervical_metastatic_1l_pembro_chemo_bev.yaml,indications,rationale,rationale_ua,drafted_v2plus,pending_clinical_signoff,claude_ua_06,2,471,657,56,,
knowledge_base/hosted/content/indications/ind_chl_1l_a_avd.yaml,indications,rationale,rationale_ua,drafted_v2plus,pending_clinical_signoff,claude_ua_06,2,291,537,56,,
knowledge_base/hosted/content/indications/ind_chl_1l_abvd.yaml,indications,rationale,rationale_ua,drafted_v2plus,pending_clinical_signoff,claude_ua_06,2,351,539,56,,
knowledge_base/hosted/content/indications/ind_chl_1l_n_avd.yaml,indications,rationale,rationale_ua,drafted_v2plus,pending_clinical_signoff,claude_ua_06,2,716,817,56,,
knowledge_base/hosted/content/indications/ind_chl_2l_brentuximab_maintenance.yaml,indications,rationale,rationale_ua,drafted_v2plus,pending_clinical_signoff,claude_ua_06,2,589,810,56,,
knowledge_base/hosted/content/indications/ind_chl_2l_pembrolizumab.yaml,indications,rationale,rationale_ua,drafted_v2plus,pending_clinical_signoff,claude_ua_06,2,651,704,56,,
knowledge_base/hosted/content/indications/ind_chl_child_pugh_c_mod.yaml,indications,rationale,rationale_ua,drafted_v2plus,pending_clinical_signoff,claude_ua_06,2,1392,1135,56,,
knowledge_base/hosted/content/indications/ind_chl_pregnancy_mod_abvd.yaml,indications,rationale,rationale_ua,drafted_v2plus,pending_clinical_signoff,claude_ua_06,2,1066,829,56,,
knowledge_base/hosted/content/indications/ind_cholangio_2l_fgfr2_fusion_futibatinib.yaml,indications,rationale,rationale_ua,drafted_v2plus,pending_clinical_signoff,claude_ua_06,2,969,1000,56,,
knowledge_base/hosted/content/indications/ind_cholangio_2l_fgfr2_fusion_infigratinib.yaml,indications,rationale,rationale_ua,drafted_v2plus,pending_clinical_signoff,claude_ua_06,2,1007,914,56,,
knowledge_base/hosted/content/indications/ind_cholangio_2l_fgfr2_fusion_pemigatinib.yaml,indications,rationale,rationale_ua,drafted_v2plus,pending_clinical_signoff,claude_ua_06,2,731,988,56,,
knowledge_base/hosted/content/indications/ind_cholangio_2l_her2_zanidatamab.yaml,indications,rationale,rationale_ua,drafted_v2plus,pending_clinical_signoff,claude_ua_06,2,1047,1230,56,,
knowledge_base/hosted/content/indications/ind_cholangio_2l_idh1_ivosidenib.yaml,indications,rationale,rationale_ua,drafted_v2plus,pending_clinical_signoff,claude_ua_06,2,1060,1058,56,,
knowledge_base/hosted/content/indications/ind_cholangio_advanced_gem_cis.yaml,indications,rationale,rationale_ua,drafted_v2plus,pending_clinical_signoff,claude_ua_06,2,452,1056,56,,
knowledge_base/hosted/content/indications/ind_cholangio_metastatic_1l_durva_chemo.yaml,indications,rationale,rationale_ua,drafted_v2plus,pending_clinical_signoff,claude_extraction,2,729,1105,56,,
knowledge_base/hosted/content/indications/ind_cholangio_metastatic_1l_pembro_chemo.yaml,indications,rationale,rationale_ua,drafted_v2plus,pending_clinical_signoff,claude_extraction,2,703,1163,56,,
knowledge_base/hosted/content/indications/ind_chondrosarcoma_advanced_doxorubicin.yaml,indications,rationale,rationale_ua,drafted_v2plus,pending_clinical_signoff,claude_ua_06,2,148,680,56,,
knowledge_base/hosted/content/indications/ind_chronic_atrophic_gastritis_prevention_observation.yaml,indications,rationale,rationale_ua,drafted_pending,pending_clinical_signoff,claude_v0_3_chronic_condition_pilot,1,1981,1385,50,,
knowledge_base/hosted/content/indications/ind_chronic_atrophic_gastritis_prevention_surveillance.yaml,indications,rationale,rationale_ua,drafted_pending,pending_clinical_signoff,claude_v0_3_chronic_condition_pilot,1,2733,1798,50,,
knowledge_base/hosted/content/indications/ind_chronic_hcv_hbv_coinfection_prevention_combination_antiviral.yaml,indications,rationale,rationale_ua,drafted_pending,pending_clinical_signoff,claude_v0_2_a_anchor,1,1108,1006,50,,
knowledge_base/hosted/content/indications/ind_chronic_hcv_hbv_coinfection_prevention_observation.yaml,indications,rationale,rationale_ua,drafted_pending,pending_clinical_signoff,claude_v0_2_a_anchor,1,758,460,50,,
knowledge_base/hosted/content/indications/ind_chronic_hcv_prevention_daa.yaml,indications,rationale,rationale_ua,drafted_pending,pending_clinical_signoff,claude_v0_2_a_anchor,1,1157,1181,50,,
knowledge_base/hosted/content/indications/ind_chronic_hcv_prevention_observation.yaml,indications,rationale,rationale_ua,drafted_pending,pending_clinical_signoff,claude_v0_2_a_anchor,1,1161,1176,50,,
knowledge_base/hosted/content/indications/ind_chronic_hhv8_prevention_immune_restoration.yaml,indications,rationale,rationale_ua,drafted_pending,pending_clinical_signoff,claude_v0_2_a_anchor,1,1093,1110,50,,
knowledge_base/hosted/content/indications/ind_chronic_hhv8_prevention_observation.yaml,indications,rationale,rationale_ua,drafted_pending,pending_clinical_signoff,claude_v0_2_a_anchor,1,668,553,50,,
knowledge_base/hosted/content/indications/ind_chronic_hiv_hbv_coinfection_prevention_observation.yaml,indications,rationale,rationale_ua,drafted_pending,pending_clinical_signoff,claude_v0_2_a_anchor,1,766,368,50,,
knowledge_base/hosted/content/indications/ind_chronic_hiv_hbv_coinfection_prevention_tenofovir_art.yaml,indications,rationale,rationale_ua,drafted_pending,pending_clinical_signoff,claude_v0_2_a_anchor,1,1095,1034,50,,
knowledge_base/hosted/content/indications/ind_chronic_pancreatitis_pdac_prevention_observation.yaml,indications,rationale,rationale_ua,drafted_pending,pending_clinical_signoff,claude_v03_completion,1,194,78,50,,
knowledge_base/hosted/content/indications/ind_chronic_pancreatitis_pdac_prevention_surveillance.yaml,indications,rationale,rationale_ua,drafted_pending,pending_clinical_signoff,claude_v03_completion,1,637,530,50,,
knowledge_base/hosted/content/indications/ind_cll_1l_avo.yaml,indications,rationale,rationale_ua,drafted_v2plus,pending_clinical_signoff,claude_extraction,2,773,1077,56,,
knowledge_base/hosted/content/indications/ind_cll_1l_btki.yaml,indications,rationale,rationale_ua,drafted_v2plus,pending_clinical_signoff,claude_extraction,2,377,729,56,,
knowledge_base/hosted/content/indications/ind_cll_1l_veno.yaml,indications,rationale,rationale_ua,drafted_v2plus,pending_clinical_signoff,claude_extraction,2,429,878,56,,
knowledge_base/hosted/content/indications/ind_cll_1l_zanubrutinib.yaml,indications,rationale,rationale_ua,drafted_v2plus,pending_clinical_signoff,claude_extraction,2,568,788,56,,
knowledge_base/hosted/content/indications/ind_cll_2l_venr_murano.yaml,indications,rationale,rationale_ua,drafted_v2plus,pending_clinical_signoff,claude_extraction,2,666,880,56,,
knowledge_base/hosted/content/indications/ind_cll_3l_lisocel_cart.yaml,indications,rationale,rationale_ua,drafted_v2plus,pending_clinical_signoff,claude_extraction,2,1365,1360,56,,
knowledge_base/hosted/content/indications/ind_cll_3l_pirtobrutinib.yaml,indications,rationale,rationale_ua,drafted_v2plus,pending_clinical_signoff,claude_extraction,2,601,702,56,,
knowledge_base/hosted/content/indications/ind_cll_elderly_o_chl.yaml,indications,rationale,rationale_ua,drafted_v2plus,pending_clinical_signoff,claude_ua_06,2,935,1060,56,,
knowledge_base/hosted/content/indications/ind_clonorchis_cholangio_prevention_observation.yaml,indications,rationale,rationale_ua,drafted_pending,pending_clinical_signoff,claude_v0_2_a_anchor,1,453,342,50,,
knowledge_base/hosted/content/indications/ind_clonorchis_cholangio_prevention_treatment.yaml,indications,rationale,rationale_ua,drafted_pending,pending_clinical_signoff,claude_v0_2_a_anchor,1,612,376,50,,
knowledge_base/hosted/content/indications/ind_cml_1l_2gen_tki.yaml,indications,rationale,rationale_ua,drafted_v2plus,pending_clinical_signoff,claude_extraction,2,762,1111,56,,
knowledge_base/hosted/content/indications/ind_cml_1l_imatinib.yaml,indications,rationale,rationale_ua,drafted_v2plus,pending_clinical_signoff,claude_extraction,2,554,740,56,,
knowledge_base/hosted/content/indications/ind_cml_2l_ponatinib_t315i.yaml,indications,rationale,rationale_ua,drafted_v2plus,pending_clinical_signoff,claude_extraction,2,761,933,56,,
knowledge_base/hosted/content/indications/ind_cml_3l_asciminib.yaml,indications,rationale,rationale_ua,drafted_v2plus,pending_clinical_signoff,claude_extraction,2,732,911,56,,
knowledge_base/hosted/content/indications/ind_cml_advanced_allohct.yaml,indications,rationale,rationale_ua,drafted_v2plus,pending_clinical_signoff,claude_extraction,2,822,990,56,,
knowledge_base/hosted/content/indications/ind_cowden_carrier_intensified.yaml,indications,rationale,rationale_ua,drafted_pending,pending_clinical_signoff,claude_v02b_confirmed_carriers_additional,1,2654,1141,50,,
knowledge_base/hosted/content/indications/ind_cowden_carrier_surveillance.yaml,indications,rationale,rationale_ua,drafted_pending,pending_clinical_signoff,claude_v02b_confirmed_carriers_additional,1,1991,1008,50,,
knowledge_base/hosted/content/indications/ind_cowden_suspicion_prevention_enhanced_surveillance.yaml,indications,rationale,rationale_ua,drafted_pending,pending_clinical_signoff,claude_v0_2_b_hereditary_pilot,1,2934,2383,50,,
knowledge_base/hosted/content/indications/ind_cowden_suspicion_prevention_genetic_counseling.yaml,indications,rationale,rationale_ua,drafted_pending,pending_clinical_signoff,claude_v0_2_b_hereditary_pilot,1,4077,3709,50,,
knowledge_base/hosted/content/indications/ind_crc_adjuvant_stage2_highrisk_folfox.yaml,indications,rationale,rationale_ua,drafted_v2plus,pending_clinical_signoff,claude_extraction,2,695,969,56,,
knowledge_base/hosted/content/indications/ind_crc_adjuvant_stage3_capox.yaml,indications,rationale,rationale_ua,drafted_v2plus,pending_clinical_signoff,claude_extraction,2,747,994,56,,
knowledge_base/hosted/content/indications/ind_crc_adjuvant_stage3_folfox.yaml,indications,rationale,rationale_ua,drafted_v2plus,pending_clinical_signoff,claude_extraction,2,246,881,56,,
knowledge_base/hosted/content/indications/ind_crc_metastatic_1l_folfox_bev.yaml,indications,rationale,rationale_ua,drafted_v2plus,pending_clinical_signoff,claude_extraction,2,196,583,56,,
knowledge_base/hosted/content/indications/ind_crc_metastatic_1l_folfoxiri_bev.yaml,indications,rationale,rationale_ua,drafted_v2plus,pending_clinical_signoff,claude_extraction,2,831,790,56,,
knowledge_base/hosted/content/indications/ind_crc_metastatic_1l_msi_h_pembro.yaml,indications,rationale,rationale_ua,drafted_v2plus,pending_clinical_signoff,claude_extraction,2,193,573,56,,
knowledge_base/hosted/content/indications/ind_crc_metastatic_1l_ras_wt_left.yaml,indications,rationale,rationale_ua,drafted_v2plus,pending_clinical_signoff,claude_extraction,2,132,678,56,,
knowledge_base/hosted/content/indications/ind_crc_metastatic_2l_braf_beacon.yaml,indications,rationale,rationale_ua,drafted_v2plus,pending_clinical_signoff,claude_extraction,2,171,616,56,,
knowledge_base/hosted/content/indications/ind_crc_metastatic_2l_egfri_rechallenge.yaml,indications,rationale,rationale_ua,drafted_v2plus,pending_clinical_signoff,claude_ua_06,2,909,800,56,,
knowledge_base/hosted/content/indications/ind_crc_metastatic_2l_folfiri_bev.yaml,indications,rationale,rationale_ua,drafted_v2plus,pending_clinical_signoff,claude_extraction,2,557,673,56,,
knowledge_base/hosted/content/indications/ind_crc_metastatic_2l_her2_amp_t_dxd.yaml,indications,rationale,rationale_ua,drafted_v2plus,pending_clinical_signoff,claude_ua_06,2,840,830,56,,
knowledge_base/hosted/content/indications/ind_crc_metastatic_2l_her2_amp_tucatinib.yaml,indications,rationale,rationale_ua,drafted_v2plus,pending_clinical_signoff,claude_ua_06,2,709,735,56,,
knowledge_base/hosted/content/indications/ind_crc_metastatic_2l_kras_g12c_sotorasib_cetuximab.yaml,indications,rationale,rationale_ua,drafted_v2plus,pending_clinical_signoff,claude_ua_06,2,775,848,56,,
knowledge_base/hosted/content/indications/ind_crc_metastatic_2l_msi_h_pembro.yaml,indications,rationale,rationale_ua,drafted_v2plus,pending_clinical_signoff,claude_ua_06,2,503,542,56,,
knowledge_base/hosted/content/indications/ind_crc_metastatic_3l_fruquintinib.yaml,indications,rationale,rationale_ua,drafted_v2plus,pending_clinical_signoff,claude_ua_06,2,982,894,56,,
knowledge_base/hosted/content/indications/ind_crc_metastatic_3l_rechallenge_egfri.yaml,indications,rationale,rationale_ua,drafted_v2plus,pending_clinical_signoff,claude_extraction,2,802,921,56,,
knowledge_base/hosted/content/indications/ind_crc_metastatic_3l_regorafenib.yaml,indications,rationale,rationale_ua,drafted_v2plus,pending_clinical_signoff,claude_extraction,2,780,925,56,,
knowledge_base/hosted/content/indications/ind_crc_metastatic_3l_tas102_bev.yaml,indications,rationale,rationale_ua,drafted_v2plus,pending_clinical_signoff,claude_extraction,2,595,681,56,,
knowledge_base/hosted/content/indications/ind_crc_metastatic_3l_trifluridine_tipiracil_mono.yaml,indications,rationale,rationale_ua,drafted_v2plus,pending_clinical_signoff,claude_ua_06,2,791,863,56,,
knowledge_base/hosted/content/indications/ind_crc_metastatic_maint_folfiri_bev.yaml,indications,rationale,rationale_ua,drafted_v2plus,pending_clinical_signoff,claude_extraction,2,742,712,56,,
knowledge_base/hosted/content/indications/ind_crc_oligomet_liver_limited.yaml,indications,rationale,rationale_ua,drafted_v2plus,pending_clinical_signoff,claude_extraction,2,3380,1117,56,,
knowledge_base/hosted/content/indications/ind_crc_performance_status_3.yaml,indications,rationale,rationale_ua,drafted_v2plus,pending_clinical_signoff,claude_ua_06,2,1144,1056,56,,
knowledge_base/hosted/content/indications/ind_crc_renal_failure_mod_folfox.yaml,indications,rationale,rationale_ua,drafted_v2plus,pending_clinical_signoff,claude_ua_06,2,1236,1104,56,,
knowledge_base/hosted/content/indications/ind_dlbcl_1l_pola_r_chp.yaml,indications,rationale,rationale_ua,drafted_v2plus,pending_clinical_signoff,claude_extraction,2,552,1122,56,,
knowledge_base/hosted/content/indications/ind_dlbcl_1l_rchop.yaml,indications,rationale,rationale_ua,drafted_v2plus,pending_clinical_signoff,claude_extraction,2,399,1152,56,,
knowledge_base/hosted/content/indications/ind_dlbcl_1l_rchop_isrt_early.yaml,indications,rationale,rationale_ua,drafted_v2plus,pending_clinical_signoff,claude_extraction,2,536,1253,56,,
knowledge_base/hosted/content/indications/ind_dlbcl_2l_lisocel_cart.yaml,indications,rationale,rationale_ua,drafted_v2plus,pending_clinical_signoff,claude_extraction,2,1343,1406,56,,
knowledge_base/hosted/content/indications/ind_dlbcl_2l_pola_r_bendamustine.yaml,indications,rationale,rationale_ua,drafted_v2plus,pending_clinical_signoff,claude_extraction,2,505,1227,56,,
knowledge_base/hosted/content/indications/ind_dlbcl_3l_axicel_cart.yaml,indications,rationale,rationale_ua,drafted_v2plus,pending_clinical_signoff,claude_extraction,2,607,1151,56,,
knowledge_base/hosted/content/indications/ind_dlbcl_3l_epcoritamab.yaml,indications,rationale,rationale_ua,drafted_v2plus,pending_clinical_signoff,claude_extraction,2,986,1231,56,,
knowledge_base/hosted/content/indications/ind_dlbcl_3l_glofitamab.yaml,indications,rationale,rationale_ua,drafted_v2plus,pending_clinical_signoff,claude_extraction,2,1154,1514,56,,
knowledge_base/hosted/content/indications/ind_dlbcl_3l_liso_cel_cart.yaml,indications,rationale,rationale_ua,drafted_v2plus,pending_clinical_signoff,claude_extraction,2,1158,1388,56,,
knowledge_base/hosted/content/indications/ind_dlbcl_3l_loncastuximab.yaml,indications,rationale,rationale_ua,drafted_v2plus,pending_clinical_signoff,claude_extraction,2,968,1237,56,,
knowledge_base/hosted/content/indications/ind_dlbcl_renal_failure_mod_rchop.yaml,indications,rationale,rationale_ua,drafted_v2plus,pending_clinical_signoff,claude_ua_06,2,1286,1534,56,,
knowledge_base/hosted/content/indications/ind_eatl_1l_choep_autosct.yaml,indications,rationale,rationale_ua,drafted_v2plus,pending_clinical_signoff,claude_extraction,2,313,672,56,,
knowledge_base/hosted/content/indications/ind_eatl_2l_ice.yaml,indications,rationale,rationale_ua,drafted_v2plus,pending_clinical_signoff,claude_extraction,2,510,651,56,,
knowledge_base/hosted/content/indications/ind_ebv_prevention_active_surveillance.yaml,indications,rationale,rationale_ua,drafted_pending,pending_clinical_signoff,claude_v0_2_a_anchor,1,840,759,50,,
knowledge_base/hosted/content/indications/ind_ebv_prevention_conservative_observation.yaml,indications,rationale,rationale_ua,drafted_pending,pending_clinical_signoff,claude_v0_2_a_anchor,1,374,362,50,,
knowledge_base/hosted/content/indications/ind_emerg_cinv_high_emetogenic.yaml,indications,rationale,rationale_ua,drafted_v2plus,pending_clinical_signoff,claude_ua_06,2,1053,1420,56,,
knowledge_base/hosted/content/indications/ind_emerg_febrile_neutropenia_empirical.yaml,indications,rationale,rationale_ua,drafted_v2plus,pending_clinical_signoff,claude_ua_06,2,1549,1491,56,,
knowledge_base/hosted/content/indications/ind_emerg_infusion_reaction_irr.yaml,indications,rationale,rationale_ua,drafted_v2plus,pending_clinical_signoff,claude_ua_06,2,1512,1759,56,,
knowledge_base/hosted/content/indications/ind_emerg_neutropenic_fever_prophylaxis.yaml,indications,rationale,rationale_ua,drafted_v2plus,pending_clinical_signoff,claude_ua_06,2,1474,1720,56,,
knowledge_base/hosted/content/indications/ind_emerg_tls_prophylaxis_rasburicase.yaml,indications,rationale,rationale_ua,drafted_v2plus,pending_clinical_signoff,claude_ua_06,2,1284,1704,56,,
knowledge_base/hosted/content/indications/ind_endometrial_2l_dostarlimab_dmmr.yaml,indications,rationale,rationale_ua,drafted_v2plus,pending_clinical_signoff,claude_extraction,2,751,907,56,,
knowledge_base/hosted/content/indications/ind_endometrial_2l_pembro_lenva_pmmr.yaml,indications,rationale,rationale_ua,drafted_v2plus,pending_clinical_signoff,claude_extraction,2,697,880,56,,
knowledge_base/hosted/content/indications/ind_endometrial_stage_i_pole_observation.yaml,indications,rationale,rationale_ua,drafted_v2plus,pending_clinical_signoff,claude_extraction,2,784,816,56,,
knowledge_base/hosted/content/indications/ind_environmental_air_pollution_lung_prevention_mitigation.yaml,indications,rationale,rationale_ua,drafted_pending,pending_clinical_signoff,claude_v03_diet_environmental,1,2745,2039,49,,
knowledge_base/hosted/content/indications/ind_environmental_air_pollution_lung_prevention_observation.yaml,indications,rationale,rationale_ua,drafted_pending,pending_clinical_signoff,claude_v03_diet_environmental,1,821,459,49,,
knowledge_base/hosted/content/indications/ind_environmental_arsenic_water_prevention_exposure_elimination.yaml,indications,rationale,rationale_ua,drafted_pending,pending_clinical_signoff,claude_v03_diet_environmental,1,3380,2135,49,,
knowledge_base/hosted/content/indications/ind_environmental_arsenic_water_prevention_observation.yaml,indications,rationale,rationale_ua,drafted_pending,pending_clinical_signoff,claude_v03_diet_environmental,1,816,504,49,,
knowledge_base/hosted/content/indications/ind_environmental_outdoor_uv_skin_prevention_observation.yaml,indications,rationale,rationale_ua,drafted_pending,pending_clinical_signoff,claude_v03_diet_environmental,1,704,490,49,,
knowledge_base/hosted/content/indications/ind_environmental_outdoor_uv_skin_prevention_photoprotection.yaml,indications,rationale,rationale_ua,drafted_pending,pending_clinical_signoff,claude_v03_diet_environmental,1,3188,2320,49,,
knowledge_base/hosted/content/indications/ind_environmental_secondhand_smoke_lung_prevention_elimination.yaml,indications,rationale,rationale_ua,drafted_pending,pending_clinical_signoff,claude_v03_diet_environmental,1,2689,2078,49,,
knowledge_base/hosted/content/indications/ind_environmental_secondhand_smoke_lung_prevention_observation.yaml,indications,rationale,rationale_ua,drafted_pending,pending_clinical_signoff,claude_v03_diet_environmental,1,745,535,49,,
knowledge_base/hosted/content/indications/ind_epithelioid_sarcoma_1l_tazemetostat.yaml,indications,rationale,rationale_ua,drafted_v2plus,pending_clinical_signoff,claude_extraction,2,732,770,56,,
knowledge_base/hosted/content/indications/ind_esoph_adjuvant_nivolumab_post_cross.yaml,indications,rationale,rationale_ua,drafted_pending,pending_clinical_signoff,claude_extraction,1,208,210,60,,
knowledge_base/hosted/content/indications/ind_esoph_definitive_crt_scc.yaml,indications,rationale,rationale_ua,drafted_v2plus,pending_clinical_signoff,claude_extraction,2,535,616,56,,
knowledge_base/hosted/content/indications/ind_esoph_metastatic_1l_her2_trastuzumab_chemo.yaml,indications,rationale,rationale_ua,drafted_v2plus,pending_clinical_signoff,claude_extraction,2,936,517,56,,
knowledge_base/hosted/content/indications/ind_esoph_metastatic_1l_nivo_chemo_scc.yaml,indications,rationale,rationale_ua,drafted_v2plus,pending_clinical_signoff,claude_extraction,2,609,507,56,,
knowledge_base/hosted/content/indications/ind_esoph_metastatic_1l_pembro_chemo.yaml,indications,rationale,rationale_ua,drafted_v2plus,pending_clinical_signoff,claude_extraction,2,725,485,56,,
knowledge_base/hosted/content/indications/ind_esoph_metastatic_1l_scc_ipi_nivo.yaml,indications,rationale,rationale_ua,drafted_v2plus,pending_clinical_signoff,claude_extraction,2,632,739,56,,
knowledge_base/hosted/content/indications/ind_esoph_metastatic_2l_her2_positive_t_dxd.yaml,indications,rationale,rationale_ua,drafted_v2plus,pending_clinical_signoff,claude_extraction,2,1875,911,56,,
knowledge_base/hosted/content/indications/ind_esoph_metastatic_2l_nivo_squamous.yaml,indications,rationale,rationale_ua,drafted_v2plus,pending_clinical_signoff,claude_extraction,2,649,794,56,,
knowledge_base/hosted/content/indications/ind_esoph_metastatic_2l_pembro_cps10.yaml,indications,rationale,rationale_ua,drafted_v2plus,pending_clinical_signoff,claude_extraction,2,519,633,56,,
knowledge_base/hosted/content/indications/ind_esoph_oligomet_systemic_plus_local.yaml,indications,rationale,rationale_ua,drafted_v2plus,pending_clinical_signoff,claude_extraction,2,2310,936,56,,
knowledge_base/hosted/content/indications/ind_esoph_resectable_cross_neoadjuvant.yaml,indications,rationale,rationale_ua,drafted_v2plus,pending_clinical_signoff,claude_extraction,2,211,573,56,,
knowledge_base/hosted/content/indications/ind_et_1l_asa.yaml,indications,rationale,rationale_ua,drafted_v2plus,pending_clinical_signoff,claude_extraction,2,322,476,56,,
knowledge_base/hosted/content/indications/ind_et_1l_hu.yaml,indications,rationale,rationale_ua,drafted_v2plus,pending_clinical_signoff,claude_extraction,2,329,513,56,,
knowledge_base/hosted/content/indications/ind_et_2l_anagrelide.yaml,indications,rationale,rationale_ua,drafted_v2plus,pending_clinical_signoff,claude_extraction,2,933,1026,56,,
knowledge_base/hosted/content/indications/ind_fammm_carrier_intensified.yaml,indications,rationale,rationale_ua,drafted_pending,pending_clinical_signoff,claude_v02b_confirmed_carriers_additional,1,2242,1353,50,,
knowledge_base/hosted/content/indications/ind_fammm_carrier_surveillance.yaml,indications,rationale,rationale_ua,drafted_pending,pending_clinical_signoff,claude_v02b_confirmed_carriers_additional,1,1884,1173,50,,
knowledge_base/hosted/content/indications/ind_fammm_suspicion_prevention_enhanced_surveillance.yaml,indications,rationale,rationale_ua,drafted_pending,pending_clinical_signoff,claude_v03_more_hereditary,1,174,123,50,,
knowledge_base/hosted/content/indications/ind_fammm_suspicion_prevention_genetic_counseling.yaml,indications,rationale,rationale_ua,drafted_pending,pending_clinical_signoff,claude_v03_more_hereditary,1,556,297,50,,
knowledge_base/hosted/content/indications/ind_fap_carrier_intensified.yaml,indications,rationale,rationale_ua,drafted_pending,pending_clinical_signoff,claude_v03_carrier_completion,1,315,123,50,,
knowledge_base/hosted/content/indications/ind_fap_carrier_surveillance.yaml,indications,rationale,rationale_ua,drafted_pending,pending_clinical_signoff,claude_v03_carrier_completion,1,1237,492,50,,
knowledge_base/hosted/content/indications/ind_fap_suspicion_prevention_enhanced_surveillance.yaml,indications,rationale,rationale_ua,drafted_pending,pending_clinical_signoff,claude_v0_2_b_hereditary_pilot,1,2430,2573,50,,
knowledge_base/hosted/content/indications/ind_fap_suspicion_prevention_genetic_counseling.yaml,indications,rationale,rationale_ua,drafted_pending,pending_clinical_signoff,claude_v0_2_b_hereditary_pilot,1,3849,4055,50,,
knowledge_base/hosted/content/indications/ind_fl_1l_br.yaml,indications,rationale,rationale_ua,drafted_v2plus,pending_clinical_signoff,claude_extraction,2,415,801,56,,
knowledge_base/hosted/content/indications/ind_fl_1l_rchop_aggressive.yaml,indications,rationale,rationale_ua,drafted_v2plus,pending_clinical_signoff,claude_extraction,2,415,960,56,,
knowledge_base/hosted/content/indications/ind_fl_1l_watch.yaml,indications,rationale,rationale_ua,drafted_v2plus,pending_clinical_signoff,claude_extraction,2,444,938,56,,
knowledge_base/hosted/content/indications/ind_fl_2l_obg_benda.yaml,indications,rationale,rationale_ua,drafted_v2plus,pending_clinical_signoff,claude_extraction,2,760,971,56,,
knowledge_base/hosted/content/indications/ind_fl_2l_r2.yaml,indications,rationale,rationale_ua,drafted_v2plus,pending_clinical_signoff,claude_extraction,2,654,876,56,,
knowledge_base/hosted/content/indications/ind_fl_3l_axicel_cart.yaml,indications,rationale,rationale_ua,drafted_v2plus,pending_clinical_signoff,claude_extraction,2,638,1114,56,,
knowledge_base/hosted/content/indications/ind_fl_3l_mosunetuzumab.yaml,indications,rationale,rationale_ua,drafted_v2plus,pending_clinical_signoff,claude_extraction,2,658,1172,56,,
knowledge_base/hosted/content/indications/ind_fl_3l_tazemetostat.yaml,indications,rationale,rationale_ua,drafted_v2plus,pending_clinical_signoff,claude_extraction,2,497,915,56,,
knowledge_base/hosted/content/indications/ind_fl_post_induction_rituximab_maintenance.yaml,indications,rationale,rationale_ua,drafted_v2plus,pending_clinical_signoff,claude_extraction,2,522,1008,56,,
knowledge_base/hosted/content/indications/ind_gastric_metastatic_1l_cldn18_2_zolbetuximab.yaml,indications,rationale,rationale_ua,drafted_v2plus,pending_clinical_signoff,claude_ua_07,2,562,997,56,,
knowledge_base/hosted/content/indications/ind_gastric_metastatic_1l_fgfr2b_bemarituzumab.yaml,indications,rationale,rationale_ua,drafted_v2plus,pending_clinical_signoff,claude_ua_07,2,1112,1622,56,,
knowledge_base/hosted/content/indications/ind_gastric_metastatic_1l_her2_toga.yaml,indications,rationale,rationale_ua,drafted_v2plus,pending_clinical_signoff,claude_ua_07,2,233,436,56,,
knowledge_base/hosted/content/indications/ind_gastric_metastatic_1l_pdl1_chemo_ici.yaml,indications,rationale,rationale_ua,drafted_v2plus,pending_clinical_signoff,claude_ua_07,2,535,728,56,,
knowledge_base/hosted/content/indications/ind_gastric_metastatic_2l_her2_tdxd.yaml,indications,rationale,rationale_ua,drafted_v2plus,pending_clinical_signoff,claude_ua_07,2,819,1316,56,,
knowledge_base/hosted/content/indications/ind_gastric_metastatic_2l_ramucirumab_paclitaxel.yaml,indications,rationale,rationale_ua,drafted_v2plus,pending_clinical_signoff,claude_ua_07,2,515,833,56,,
knowledge_base/hosted/content/indications/ind_gastric_metastatic_3l_tas102.yaml,indications,rationale,rationale_ua,drafted_pending,pending_clinical_signoff,claude_extraction,1,650,675,58,,
knowledge_base/hosted/content/indications/ind_gastric_oligomet_systemic_plus_local.yaml,indications,rationale,rationale_ua,drafted_pending,pending_clinical_signoff,claude_extraction,1,1849,997,57,,
knowledge_base/hosted/content/indications/ind_gastric_periop_flot4.yaml,indications,rationale,rationale_ua,drafted_v2plus,pending_clinical_signoff,claude_ua_07,2,983,1019,56,,
knowledge_base/hosted/content/indications/ind_gbm_newly_diagnosed_elderly_hyport.yaml,indications,rationale,rationale_ua,drafted_v2plus,pending_clinical_signoff,claude_ua_07,2,647,1095,56,,
knowledge_base/hosted/content/indications/ind_gbm_newly_diagnosed_elderly_tmz.yaml,indications,rationale,rationale_ua,drafted_v2plus,pending_clinical_signoff,claude_ua_07,2,663,994,56,,
knowledge_base/hosted/content/indications/ind_gbm_newly_diagnosed_stupp.yaml,indications,rationale,rationale_ua,drafted_v2plus,pending_clinical_signoff,claude_ua_07,2,326,477,56,,
knowledge_base/hosted/content/indications/ind_gbm_recurrent_bevacizumab.yaml,indications,rationale,rationale_ua,drafted_v2plus,pending_clinical_signoff,claude_ua_07,2,685,980,56,,
knowledge_base/hosted/content/indications/ind_gct_metastatic_1l_bep.yaml,indications,rationale,rationale_ua,drafted_pending,pending_clinical_signoff,claude_extraction,1,1041,629,58,,
knowledge_base/hosted/content/indications/ind_gct_metastatic_1l_ep.yaml,indications,rationale,rationale_ua,drafted_v2plus,pending_clinical_signoff,claude_ua_07,2,700,872,56,,
knowledge_base/hosted/content/indications/ind_gct_salvage_2l_hdct_asct.yaml,indications,rationale,rationale_ua,drafted_v2plus,pending_clinical_signoff,claude_ua_07,2,638,931,56,,
knowledge_base/hosted/content/indications/ind_gct_salvage_2l_tip.yaml,indications,rationale,rationale_ua,drafted_v2plus,pending_clinical_signoff,claude_ua_07,2,590,876,56,,
knowledge_base/hosted/content/indications/ind_gi_net_advanced_1l_lanreotide.yaml,indications,rationale,rationale_ua,drafted_v2plus,pending_clinical_signoff,claude_ua_07,2,547,757,56,,
knowledge_base/hosted/content/indications/ind_gist_1l_avapritinib_pdgfra_d842v.yaml,indications,rationale,rationale_ua,drafted_v2plus,pending_clinical_signoff,claude_ua_07,2,424,553,56,,
knowledge_base/hosted/content/indications/ind_gist_1l_imatinib.yaml,indications,rationale,rationale_ua,drafted_v2plus,pending_clinical_signoff,claude_ua_07,2,527,663,56,,
knowledge_base/hosted/content/indications/ind_gist_2l_sunitinib.yaml,indications,rationale,rationale_ua,drafted_v2plus,pending_clinical_signoff,claude_ua_07,2,635,857,56,,
knowledge_base/hosted/content/indications/ind_gist_4l_ripretinib.yaml,indications,rationale,rationale_ua,drafted_v2plus,pending_clinical_signoff,claude_ua_07,2,1444,1897,56,,
knowledge_base/hosted/content/indications/ind_glioma_low_grade_1l_rt_pcv.yaml,indications,rationale,rationale_ua,drafted_pending,pending_clinical_signoff,claude_extraction,1,526,530,57,,
knowledge_base/hosted/content/indications/ind_granulosa_cell_1l_carboplatin_paclitaxel.yaml,indications,rationale,rationale_ua,drafted_v2plus,pending_clinical_signoff,claude_ua_07,2,756,1014,56,,
knowledge_base/hosted/content/indications/ind_hbv_prevention_antiviral.yaml,indications,rationale,rationale_ua,drafted_pending,pending_clinical_signoff,claude_v0_2_a_anchor,1,959,1012,50,,
knowledge_base/hosted/content/indications/ind_hbv_prevention_observation.yaml,indications,rationale,rationale_ua,drafted_pending,pending_clinical_signoff,claude_v0_2_a_anchor,1,670,555,50,,
knowledge_base/hosted/content/indications/ind_hcc_systemic_1l_atezo_bev.yaml,indications,rationale,rationale_ua,drafted_v2plus,pending_clinical_signoff,claude_ua_07,2,169,324,56,,
knowledge_base/hosted/content/indications/ind_hcc_systemic_1l_durva_treme.yaml,indications,rationale,rationale_ua,drafted_v2plus,pending_clinical_signoff,claude_ua_07,2,188,400,56,,
knowledge_base/hosted/content/indications/ind_hcc_systemic_1l_sorafenib.yaml,indications,rationale,rationale_ua,drafted_v2plus,pending_clinical_signoff,claude_ua_07,2,246,410,56,,
knowledge_base/hosted/content/indications/ind_hcc_systemic_2l_cabozantinib.yaml,indications,rationale,rationale_ua,drafted_v2plus,pending_clinical_signoff,claude_ua_07,2,910,1169,56,,
knowledge_base/hosted/content/indications/ind_hcc_systemic_2l_ramucirumab.yaml,indications,rationale,rationale_ua,drafted_v2plus,pending_clinical_signoff,claude_ua_07,2,876,1184,56,,
knowledge_base/hosted/content/indications/ind_hcc_systemic_2l_regorafenib.yaml,indications,rationale,rationale_ua,drafted_v2plus,pending_clinical_signoff,claude_ua_07,2,761,1091,56,,
knowledge_base/hosted/content/indications/ind_hcl_1l_cladribine.yaml,indications,rationale,rationale_ua,drafted_v2plus,pending_clinical_signoff,claude_ua_07,2,278,456,56,,
knowledge_base/hosted/content/indications/ind_hcl_1l_pentostatin.yaml,indications,rationale,rationale_ua,drafted_v2plus,pending_clinical_signoff,claude_ua_07,2,271,382,56,,
knowledge_base/hosted/content/indications/ind_hcl_2l_vemurafenib.yaml,indications,rationale,rationale_ua,drafted_v2plus,pending_clinical_signoff,claude_ua_07,2,533,724,56,,
knowledge_base/hosted/content/indications/ind_hcv_mzl_1l_antiviral.yaml,indications,rationale,rationale_ua,drafted_v2plus,pending_clinical_signoff,claude_ua_07,2,465,560,56,,
knowledge_base/hosted/content/indications/ind_hcv_mzl_1l_br_aggressive.yaml,indications,rationale,rationale_ua,drafted_v2plus,pending_clinical_signoff,claude_ua_07,2,481,543,56,,
knowledge_base/hosted/content/indications/ind_hcv_mzl_post_daa_surveillance.yaml,indications,rationale,rationale_ua,drafted_pending,pending_clinical_signoff,claude_extraction,1,595,603,58,,
knowledge_base/hosted/content/indications/ind_hemochromatosis_hcc_prevention_observation.yaml,indications,rationale,rationale_ua,drafted_pending,pending_clinical_signoff,claude_v0_3_chronic_condition_pilot,1,2141,1489,50,,
knowledge_base/hosted/content/indications/ind_hemochromatosis_hcc_prevention_surveillance.yaml,indications,rationale,rationale_ua,drafted_pending,pending_clinical_signoff,claude_v0_3_chronic_condition_pilot,1,2701,1450,50,,
knowledge_base/hosted/content/indications/ind_hgbl_dh_1l_daepochr.yaml,indications,rationale,rationale_ua,drafted_v2plus,pending_clinical_signoff,claude_ua_07,2,292,437,56,,
knowledge_base/hosted/content/indications/ind_hgbl_dh_1l_rchop.yaml,indications,rationale,rationale_ua,drafted_v2plus,pending_clinical_signoff,claude_ua_07,2,228,279,56,,
knowledge_base/hosted/content/indications/ind_hgbl_dh_2l_cart_axicel.yaml,indications,rationale,rationale_ua,drafted_v2plus,pending_clinical_signoff,claude_ua_07,2,553,772,56,,
knowledge_base/hosted/content/indications/ind_hiv_prevention_art.yaml,indications,rationale,rationale_ua,drafted_pending,pending_clinical_signoff,claude_v0_2_a_anchor,1,956,598,50,,
knowledge_base/hosted/content/indications/ind_hiv_prevention_observation.yaml,indications,rationale,rationale_ua,drafted_pending,pending_clinical_signoff,claude_v0_2_a_anchor,1,750,801,50,,
knowledge_base/hosted/content/indications/ind_hlrcc_carrier_intensified.yaml,indications,rationale,rationale_ua,drafted_pending,pending_clinical_signoff,claude_v03_carrier_completion,1,236,153,50,,
knowledge_base/hosted/content/indications/ind_hlrcc_carrier_surveillance.yaml,indications,rationale,rationale_ua,drafted_pending,pending_clinical_signoff,claude_v03_carrier_completion,1,1173,562,50,,
knowledge_base/hosted/content/indications/ind_hlrcc_suspicion_prevention_enhanced_surveillance.yaml,indications,rationale,rationale_ua,drafted_pending,pending_clinical_signoff,claude_v0_2_b_hereditary_pilot,1,2904,2938,50,,
knowledge_base/hosted/content/indications/ind_hlrcc_suspicion_prevention_genetic_counseling.yaml,indications,rationale,rationale_ua,drafted_pending,pending_clinical_signoff,claude_v0_2_b_hereditary_pilot,1,4276,4341,50,,
knowledge_base/hosted/content/indications/ind_hnscc_rm_1l_extreme.yaml,indications,rationale,rationale_ua,drafted_v2plus,pending_clinical_signoff,claude_ua_07,2,769,1134,56,,
knowledge_base/hosted/content/indications/ind_hnscc_rm_1l_pembro_chemo.yaml,indications,rationale,rationale_ua,drafted_v2plus,pending_clinical_signoff,claude_ua_07,2,553,822,56,,
knowledge_base/hosted/content/indications/ind_hnscc_rm_1l_pembro_mono_cps_high.yaml,indications,rationale,rationale_ua,drafted_v2plus,pending_clinical_signoff,claude_ua_07,2,579,812,56,,
knowledge_base/hosted/content/indications/ind_hnscc_rm_2l_nivolumab.yaml,indications,rationale,rationale_ua,drafted_pending,pending_clinical_signoff,claude_extraction,1,536,298,57,,
knowledge_base/hosted/content/indications/ind_hnscc_rm_2l_pembrolizumab.yaml,indications,rationale,rationale_ua,drafted_pending,pending_clinical_signoff,claude_extraction,1,608,245,57,,
knowledge_base/hosted/content/indications/ind_hprc_carrier_intensified.yaml,indications,rationale,rationale_ua,drafted_pending,pending_clinical_signoff,claude_v02b_confirmed_carriers_additional,1,1982,1221,50,,
knowledge_base/hosted/content/indications/ind_hprc_carrier_surveillance.yaml,indications,rationale,rationale_ua,drafted_pending,pending_clinical_signoff,claude_v02b_confirmed_carriers_additional,1,2057,1294,50,,
knowledge_base/hosted/content/indications/ind_hprc_suspicion_prevention_enhanced_surveillance.yaml,indications,rationale,rationale_ua,drafted_pending,pending_clinical_signoff,claude_v03_more_hereditary,1,116,66,50,,
knowledge_base/hosted/content/indications/ind_hprc_suspicion_prevention_genetic_counseling.yaml,indications,rationale,rationale_ua,drafted_pending,pending_clinical_signoff,claude_v03_more_hereditary,1,473,256,50,,
knowledge_base/hosted/content/indications/ind_hpv_prevention_observation.yaml,indications,rationale,rationale_ua,drafted_pending,pending_clinical_signoff,claude_v0_2_a_anchor,1,515,472,50,,
knowledge_base/hosted/content/indications/ind_hpv_prevention_vaccination_screening.yaml,indications,rationale,rationale_ua,drafted_pending,pending_clinical_signoff,claude_v0_2_a_anchor,1,991,748,50,,
knowledge_base/hosted/content/indications/ind_hpylori_prevention_eradication.yaml,indications,rationale,rationale_ua,drafted_pending,pending_clinical_signoff,claude_v0_2_a_anchor,1,1881,1916,50,,
knowledge_base/hosted/content/indications/ind_hpylori_prevention_observation.yaml,indications,rationale,rationale_ua,drafted_pending,pending_clinical_signoff,claude_v0_2_a_anchor,1,1473,1515,50,,
knowledge_base/hosted/content/indications/ind_hstcl_1l_choep_unfit.yaml,indications,rationale,rationale_ua,drafted_v2plus,pending_clinical_signoff,claude_ua_07,2,450,638,56,,
knowledge_base/hosted/content/indications/ind_hstcl_1l_ice_allosct.yaml,indications,rationale,rationale_ua,drafted_v2plus,pending_clinical_signoff,claude_ua_07,2,283,480,56,,
knowledge_base/hosted/content/indications/ind_htlv1_prevention_observation.yaml,indications,rationale,rationale_ua,drafted_pending,pending_clinical_signoff,claude_v0_2_a_anchor,1,398,405,50,,
knowledge_base/hosted/content/indications/ind_htlv1_prevention_surveillance.yaml,indications,rationale,rationale_ua,drafted_pending,pending_clinical_signoff,claude_v0_2_a_anchor,1,889,765,50,,
knowledge_base/hosted/content/indications/ind_iatrogenic_alkylator_taml_prevention_observation.yaml,indications,rationale,rationale_ua,drafted_pending,pending_clinical_signoff,claude_v03_lifestyle_iatrogenic_batch2,1,596,372,50,,
knowledge_base/hosted/content/indications/ind_iatrogenic_alkylator_taml_prevention_surveillance.yaml,indications,rationale,rationale_ua,drafted_pending,pending_clinical_signoff,claude_v03_lifestyle_iatrogenic_batch2,1,1633,1046,50,,
knowledge_base/hosted/content/indications/ind_iatrogenic_anthracycline_cardio_prevention_observation.yaml,indications,rationale,rationale_ua,drafted_pending,pending_clinical_signoff,claude_v03_lifestyle_iatrogenic_batch2,1,712,276,50,,
knowledge_base/hosted/content/indications/ind_iatrogenic_anthracycline_cardio_prevention_surveillance.yaml,indications,rationale,rationale_ua,drafted_pending,pending_clinical_signoff,claude_v03_lifestyle_iatrogenic_batch2,1,2118,1347,50,,
knowledge_base/hosted/content/indications/ind_iatrogenic_anthracycline_late_cardio_prevention_observation.yaml,indications,rationale,rationale_ua,drafted_pending,pending_clinical_signoff,claude_aya_survivor_2026_05_18,1,775,393,49,,
knowledge_base/hosted/content/indications/ind_iatrogenic_anthracycline_late_cardio_prevention_surveillance.yaml,indications,rationale,rationale_ua,drafted_pending,pending_clinical_signoff,claude_aya_survivor_2026_05_18,1,2562,1476,49,,
knowledge_base/hosted/content/indications/ind_iatrogenic_anti_tnf_lymphoma_prevention_observation.yaml,indications,rationale,rationale_ua,drafted_pending,pending_clinical_signoff,claude_v03_iatrogenic_batch3,1,1187,756,49,,
knowledge_base/hosted/content/indications/ind_iatrogenic_anti_tnf_lymphoma_prevention_surveillance.yaml,indications,rationale,rationale_ua,drafted_pending,pending_clinical_signoff,claude_v03_iatrogenic_batch3,1,3135,1474,49,,
knowledge_base/hosted/content/indications/ind_iatrogenic_azathioprine_longterm_prevention_observation.yaml,indications,rationale,rationale_ua,drafted_pending,pending_clinical_signoff,claude_v03_iatrogenic_batch3,1,1109,740,49,,
knowledge_base/hosted/content/indications/ind_iatrogenic_azathioprine_longterm_prevention_surveillance.yaml,indications,rationale,rationale_ua,drafted_pending,pending_clinical_signoff,claude_v03_iatrogenic_batch3,1,2738,1175,49,,
knowledge_base/hosted/content/indications/ind_iatrogenic_bleomycin_late_prevention_observation.yaml,indications,rationale,rationale_ua,drafted_pending,pending_clinical_signoff,claude_aya_survivor_2026_05_18,1,806,312,49,,
knowledge_base/hosted/content/indications/ind_iatrogenic_bleomycin_late_prevention_surveillance.yaml,indications,rationale,rationale_ua,drafted_pending,pending_clinical_signoff,claude_aya_survivor_2026_05_18,1,2370,1292,49,,
knowledge_base/hosted/content/indications/ind_iatrogenic_calcineurin_inhibitor_longterm_prevention_observation.yaml,indications,rationale,rationale_ua,drafted_pending,pending_clinical_signoff,claude_v03_iatrogenic_batch3,1,1150,660,49,,
knowledge_base/hosted/content/indications/ind_iatrogenic_calcineurin_inhibitor_longterm_prevention_surveillance.yaml,indications,rationale,rationale_ua,drafted_pending,pending_clinical_signoff,claude_v03_iatrogenic_batch3,1,2868,1390,49,,
knowledge_base/hosted/content/indications/ind_iatrogenic_combined_hrt_prevention_observation.yaml,indications,rationale,rationale_ua,drafted_pending,pending_clinical_signoff,claude_v03_iatrogenic_batch3,1,1057,675,49,,
knowledge_base/hosted/content/indications/ind_iatrogenic_combined_hrt_prevention_surveillance.yaml,indications,rationale,rationale_ua,drafted_pending,pending_clinical_signoff,claude_v03_iatrogenic_batch3,1,2653,1328,49,,
knowledge_base/hosted/content/indications/ind_iatrogenic_cranial_rt_late_prevention_observation.yaml,indications,rationale,rationale_ua,drafted_pending,pending_clinical_signoff,claude_aya_survivor_2026_05_18,1,829,436,49,,
knowledge_base/hosted/content/indications/ind_iatrogenic_cranial_rt_late_prevention_surveillance.yaml,indications,rationale,rationale_ua,drafted_pending,pending_clinical_signoff,claude_aya_survivor_2026_05_18,1,2593,1188,49,,
knowledge_base/hosted/content/indications/ind_iatrogenic_cyclophosphamide_late_prevention_observation.yaml,indications,rationale,rationale_ua,drafted_pending,pending_clinical_signoff,claude_aya_survivor_2026_05_18,1,792,389,49,,
knowledge_base/hosted/content/indications/ind_iatrogenic_cyclophosphamide_late_prevention_surveillance.yaml,indications,rationale,rationale_ua,drafted_pending,pending_clinical_signoff,claude_aya_survivor_2026_05_18,1,2428,1414,49,,
knowledge_base/hosted/content/indications/ind_iatrogenic_des_exposure_prevention_observation.yaml,indications,rationale,rationale_ua,drafted_pending,pending_clinical_signoff,claude_v03_iatrogenic_batch3,1,831,596,49,,
knowledge_base/hosted/content/indications/ind_iatrogenic_des_exposure_prevention_surveillance.yaml,indications,rationale,rationale_ua,drafted_pending,pending_clinical_signoff,claude_v03_iatrogenic_batch3,1,2526,1400,49,,
knowledge_base/hosted/content/indications/ind_iatrogenic_long_term_hrmnl_contraception_prevention_observation.yaml,indications,rationale,rationale_ua,drafted_pending,pending_clinical_signoff,claude_v03_iatrogenic_batch3,1,661,354,49,,
knowledge_base/hosted/content/indications/ind_iatrogenic_long_term_hrmnl_contraception_prevention_surveillance.yaml,indications,rationale,rationale_ua,drafted_pending,pending_clinical_signoff,claude_v03_iatrogenic_batch3,1,2030,1365,49,,
knowledge_base/hosted/content/indications/ind_iatrogenic_long_term_ppi_gastric_net_prevention_observation.yaml,indications,rationale,rationale_ua,drafted_pending,pending_clinical_signoff,claude_v03_iatrogenic_batch3,1,795,501,49,,
knowledge_base/hosted/content/indications/ind_iatrogenic_long_term_ppi_gastric_net_prevention_surveillance.yaml,indications,rationale,rationale_ua,drafted_pending,pending_clinical_signoff,claude_v03_iatrogenic_batch3,1,2256,1707,49,,
knowledge_base/hosted/content/indications/ind_iatrogenic_pediatric_pelvic_rt_prevention_observation.yaml,indications,rationale,rationale_ua,drafted_pending,pending_clinical_signoff,claude_aya_survivor_2026_05_18,1,650,216,49,,
knowledge_base/hosted/content/indications/ind_iatrogenic_pediatric_pelvic_rt_prevention_surveillance.yaml,indications,rationale,rationale_ua,drafted_pending,pending_clinical_signoff,claude_aya_survivor_2026_05_18,1,2028,1230,49,,
knowledge_base/hosted/content/indications/ind_iatrogenic_platinum_late_prevention_observation.yaml,indications,rationale,rationale_ua,drafted_pending,pending_clinical_signoff,claude_aya_survivor_2026_05_18,1,870,395,49,,
knowledge_base/hosted/content/indications/ind_iatrogenic_platinum_late_prevention_surveillance.yaml,indications,rationale,rationale_ua,drafted_pending,pending_clinical_signoff,claude_aya_survivor_2026_05_18,1,2298,1312,49,,
knowledge_base/hosted/content/indications/ind_iatrogenic_prior_radiation_prevention_observation.yaml,indications,rationale,rationale_ua,drafted_pending,pending_clinical_signoff,claude_v03_completion,1,202,114,50,,
knowledge_base/hosted/content/indications/ind_iatrogenic_prior_radiation_prevention_surveillance.yaml,indications,rationale,rationale_ua,drafted_pending,pending_clinical_signoff,claude_v03_completion,1,1093,565,50,,
knowledge_base/hosted/content/indications/ind_iatrogenic_tamoxifen_endometrial_prevention_observation.yaml,indications,rationale,rationale_ua,drafted_pending,pending_clinical_signoff,claude_v03_lifestyle_iatrogenic_batch2,1,608,380,50,,
knowledge_base/hosted/content/indications/ind_iatrogenic_tamoxifen_endometrial_prevention_surveillance.yaml,indications,rationale,rationale_ua,drafted_pending,pending_clinical_signoff,claude_v03_lifestyle_iatrogenic_batch2,1,2122,1344,50,,
knowledge_base/hosted/content/indications/ind_iatrogenic_topo2_taml_prevention_observation.yaml,indications,rationale,rationale_ua,drafted_pending,pending_clinical_signoff,claude_v03_lifestyle_iatrogenic_batch2,1,600,342,50,,
knowledge_base/hosted/content/indications/ind_iatrogenic_topo2_taml_prevention_surveillance.yaml,indications,rationale,rationale_ua,drafted_pending,pending_clinical_signoff,claude_v03_lifestyle_iatrogenic_batch2,1,1817,999,50,,
knowledge_base/hosted/content/indications/ind_iatrogenic_transplant_immunosuppression_longterm_prevention_observation.yaml,indications,rationale,rationale_ua,drafted_pending,pending_clinical_signoff,claude_v03_iatrogenic_batch3,1,1064,556,49,,
knowledge_base/hosted/content/indications/ind_iatrogenic_transplant_immunosuppression_longterm_prevention_surveillance.yaml,indications,rationale,rationale_ua,drafted_pending,pending_clinical_signoff,claude_v03_iatrogenic_batch3,1,3194,1385,49,,
knowledge_base/hosted/content/indications/ind_iatrogenic_transplant_immunosuppression_prevention_observation.yaml,indications,rationale,rationale_ua,drafted_pending,pending_clinical_signoff,claude_v03_iatrogenic,1,156,86,50,,
knowledge_base/hosted/content/indications/ind_iatrogenic_transplant_immunosuppression_prevention_surveillance.yaml,indications,rationale,rationale_ua,drafted_pending,pending_clinical_signoff,claude_v03_iatrogenic,1,684,348,50,,
knowledge_base/hosted/content/indications/ind_ibd_crc_prevention_chromoendoscopy.yaml,indications,rationale,rationale_ua,drafted_pending,pending_clinical_signoff,claude_v0_3_chronic_condition_pilot,1,3437,2225,50,,
knowledge_base/hosted/content/indications/ind_ibd_crc_prevention_observation.yaml,indications,rationale,rationale_ua,drafted_pending,pending_clinical_signoff,claude_v0_3_chronic_condition_pilot,1,2414,2093,50,,
knowledge_base/hosted/content/indications/ind_ifs_ntrk_larotrectinib.yaml,indications,rationale,rationale_ua,drafted_v2plus,pending_clinical_signoff,claude_ua_07,2,203,269,56,,
knowledge_base/hosted/content/indications/ind_imt_alk_crizotinib.yaml,indications,rationale,rationale_ua,drafted_v2plus,pending_clinical_signoff,claude_ua_07,2,187,287,56,,
knowledge_base/hosted/content/indications/ind_jmml_1l_allohct.yaml,indications,rationale,rationale_ua,missing,,,,565,0,57,,
knowledge_base/hosted/content/indications/ind_lam_1l_sirolimus.yaml,indications,rationale,rationale_ua,drafted_v2plus,pending_clinical_signoff,claude_ua_07,2,616,761,56,,
knowledge_base/hosted/content/indications/ind_li_fraumeni_carrier_intensified.yaml,indications,rationale,rationale_ua,drafted_pending,pending_clinical_signoff,claude_v03_carrier_completion,1,271,152,50,,
knowledge_base/hosted/content/indications/ind_li_fraumeni_carrier_surveillance.yaml,indications,rationale,rationale_ua,drafted_pending,pending_clinical_signoff,claude_v03_carrier_completion,1,1069,619,50,,
knowledge_base/hosted/content/indications/ind_li_fraumeni_suspicion_prevention_enhanced_surveillance.yaml,indications,rationale,rationale_ua,drafted_pending,pending_clinical_signoff,claude_v0_2_b_anchor,1,4546,3249,50,,
knowledge_base/hosted/content/indications/ind_li_fraumeni_suspicion_prevention_genetic_counseling.yaml,indications,rationale,rationale_ua,drafted_pending,pending_clinical_signoff,claude_v0_2_b_anchor,1,5211,4280,50,,
knowledge_base/hosted/content/indications/ind_lifestyle_alcohol_prevention_cessation.yaml,indications,rationale,rationale_ua,drafted_pending,pending_clinical_signoff,claude_v03_lifestyle,1,1061,668,50,,
knowledge_base/hosted/content/indications/ind_lifestyle_alcohol_prevention_observation.yaml,indications,rationale,rationale_ua,drafted_pending,pending_clinical_signoff,claude_v03_lifestyle,1,362,174,50,,
knowledge_base/hosted/content/indications/ind_lifestyle_high_red_meat_crc_prevention_observation.yaml,indications,rationale,rationale_ua,drafted_pending,pending_clinical_signoff,claude_v03_diet_environmental,1,496,283,49,,
knowledge_base/hosted/content/indications/ind_lifestyle_high_red_meat_crc_prevention_substitution.yaml,indications,rationale,rationale_ua,drafted_pending,pending_clinical_signoff,claude_v03_diet_environmental,1,1599,1147,49,,
knowledge_base/hosted/content/indications/ind_lifestyle_hot_beverages_prevention_cooling.yaml,indications,rationale,rationale_ua,drafted_pending,pending_clinical_signoff,claude_v03_lifestyle_iatrogenic_batch2,1,1474,993,50,,
knowledge_base/hosted/content/indications/ind_lifestyle_hot_beverages_prevention_observation.yaml,indications,rationale,rationale_ua,drafted_pending,pending_clinical_signoff,claude_v03_lifestyle_iatrogenic_batch2,1,408,269,50,,
knowledge_base/hosted/content/indications/ind_lifestyle_low_calcium_vit_d_crc_prevention_observation.yaml,indications,rationale,rationale_ua,drafted_pending,pending_clinical_signoff,claude_v03_diet_environmental,1,656,345,49,,
knowledge_base/hosted/content/indications/ind_lifestyle_low_calcium_vit_d_crc_prevention_repletion.yaml,indications,rationale,rationale_ua,drafted_pending,pending_clinical_signoff,claude_v03_diet_environmental,1,2235,1720,49,,
knowledge_base/hosted/content/indications/ind_lifestyle_low_fiber_crc_prevention_dietary.yaml,indications,rationale,rationale_ua,drafted_pending,pending_clinical_signoff,claude_v03_diet_environmental,1,1708,1120,49,,
knowledge_base/hosted/content/indications/ind_lifestyle_low_fiber_crc_prevention_observation.yaml,indications,rationale,rationale_ua,drafted_pending,pending_clinical_signoff,claude_v03_diet_environmental,1,489,278,49,,
knowledge_base/hosted/content/indications/ind_lifestyle_low_mediterranean_diet_prevention_adoption.yaml,indications,rationale,rationale_ua,drafted_pending,pending_clinical_signoff,claude_v03_diet_environmental,1,2415,1748,49,,
knowledge_base/hosted/content/indications/ind_lifestyle_low_mediterranean_diet_prevention_observation.yaml,indications,rationale,rationale_ua,drafted_pending,pending_clinical_signoff,claude_v03_diet_environmental,1,530,307,49,,
knowledge_base/hosted/content/indications/ind_lifestyle_obesity_prevention_observation.yaml,indications,rationale,rationale_ua,drafted_pending,pending_clinical_signoff,claude_v03_lifestyle,1,246,210,50,,
knowledge_base/hosted/content/indications/ind_lifestyle_obesity_prevention_weight_loss.yaml,indications,rationale,rationale_ua,drafted_pending,pending_clinical_signoff,claude_v03_lifestyle,1,1267,1009,50,,
knowledge_base/hosted/content/indications/ind_lifestyle_processed_meat_prevention_dietary.yaml,indications,rationale,rationale_ua,drafted_pending,pending_clinical_signoff,claude_v03_lifestyle_iatrogenic_batch2,1,1312,727,50,,
knowledge_base/hosted/content/indications/ind_lifestyle_processed_meat_prevention_observation.yaml,indications,rationale,rationale_ua,drafted_pending,pending_clinical_signoff,claude_v03_lifestyle_iatrogenic_batch2,1,406,207,50,,
knowledge_base/hosted/content/indications/ind_lifestyle_sedentary_prevention_activity.yaml,indications,rationale,rationale_ua,drafted_pending,pending_clinical_signoff,claude_v03_lifestyle_iatrogenic_batch2,1,1336,786,50,,
knowledge_base/hosted/content/indications/ind_lifestyle_sedentary_prevention_observation.yaml,indications,rationale,rationale_ua,drafted_pending,pending_clinical_signoff,claude_v03_lifestyle_iatrogenic_batch2,1,492,277,50,,
knowledge_base/hosted/content/indications/ind_lifestyle_tobacco_prevention_cessation.yaml,indications,rationale,rationale_ua,drafted_pending,pending_clinical_signoff,claude_v03_lifestyle,1,1081,738,50,,
knowledge_base/hosted/content/indications/ind_lifestyle_tobacco_prevention_observation.yaml,indications,rationale,rationale_ua,drafted_pending,pending_clinical_signoff,claude_v03_lifestyle,1,470,208,50,,
knowledge_base/hosted/content/indications/ind_lifestyle_uv_exposure_prevention_observation.yaml,indications,rationale,rationale_ua,drafted_pending,pending_clinical_signoff,claude_v03_lifestyle_iatrogenic_batch2,1,459,232,50,,
knowledge_base/hosted/content/indications/ind_lifestyle_uv_exposure_prevention_protection.yaml,indications,rationale,rationale_ua,drafted_pending,pending_clinical_signoff,claude_v03_lifestyle_iatrogenic_batch2,1,1601,1034,50,,
knowledge_base/hosted/content/indications/ind_lynch_carrier_intensified.yaml,indications,rationale,rationale_ua,drafted_pending,pending_clinical_signoff,claude_v0_2_b_confirmed_carrier,1,3376,2120,50,,
knowledge_base/hosted/content/indications/ind_lynch_carrier_surveillance.yaml,indications,rationale,rationale_ua,drafted_pending,pending_clinical_signoff,claude_v0_2_b_confirmed_carrier,1,3288,2424,50,,
knowledge_base/hosted/content/indications/ind_lynch_suspicion_prevention_enhanced_surveillance.yaml,indications,rationale,rationale_ua,drafted_pending,pending_clinical_signoff,claude_v0_2_b_anchor,1,1952,1031,50,,
knowledge_base/hosted/content/indications/ind_lynch_suspicion_prevention_genetic_counseling.yaml,indications,rationale,rationale_ua,drafted_pending,pending_clinical_signoff,claude_v0_2_b_anchor,1,2081,1862,50,,
knowledge_base/hosted/content/indications/ind_mcl_1l_btki_r.yaml,indications,rationale,rationale_ua,drafted_v2plus,pending_clinical_signoff,claude_ua_07,2,375,590,56,,
knowledge_base/hosted/content/indications/ind_mcl_1l_intensive.yaml,indications,rationale,rationale_ua,drafted_v2plus,pending_clinical_signoff,claude_ua_07,2,336,558,56,,
knowledge_base/hosted/content/indications/ind_mcl_2l_acalabrutinib.yaml,indications,rationale,rationale_ua,drafted_v2plus,pending_clinical_signoff,claude_ua_07,2,532,805,56,,
knowledge_base/hosted/content/indications/ind_mcl_3l_brexucel_cart.yaml,indications,rationale,rationale_ua,drafted_pending,pending_clinical_signoff,claude_extraction,1,637,648,58,,
knowledge_base/hosted/content/indications/ind_mcl_3l_lisocel_cart.yaml,indications,rationale,rationale_ua,drafted_v2plus,pending_clinical_signoff,claude_ua_07,2,1185,1585,56,,
knowledge_base/hosted/content/indications/ind_mcl_3l_pirtobrutinib.yaml,indications,rationale,rationale_ua,drafted_pending,pending_clinical_signoff,claude_extraction,1,643,648,58,,
knowledge_base/hosted/content/indications/ind_mcl_post_induction_rituximab_maintenance.yaml,indications,rationale,rationale_ua,drafted_v2plus,pending_clinical_signoff,claude_ua_07,2,626,1016,56,,
knowledge_base/hosted/content/indications/ind_mds_hr_1l_aza.yaml,indications,rationale,rationale_ua,drafted_v2plus,pending_clinical_signoff,claude_ua_07,2,492,716,56,,
knowledge_base/hosted/content/indications/ind_mds_hr_1l_ven_aza.yaml,indications,rationale,rationale_ua,drafted_pending,pending_clinical_signoff,claude_extraction,1,463,475,58,,
knowledge_base/hosted/content/indications/ind_mds_hr_allohct.yaml,indications,rationale,rationale_ua,drafted_pending,pending_clinical_signoff,claude_extraction,1,880,899,58,,
knowledge_base/hosted/content/indications/ind_mds_lr_1l_esa.yaml,indications,rationale,rationale_ua,drafted_v2plus,pending_clinical_signoff,claude_ua_07,2,461,663,56,,
knowledge_base/hosted/content/indications/ind_mds_lr_1l_luspatercept.yaml,indications,rationale,rationale_ua,drafted_pending,pending_clinical_signoff,claude_extraction,1,449,455,58,,
knowledge_base/hosted/content/indications/ind_mds_lr_2l_imetelstat.yaml,indications,rationale,rationale_ua,drafted_v2plus,pending_clinical_signoff,claude_ua_07,2,734,978,56,,
knowledge_base/hosted/content/indications/ind_mds_lr_lenalidomide_del5q.yaml,indications,rationale,rationale_ua,drafted_pending,pending_clinical_signoff,claude_extraction,1,1010,1015,58,,
knowledge_base/hosted/content/indications/ind_melanoma_2l_kit_imatinib.yaml,indications,rationale,rationale_ua,drafted_v2plus,pending_clinical_signoff,claude_ua_07,2,642,807,56,,
knowledge_base/hosted/content/indications/ind_melanoma_2l_post_brafi_ipi_nivo.yaml,indications,rationale,rationale_ua,drafted_v2plus,pending_clinical_signoff,claude_ua_07,2,598,890,56,,
knowledge_base/hosted/content/indications/ind_melanoma_2l_post_io_brafi_meki.yaml,indications,rationale,rationale_ua,drafted_v2plus,pending_clinical_signoff,claude_ua_07,2,571,668,56,,
knowledge_base/hosted/content/indications/ind_melanoma_2l_relatlimab_nivolumab.yaml,indications,rationale,rationale_ua,drafted_v2plus,pending_clinical_signoff,claude_ua_07,2,709,1051,56,,
knowledge_base/hosted/content/indications/ind_melanoma_3l_lifileucel.yaml,indications,rationale,rationale_ua,missing,,,,703,0,58,,
knowledge_base/hosted/content/indications/ind_melanoma_3l_post_lifileucel.yaml,indications,rationale,rationale_ua,drafted_v2plus,pending_clinical_signoff,claude_ua_07,2,839,1196,56,,
knowledge_base/hosted/content/indications/ind_melanoma_adjuvant_pembro_stage_iii.yaml,indications,rationale,rationale_ua,drafted_v2plus,pending_clinical_signoff,claude_ua_07,2,780,1002,56,,
knowledge_base/hosted/content/indications/ind_melanoma_metastatic_1l_pembro_mono.yaml,indications,rationale,rationale_ua,drafted_v2plus,pending_clinical_signoff,claude_ua_07,2,787,973,56,,
knowledge_base/hosted/content/indications/ind_melanoma_nivo_maint.yaml,indications,rationale,rationale_ua,drafted_v2plus,pending_clinical_signoff,claude_ua_07,2,834,1078,56,,
knowledge_base/hosted/content/indications/ind_men1_carrier_intensified.yaml,indications,rationale,rationale_ua,drafted_pending,pending_clinical_signoff,claude_v02b_confirmed_carriers_additional,1,2191,1309,50,,
knowledge_base/hosted/content/indications/ind_men1_carrier_surveillance.yaml,indications,rationale,rationale_ua,drafted_pending,pending_clinical_signoff,claude_v02b_confirmed_carriers_additional,1,2276,1196,50,,
knowledge_base/hosted/content/indications/ind_men1_suspicion_prevention_enhanced_surveillance.yaml,indications,rationale,rationale_ua,drafted_pending,pending_clinical_signoff,claude_v0_2_b_hereditary_pilot,1,2413,1970,50,,
knowledge_base/hosted/content/indications/ind_men1_suspicion_prevention_genetic_counseling.yaml,indications,rationale,rationale_ua,drafted_pending,pending_clinical_signoff,claude_v0_2_b_hereditary_pilot,1,3647,3182,50,,
knowledge_base/hosted/content/indications/ind_men2_carrier_intensified.yaml,indications,rationale,rationale_ua,drafted_pending,pending_clinical_signoff,claude_v02b_confirmed_carriers_additional,1,2075,1038,50,,
knowledge_base/hosted/content/indications/ind_men2_carrier_surveillance.yaml,indications,rationale,rationale_ua,drafted_pending,pending_clinical_signoff,claude_v02b_confirmed_carriers_additional,1,2415,1243,50,,
knowledge_base/hosted/content/indications/ind_men2_suspicion_prevention_enhanced_surveillance.yaml,indications,rationale,rationale_ua,drafted_pending,pending_clinical_signoff,claude_v0_2_b_hereditary_pilot,1,2769,2178,50,,
knowledge_base/hosted/content/indications/ind_men2_suspicion_prevention_genetic_counseling.yaml,indications,rationale,rationale_ua,drafted_pending,pending_clinical_signoff,claude_v0_2_b_hereditary_pilot,1,3554,2862,50,,
knowledge_base/hosted/content/indications/ind_meningioma_1l_resection_rt.yaml,indications,rationale,rationale_ua,missing,,,,397,0,57,,
knowledge_base/hosted/content/indications/ind_mesothelioma_1l_nivo_ipi.yaml,indications,rationale,rationale_ua,drafted_pending,pending_clinical_signoff,claude_extraction,1,958,544,57,,
knowledge_base/hosted/content/indications/ind_mesothelioma_1l_pemetrexed_platinum.yaml,indications,rationale,rationale_ua,drafted_pending,pending_clinical_signoff,claude_extraction,1,768,457,57,,
knowledge_base/hosted/content/indications/ind_mesothelioma_2l_nivo.yaml,indications,rationale,rationale_ua,drafted_v2plus,pending_clinical_signoff,claude_ua_07,2,738,999,56,,
knowledge_base/hosted/content/indications/ind_mf_advanced_1l_bv.yaml,indications,rationale,rationale_ua,drafted_pending,pending_clinical_signoff,claude_extraction,1,445,450,58,,
knowledge_base/hosted/content/indications/ind_mf_advanced_1l_moga.yaml,indications,rationale,rationale_ua,drafted_pending,pending_clinical_signoff,claude_extraction,1,516,522,58,,
knowledge_base/hosted/content/indications/ind_mf_advanced_2l_bexarotene.yaml,indications,rationale,rationale_ua,drafted_v2plus,pending_clinical_signoff,claude_ua_07,2,642,823,56,,
knowledge_base/hosted/content/indications/ind_mf_early_1l_skin_directed.yaml,indications,rationale,rationale_ua,drafted_v2plus,pending_clinical_signoff,claude_ua_07,2,658,879,56,,
knowledge_base/hosted/content/indications/ind_mf_maintenance_retinoid.yaml,indications,rationale,rationale_ua,drafted_v2plus,pending_clinical_signoff,claude_ua_07,2,546,707,56,,
knowledge_base/hosted/content/indications/ind_mm_1l_dara_rd.yaml,indications,rationale,rationale_ua,drafted_pending,pending_clinical_signoff,claude_extraction,1,778,677,58,,
knowledge_base/hosted/content/indications/ind_mm_1l_dvrd.yaml,indications,rationale,rationale_ua,drafted_v2plus,pending_clinical_signoff,claude_ua_07,2,472,583,56,,
knowledge_base/hosted/content/indications/ind_mm_1l_rd.yaml,indications,rationale,rationale_ua,drafted_pending,pending_clinical_signoff,claude_extraction,1,678,609,58,,
knowledge_base/hosted/content/indications/ind_mm_1l_vrd.yaml,indications,rationale,rationale_ua,drafted_v2plus,pending_clinical_signoff,claude_ua_07,2,550,657,56,,
knowledge_base/hosted/content/indications/ind_mm_2l_dkd.yaml,indications,rationale,rationale_ua,drafted_v2plus,pending_clinical_signoff,claude_ua_07,2,672,964,56,,
knowledge_base/hosted/content/indications/ind_mm_3l_isa_kd.yaml,indications,rationale,rationale_ua,drafted_v2plus,pending_clinical_signoff,claude_ua_07,2,676,831,56,,
knowledge_base/hosted/content/indications/ind_mm_4l_ciltacel_cart.yaml,indications,rationale,rationale_ua,drafted_v2plus,pending_clinical_signoff,claude_ua_07,2,1215,1639,56,,
knowledge_base/hosted/content/indications/ind_mm_4l_teclistamab.yaml,indications,rationale,rationale_ua,drafted_pending,pending_clinical_signoff,claude_extraction,1,764,795,58,,
knowledge_base/hosted/content/indications/ind_mm_elderly_frail_vrd_light.yaml,indications,rationale,rationale_ua,drafted_v2plus,pending_clinical_signoff,claude_ua_07,2,979,1266,56,,
knowledge_base/hosted/content/indications/ind_mm_post_asct_lenalidomide_maintenance.yaml,indications,rationale,rationale_ua,drafted_pending,pending_clinical_signoff,claude_extraction,1,680,698,58,,
knowledge_base/hosted/content/indications/ind_mpn_secondary_leukemia_prevention_observation.yaml,indications,rationale,rationale_ua,drafted_pending,pending_clinical_signoff,claude_v0_3_chronic_condition_pilot,1,2454,1470,50,,
knowledge_base/hosted/content/indications/ind_mpn_secondary_leukemia_prevention_surveillance.yaml,indications,rationale,rationale_ua,drafted_pending,pending_clinical_signoff,claude_v0_3_chronic_condition_pilot,1,3016,1663,50,,
knowledge_base/hosted/content/indications/ind_mpnst_doxorubicin_ifosfamide.yaml,indications,rationale,rationale_ua,drafted_v2plus,pending_clinical_signoff,claude_ua_07,2,231,317,56,,
knowledge_base/hosted/content/indications/ind_mtc_advanced_1l_cabozantinib_ret_wt.yaml,indications,rationale,rationale_ua,drafted_v2plus,pending_clinical_signoff,claude_ua_07,2,707,905,56,,
knowledge_base/hosted/content/indications/ind_mtc_advanced_1l_selpercatinib.yaml,indications,rationale,rationale_ua,drafted_v2plus,pending_clinical_signoff,claude_ua_07,2,593,920,56,,
knowledge_base/hosted/content/indications/ind_nk_t_nasal_1l_p_gemox.yaml,indications,rationale,rationale_ua,drafted_v2plus,pending_clinical_signoff,claude_ua_07,2,599,838,56,,
knowledge_base/hosted/content/indications/ind_nk_t_nasal_1l_smile.yaml,indications,rationale,rationale_ua,drafted_v2plus,pending_clinical_signoff,claude_ua_07,2,328,493,56,,
knowledge_base/hosted/content/indications/ind_nk_t_nasal_2l_avelumab.yaml,indications,rationale,rationale_ua,drafted_v2plus,pending_clinical_signoff,claude_ua_07,2,564,841,56,,
knowledge_base/hosted/content/indications/ind_nlpbl_1l_observation_or_rt.yaml,indications,rationale,rationale_ua,drafted_v2plus,pending_clinical_signoff,claude_ua_07,2,261,381,56,,
knowledge_base/hosted/content/indications/ind_nlpbl_1l_rituximab_mono.yaml,indications,rationale,rationale_ua,drafted_v2plus,pending_clinical_signoff,claude_ua_07,2,535,726,56,,
knowledge_base/hosted/content/indications/ind_nlpbl_2l_rchop_transformation.yaml,indications,rationale,rationale_ua,drafted_v2plus,pending_clinical_signoff,claude_ua_07,2,578,698,56,,
knowledge_base/hosted/content/indications/ind_nmzl_1l_br.yaml,indications,rationale,rationale_ua,drafted_v2plus,pending_clinical_signoff,claude_ua_07,2,239,364,56,,
knowledge_base/hosted/content/indications/ind_nmzl_1l_hcv_positive.yaml,indications,rationale,rationale_ua,drafted_v2plus,pending_clinical_signoff,claude_ua_07,2,572,637,56,,
knowledge_base/hosted/content/indications/ind_nmzl_1l_watch.yaml,indications,rationale,rationale_ua,drafted_v2plus,pending_clinical_signoff,claude_ua_07,2,262,374,56,,
knowledge_base/hosted/content/indications/ind_nmzl_2l_br.yaml,indications,rationale,rationale_ua,drafted_v2plus,pending_clinical_signoff,claude_ua_07,2,286,457,56,,
knowledge_base/hosted/content/indications/ind_nsclc_2l_braf_v600e_dab_tram.yaml,indications,rationale,rationale_ua,drafted_v2plus,pending_clinical_signoff,claude_ua_07,2,717,1049,56,,
knowledge_base/hosted/content/indications/ind_nsclc_2l_dato_dxd.yaml,indications,rationale,rationale_ua,drafted_v2plus,pending_clinical_signoff,claude_ua_07,2,853,1135,56,,
knowledge_base/hosted/content/indications/ind_nsclc_2l_docetaxel_ramucirumab.yaml,indications,rationale,rationale_ua,drafted_v2plus,pending_clinical_signoff,claude_ua_07,2,560,728,56,,
knowledge_base/hosted/content/indications/ind_nsclc_2l_egfr_ex20ins_amivantamab.yaml,indications,rationale,rationale_ua,drafted_v2plus,pending_clinical_signoff,claude_ua_07,2,793,1004,56,,
knowledge_base/hosted/content/indications/ind_nsclc_2l_egfr_post_osi_ami_laz.yaml,indications,rationale,rationale_ua,drafted_v2plus,pending_clinical_signoff,claude_ua_07,2,796,1006,56,,
knowledge_base/hosted/content/indications/ind_nsclc_2l_her2_mut_t_dxd.yaml,indications,rationale,rationale_ua,drafted_v2plus,pending_clinical_signoff,claude_ua_07,2,857,1293,56,,
knowledge_base/hosted/content/indications/ind_nsclc_2l_kras_g12c_adagrasib.yaml,indications,rationale,rationale_ua,drafted_v2plus,pending_clinical_signoff,claude_ua_07,2,618,894,56,,
knowledge_base/hosted/content/indications/ind_nsclc_2l_kras_g12c_sotorasib.yaml,indications,rationale,rationale_ua,drafted_v2plus,pending_clinical_signoff,claude_ua_07,2,728,1000,56,,
knowledge_base/hosted/content/indications/ind_nsclc_2l_met_amp_capmatinib.yaml,indications,rationale,rationale_ua,drafted_v2plus,pending_clinical_signoff,claude_ua_07,2,982,1284,56,,
knowledge_base/hosted/content/indications/ind_nsclc_2l_met_ex14_capmatinib.yaml,indications,rationale,rationale_ua,drafted_v2plus,pending_clinical_signoff,claude_ua_07,2,601,901,56,,
knowledge_base/hosted/content/indications/ind_nsclc_2l_met_ex14_tepotinib.yaml,indications,rationale,rationale_ua,drafted_v2plus,pending_clinical_signoff,claude_ua_07,2,493,670,56,,
knowledge_base/hosted/content/indications/ind_nsclc_2l_ntrk_larotrectinib.yaml,indications,rationale,rationale_ua,drafted_v2plus,pending_clinical_signoff,claude_ua_07,2,702,872,56,,
knowledge_base/hosted/content/indications/ind_nsclc_2l_pdl1_post_io_docetaxel.yaml,indications,rationale,rationale_ua,drafted_v2plus,pending_clinical_signoff,claude_ua_07,2,753,987,56,,
knowledge_base/hosted/content/indications/ind_nsclc_2l_ret_fusion_selpercatinib.yaml,indications,rationale,rationale_ua,drafted_v2plus,pending_clinical_signoff,claude_ua_07,2,652,947,56,,
knowledge_base/hosted/content/indications/ind_nsclc_2l_ros1_post_criz_entrectinib.yaml,indications,rationale,rationale_ua,drafted_v2plus,pending_clinical_signoff,claude_ua_07,2,650,847,56,,
knowledge_base/hosted/content/indications/ind_nsclc_2l_ros1_repotrectinib.yaml,indications,rationale,rationale_ua,drafted_v2plus,pending_clinical_signoff,claude_ua_07,2,687,928,56,,
knowledge_base/hosted/content/indications/ind_nsclc_3l_driver_beyond_2l.yaml,indications,rationale,rationale_ua,drafted_v2plus,pending_clinical_signoff,claude_ua_07,2,804,1026,56,,
knowledge_base/hosted/content/indications/ind_nsclc_3l_osi_failure_ami.yaml,indications,rationale,rationale_ua,drafted_v2plus,pending_clinical_signoff,claude_ua_07,2,973,1264,56,,
knowledge_base/hosted/content/indications/ind_nsclc_adjuvant_atezo_pdl1pos.yaml,indications,rationale,rationale_ua,drafted_v2plus,pending_clinical_signoff,claude_ua_07,2,748,838,56,,
knowledge_base/hosted/content/indications/ind_nsclc_alk_1l_ensartinib.yaml,indications,rationale,rationale_ua,drafted_v2plus,pending_clinical_signoff,claude_ua_07,2,751,1040,56,,
knowledge_base/hosted/content/indications/ind_nsclc_alk_2l_lorlatinib.yaml,indications,rationale,rationale_ua,drafted_v2plus,pending_clinical_signoff,claude_ua_07,2,733,953,56,,
knowledge_base/hosted/content/indications/ind_nsclc_alk_maint_alectinib.yaml,indications,rationale,rationale_ua,drafted_v2plus,pending_clinical_signoff,claude_ua_07,2,664,881,56,,
knowledge_base/hosted/content/indications/ind_nsclc_egfr_1l_ami_laz.yaml,indications,rationale,rationale_ua,drafted_v2plus,pending_clinical_signoff,claude_ua_07,2,877,1130,56,,
knowledge_base/hosted/content/indications/ind_nsclc_egfr_1l_osi_chemo.yaml,indications,rationale,rationale_ua,drafted_v2plus,pending_clinical_signoff,claude_ua_07,2,1066,1294,56,,
knowledge_base/hosted/content/indications/ind_nsclc_egfr_maint_osimertinib.yaml,indications,rationale,rationale_ua,drafted_v2plus,pending_clinical_signoff,claude_ua_07,2,680,944,56,,
knowledge_base/hosted/content/indications/ind_nsclc_egfr_post_osi_patritumab_dxd.yaml,indications,rationale,rationale_ua,drafted_v2plus,pending_clinical_signoff,claude_ua_07,2,783,1032,56,,
knowledge_base/hosted/content/indications/ind_nsclc_elderly_carbo_pem_mod.yaml,indications,rationale,rationale_ua,drafted_v2plus,pending_clinical_signoff,claude_ua_07,2,1010,1166,56,,
knowledge_base/hosted/content/indications/ind_nsclc_nrg1_zenocutuzumab.yaml,indications,rationale,rationale_ua,drafted_v2plus,pending_clinical_signoff,claude_ua_07,2,844,1040,56,,
knowledge_base/hosted/content/indications/ind_nsclc_pdl1_22c3_pembro_clone_specific.yaml,indications,rationale,rationale_ua,drafted_v2plus,pending_clinical_signoff,claude_ua_07,2,1033,1097,56,,
knowledge_base/hosted/content/indications/ind_nsclc_pembro_maintenance_post_chemo.yaml,indications,rationale,rationale_ua,drafted_v2plus,pending_clinical_signoff,claude_ua_07,2,645,771,56,,
knowledge_base/hosted/content/indications/ind_nsclc_perioperative_pembro.yaml,indications,rationale,rationale_ua,drafted_v2plus,pending_clinical_signoff,claude_ua_07,2,2143,1383,56,,
knowledge_base/hosted/content/indications/ind_nsclc_ros1_1l_repotrectinib.yaml,indications,rationale,rationale_ua,drafted_v2plus,pending_clinical_signoff,claude_ua_07,2,875,1197,56,,
knowledge_base/hosted/content/indications/ind_occ_aromatic_amines_prevention_observation.yaml,indications,rationale,rationale_ua,drafted_pending,pending_clinical_signoff,claude_v03_completion,1,273,98,50,,
knowledge_base/hosted/content/indications/ind_occ_aromatic_amines_prevention_surveillance.yaml,indications,rationale,rationale_ua,drafted_pending,pending_clinical_signoff,claude_v03_completion,1,781,472,50,,
knowledge_base/hosted/content/indications/ind_occ_asbestos_prevention_intensified_surveillance.yaml,indications,rationale,rationale_ua,drafted_pending,pending_clinical_signoff,claude_v0_3_occupational_pilot,1,3370,3444,50,,
knowledge_base/hosted/content/indications/ind_occ_asbestos_prevention_observation.yaml,indications,rationale,rationale_ua,drafted_pending,pending_clinical_signoff,claude_v0_3_occupational_pilot,1,2185,2277,50,,
knowledge_base/hosted/content/indications/ind_occ_benzene_prevention_intensified_surveillance.yaml,indications,rationale,rationale_ua,drafted_pending,pending_clinical_signoff,claude_v0_3_occupational_pilot,1,3064,2317,50,,
knowledge_base/hosted/content/indications/ind_occ_benzene_prevention_observation.yaml,indications,rationale,rationale_ua,drafted_pending,pending_clinical_signoff,claude_v0_3_occupational_pilot,1,1951,1713,50,,
knowledge_base/hosted/content/indications/ind_occ_diesel_exhaust_prevention_intensified_surveillance.yaml,indications,rationale,rationale_ua,drafted_pending,pending_clinical_signoff,claude_v0_3_occupational_batch2,1,2033,1366,50,,
knowledge_base/hosted/content/indications/ind_occ_diesel_exhaust_prevention_observation.yaml,indications,rationale,rationale_ua,drafted_pending,pending_clinical_signoff,claude_v0_3_occupational_batch2,1,1895,1051,50,,
knowledge_base/hosted/content/indications/ind_occ_firefighter_prevention_intensified_surveillance.yaml,indications,rationale,rationale_ua,drafted_pending,pending_clinical_signoff,claude_v0_3_occupational_batch2,1,2228,1564,50,,
knowledge_base/hosted/content/indications/ind_occ_firefighter_prevention_observation.yaml,indications,rationale,rationale_ua,drafted_pending,pending_clinical_signoff,claude_v0_3_occupational_batch2,1,1766,1359,50,,
knowledge_base/hosted/content/indications/ind_occ_formaldehyde_prevention_intensified_surveillance.yaml,indications,rationale,rationale_ua,drafted_pending,pending_clinical_signoff,claude_v0_3_occupational_batch2,1,1696,1699,50,,
knowledge_base/hosted/content/indications/ind_occ_formaldehyde_prevention_observation.yaml,indications,rationale,rationale_ua,drafted_pending,pending_clinical_signoff,claude_v0_3_occupational_batch2,1,1540,1104,50,,
knowledge_base/hosted/content/indications/ind_occ_ionizing_radiation_prevention_intensified_surveillance.yaml,indications,rationale,rationale_ua,drafted_pending,pending_clinical_signoff,claude_v0_3_occupational_batch2,1,2344,2120,50,,
knowledge_base/hosted/content/indications/ind_occ_ionizing_radiation_prevention_observation.yaml,indications,rationale,rationale_ua,drafted_pending,pending_clinical_signoff,claude_v0_3_occupational_batch2,1,1874,1384,50,,
knowledge_base/hosted/content/indications/ind_occ_pah_prevention_intensified_surveillance.yaml,indications,rationale,rationale_ua,drafted_pending,pending_clinical_signoff,claude_v0_3_occupational_batch2,1,1735,1573,50,,
knowledge_base/hosted/content/indications/ind_occ_pah_prevention_observation.yaml,indications,rationale,rationale_ua,drafted_pending,pending_clinical_signoff,claude_v0_3_occupational_batch2,1,1540,1372,50,,
knowledge_base/hosted/content/indications/ind_occ_painters_prevention_intensified_surveillance.yaml,indications,rationale,rationale_ua,drafted_pending,pending_clinical_signoff,claude_v0_3_occupational_batch2,1,1601,1417,50,,
knowledge_base/hosted/content/indications/ind_occ_painters_prevention_observation.yaml,indications,rationale,rationale_ua,drafted_pending,pending_clinical_signoff,claude_v0_3_occupational_batch2,1,1492,1241,50,,
knowledge_base/hosted/content/indications/ind_occ_silica_prevention_intensified_surveillance.yaml,indications,rationale,rationale_ua,drafted_pending,pending_clinical_signoff,claude_v0_3_occupational_batch2,1,2156,1789,50,,
knowledge_base/hosted/content/indications/ind_occ_silica_prevention_observation.yaml,indications,rationale,rationale_ua,drafted_pending,pending_clinical_signoff,claude_v0_3_occupational_batch2,1,1588,1274,50,,
knowledge_base/hosted/content/indications/ind_occ_vinyl_chloride_prevention_observation.yaml,indications,rationale,rationale_ua,drafted_pending,pending_clinical_signoff,claude_v03_completion,1,93,96,50,,
knowledge_base/hosted/content/indications/ind_occ_vinyl_chloride_prevention_surveillance.yaml,indications,rationale,rationale_ua,drafted_pending,pending_clinical_signoff,claude_v03_completion,1,292,140,50,,
knowledge_base/hosted/content/indications/ind_occ_wood_leather_dust_prevention_intensified_surveillance.yaml,indications,rationale,rationale_ua,drafted_pending,pending_clinical_signoff,claude_v0_3_occupational_batch2,1,1592,1516,50,,
knowledge_base/hosted/content/indications/ind_occ_wood_leather_dust_prevention_observation.yaml,indications,rationale,rationale_ua,drafted_pending,pending_clinical_signoff,claude_v0_3_occupational_batch2,1,1311,1220,50,,
knowledge_base/hosted/content/indications/ind_opisthorchis_cholangio_prevention_observation.yaml,indications,rationale,rationale_ua,drafted_pending,pending_clinical_signoff,claude_v0_2_a_anchor,1,456,345,50,,
knowledge_base/hosted/content/indications/ind_opisthorchis_cholangio_prevention_treatment.yaml,indications,rationale,rationale_ua,drafted_pending,pending_clinical_signoff,claude_v0_2_a_anchor,1,695,705,50,,
knowledge_base/hosted/content/indications/ind_ovarian_2l_plat_res_mirvetuximab.yaml,indications,rationale,rationale_ua,drafted_v2plus,pending_clinical_signoff,claude_ua_07,2,398,679,56,,
knowledge_base/hosted/content/indications/ind_ovarian_2l_plat_res_pld_bev.yaml,indications,rationale,rationale_ua,drafted_v2plus,pending_clinical_signoff,claude_ua_07,2,234,347,56,,
knowledge_base/hosted/content/indications/ind_ovarian_2l_plat_res_topotecan.yaml,indications,rationale,rationale_ua,drafted_v2plus,pending_clinical_signoff,claude_ua_07,2,352,450,56,,
knowledge_base/hosted/content/indications/ind_ovarian_2l_plat_res_weekly_pac_bev.yaml,indications,rationale,rationale_ua,drafted_v2plus,pending_clinical_signoff,claude_ua_07,2,307,387,56,,
knowledge_base/hosted/content/indications/ind_ovarian_2l_plat_sens_carbo_gem_bev.yaml,indications,rationale,rationale_ua,drafted_v2plus,pending_clinical_signoff,claude_ua_07,2,353,487,56,,
knowledge_base/hosted/content/indications/ind_ovarian_2l_plat_sens_carbo_pld_bev.yaml,indications,rationale,rationale_ua,drafted_v2plus,pending_clinical_signoff,claude_ua_07,2,543,719,56,,
knowledge_base/hosted/content/indications/ind_ovarian_3l_post_parpi_post_mirve.yaml,indications,rationale,rationale_ua,drafted_v2plus,pending_clinical_signoff,claude_ua_07,2,874,1094,56,,
knowledge_base/hosted/content/indications/ind_ovarian_3l_trabectedin_pld.yaml,indications,rationale,rationale_ua,drafted_v2plus,pending_clinical_signoff,claude_ua_07,2,313,436,56,,
knowledge_base/hosted/content/indications/ind_ovarian_advanced_1l_carbo_pacli_hrd_neg.yaml,indications,rationale,rationale_ua,drafted_v2plus,pending_clinical_signoff,claude_ua_07,2,261,466,56,,
knowledge_base/hosted/content/indications/ind_ovarian_advanced_1l_carbo_pacli_hrd_olap.yaml,indications,rationale,rationale_ua,drafted_v2plus,pending_clinical_signoff,claude_ua_07,2,166,265,56,,
knowledge_base/hosted/content/indications/ind_ovarian_maint_bev.yaml,indications,rationale,rationale_ua,drafted_v2plus,pending_clinical_signoff,claude_ua_07,2,929,1222,56,,
knowledge_base/hosted/content/indications/ind_ovarian_maint_parpi_brcam_olaparib.yaml,indications,rationale,rationale_ua,drafted_v2plus,pending_clinical_signoff,claude_ua_07,2,250,327,56,,
knowledge_base/hosted/content/indications/ind_ovarian_maint_parpi_hrd_niraparib.yaml,indications,rationale,rationale_ua,drafted_v2plus,pending_clinical_signoff,claude_ua_07,2,364,452,56,,
knowledge_base/hosted/content/indications/ind_ovarian_maint_parpi_rucaparib.yaml,indications,rationale,rationale_ua,drafted_v2plus,pending_clinical_signoff,claude_ua_07,2,393,503,56,,
knowledge_base/hosted/content/indications/ind_ovarian_maintenance_olaparib.yaml,indications,rationale,rationale_ua,drafted_v2plus,pending_clinical_signoff,claude_ua_07,2,111,187,56,,
knowledge_base/hosted/content/indications/ind_pan_ntrk_2l_repotrectinib.yaml,indications,rationale,rationale_ua,drafted_v2plus,pending_clinical_signoff,claude_ua_08,2,915,827,56,,
knowledge_base/hosted/content/indications/ind_pcnsl_1l_matrix.yaml,indications,rationale,rationale_ua,drafted_v2plus,pending_clinical_signoff,claude_ua_08,2,287,296,56,,
knowledge_base/hosted/content/indications/ind_pcnsl_1l_r_mpv.yaml,indications,rationale,rationale_ua,drafted_v2plus,pending_clinical_signoff,claude_ua_08,2,250,315,56,,
knowledge_base/hosted/content/indications/ind_pcnsl_2l_rmpv_salvage.yaml,indications,rationale,rationale_ua,drafted_v2plus,pending_clinical_signoff,claude_ua_08,2,506,655,56,,
knowledge_base/hosted/content/indications/ind_pdac_adjuvant_mfolfirinox.yaml,indications,rationale,rationale_ua,drafted_v2plus,pending_clinical_signoff,claude_ua_08,2,1191,1156,56,,
knowledge_base/hosted/content/indications/ind_pdac_borderline_resectable_neoadj_folfirinox.yaml,indications,rationale,rationale_ua,drafted_v2plus,pending_clinical_signoff,claude_ua_08,2,2844,2647,56,,
knowledge_base/hosted/content/indications/ind_pdac_lapc_chemoradiation.yaml,indications,rationale,rationale_ua,drafted_v2plus,pending_clinical_signoff,claude_ua_08,2,1836,1981,56,,
knowledge_base/hosted/content/indications/ind_pdac_maintenance_olaparib_brca.yaml,indications,rationale,rationale_ua,drafted_v2plus,pending_clinical_signoff,claude_ua_08,2,183,298,56,,
knowledge_base/hosted/content/indications/ind_pdac_metastatic_1l_folfirinox.yaml,indications,rationale,rationale_ua,drafted_v2plus,pending_clinical_signoff,claude_ua_08,2,114,164,56,,
knowledge_base/hosted/content/indications/ind_pdac_metastatic_1l_gem_nab_pac.yaml,indications,rationale,rationale_ua,drafted_pending,pending_clinical_signoff,claude_extraction,1,182,179,58,,
knowledge_base/hosted/content/indications/ind_pdac_metastatic_1l_nalirifox.yaml,indications,rationale,rationale_ua,drafted_v2plus,pending_clinical_signoff,claude_ua_08,2,1060,1070,56,,
knowledge_base/hosted/content/indications/ind_pdac_metastatic_2l_nal_iri.yaml,indications,rationale,rationale_ua,drafted_v2plus,pending_clinical_signoff,claude_ua_08,2,964,832,56,,
knowledge_base/hosted/content/indications/ind_peutz_jeghers_carrier_intensified.yaml,indications,rationale,rationale_ua,drafted_pending,pending_clinical_signoff,claude_v02b_confirmed_carriers_additional,1,2389,1179,50,,
knowledge_base/hosted/content/indications/ind_peutz_jeghers_carrier_surveillance.yaml,indications,rationale,rationale_ua,drafted_pending,pending_clinical_signoff,claude_v02b_confirmed_carriers_additional,1,2565,1390,50,,
knowledge_base/hosted/content/indications/ind_peutz_jeghers_suspicion_prevention_enhanced_surveillance.yaml,indications,rationale,rationale_ua,drafted_pending,pending_clinical_signoff,claude_v03_completion,1,451,453,50,,
knowledge_base/hosted/content/indications/ind_peutz_jeghers_suspicion_prevention_genetic_counseling.yaml,indications,rationale,rationale_ua,drafted_pending,pending_clinical_signoff,claude_v03_completion,1,1242,1088,50,,
knowledge_base/hosted/content/indications/ind_pmbcl_1l_da_epoch_r.yaml,indications,rationale,rationale_ua,drafted_v2plus,pending_clinical_signoff,claude_ua_08,2,343,386,56,,
knowledge_base/hosted/content/indications/ind_pmbcl_1l_rchop_rt.yaml,indications,rationale,rationale_ua,drafted_v2plus,pending_clinical_signoff,claude_ua_08,2,253,289,56,,
knowledge_base/hosted/content/indications/ind_pmbcl_2l_rice_autosct.yaml,indications,rationale,rationale_ua,drafted_v2plus,pending_clinical_signoff,claude_ua_08,2,407,503,56,,
knowledge_base/hosted/content/indications/ind_pmf_1l_observation.yaml,indications,rationale,rationale_ua,drafted_v2plus,pending_clinical_signoff,claude_ua_08,2,385,523,56,,
knowledge_base/hosted/content/indications/ind_pmf_1l_ruxolitinib.yaml,indications,rationale,rationale_ua,drafted_v2plus,pending_clinical_signoff,claude_ua_08,2,433,533,56,,
knowledge_base/hosted/content/indications/ind_pmf_2l_fedratinib.yaml,indications,rationale,rationale_ua,drafted_v2plus,pending_clinical_signoff,claude_ua_08,2,592,692,56,,
knowledge_base/hosted/content/indications/ind_pmf_allohct_high_risk.yaml,indications,rationale,rationale_ua,drafted_pending,pending_clinical_signoff,claude_extraction,1,1006,1048,58,,
knowledge_base/hosted/content/indications/ind_pmf_momelotinib_anemia.yaml,indications,rationale,rationale_ua,drafted_v2plus,pending_clinical_signoff,claude_ua_08,2,656,785,56,,
knowledge_base/hosted/content/indications/ind_pnet_metastatic_1l_everolimus.yaml,indications,rationale,rationale_ua,drafted_v2plus,pending_clinical_signoff,claude_ua_08,2,547,622,56,,
knowledge_base/hosted/content/indications/ind_prostate_mcrpc_2l_cabazitaxel.yaml,indications,rationale,rationale_ua,drafted_v2plus,pending_clinical_signoff,claude_ua_08,2,608,572,56,,
knowledge_base/hosted/content/indications/ind_prostate_mcrpc_2l_docetaxel.yaml,indications,rationale,rationale_ua,drafted_v2plus,pending_clinical_signoff,claude_ua_08,2,707,729,56,,
knowledge_base/hosted/content/indications/ind_prostate_mcrpc_2l_lu_psma.yaml,indications,rationale,rationale_ua,drafted_pending,pending_clinical_signoff,claude_extraction,1,915,429,58,,
knowledge_base/hosted/content/indications/ind_prostate_mcrpc_2l_radium223.yaml,indications,rationale,rationale_ua,drafted_v2plus,pending_clinical_signoff,claude_ua_08,2,910,374,56,,
knowledge_base/hosted/content/indications/ind_psc_cholangiocarcinoma_prevention_observation.yaml,indications,rationale,rationale_ua,drafted_pending,pending_clinical_signoff,claude_v03_completion,1,329,371,50,,
knowledge_base/hosted/content/indications/ind_psc_cholangiocarcinoma_prevention_surveillance.yaml,indications,rationale,rationale_ua,drafted_pending,pending_clinical_signoff,claude_v03_completion,1,898,794,50,,
knowledge_base/hosted/content/indications/ind_ptcl_1l_choep_allosct.yaml,indications,rationale,rationale_ua,drafted_v2plus,pending_clinical_signoff,claude_ua_08,2,669,724,56,,
knowledge_base/hosted/content/indications/ind_ptcl_2l_pralatrexate.yaml,indications,rationale,rationale_ua,drafted_v2plus,pending_clinical_signoff,claude_ua_08,2,577,714,56,,
knowledge_base/hosted/content/indications/ind_ptcl_2l_romidepsin.yaml,indications,rationale,rationale_ua,drafted_v2plus,pending_clinical_signoff,claude_ua_08,2,412,564,56,,
knowledge_base/hosted/content/indications/ind_ptld_1l_rchop.yaml,indications,rationale,rationale_ua,drafted_pending,pending_clinical_signoff,claude_extraction,1,283,301,58,,
knowledge_base/hosted/content/indications/ind_ptld_1l_reduce_is.yaml,indications,rationale,rationale_ua,drafted_v2plus,pending_clinical_signoff,claude_ua_08,2,314,387,56,,
knowledge_base/hosted/content/indications/ind_ptld_maintenance_rituximab.yaml,indications,rationale,rationale_ua,drafted_v2plus,pending_clinical_signoff,claude_ua_08,2,585,726,56,,
knowledge_base/hosted/content/indications/ind_pv_1l_hu.yaml,indications,rationale,rationale_ua,drafted_v2plus,pending_clinical_signoff,claude_ua_08,2,438,557,56,,
knowledge_base/hosted/content/indications/ind_pv_1l_phlebotomy_asa.yaml,indications,rationale,rationale_ua,drafted_v2plus,pending_clinical_signoff,claude_ua_08,2,427,508,56,,
knowledge_base/hosted/content/indications/ind_pv_1l_ropeginterferon.yaml,indications,rationale,rationale_ua,drafted_pending,pending_clinical_signoff,claude_extraction,1,877,906,58,,
knowledge_base/hosted/content/indications/ind_pv_2l_ruxolitinib.yaml,indications,rationale,rationale_ua,drafted_v2plus,pending_clinical_signoff,claude_ua_08,2,721,853,56,,
knowledge_base/hosted/content/indications/ind_pv_anagrelide_continuous.yaml,indications,rationale,rationale_ua,drafted_v2plus,pending_clinical_signoff,claude_ua_08,2,878,1113,56,,
knowledge_base/hosted/content/indications/ind_pv_pregnancy_peg_ifn.yaml,indications,rationale,rationale_ua,drafted_v2plus,pending_clinical_signoff,claude_ua_08,2,991,1237,56,,
knowledge_base/hosted/content/indications/ind_radon_prevention_mitigation_and_screening.yaml,indications,rationale,rationale_ua,drafted_pending,pending_clinical_signoff,claude_v03_completion,1,974,959,50,,
knowledge_base/hosted/content/indications/ind_radon_prevention_observation.yaml,indications,rationale,rationale_ua,drafted_pending,pending_clinical_signoff,claude_v03_completion,1,310,347,50,,
knowledge_base/hosted/content/indications/ind_rcc_adjuvant_pembro.yaml,indications,rationale,rationale_ua,drafted_pending,pending_clinical_signoff,claude_extraction,1,587,223,57,,
knowledge_base/hosted/content/indications/ind_rcc_metastatic_1l_lenv_pembro.yaml,indications,rationale,rationale_ua,drafted_v2plus,pending_clinical_signoff,claude_ua_08,2,588,694,56,,
knowledge_base/hosted/content/indications/ind_rcc_metastatic_1l_nivo_cabo.yaml,indications,rationale,rationale_ua,drafted_pending,pending_clinical_signoff,claude_extraction,1,615,208,57,,
knowledge_base/hosted/content/indications/ind_rcc_metastatic_2l_cabozantinib.yaml,indications,rationale,rationale_ua,drafted_v2plus,pending_clinical_signoff,claude_ua_08,2,388,469,56,,
knowledge_base/hosted/content/indications/ind_rcc_non_clear_cell_1l_cabozantinib.yaml,indications,rationale,rationale_ua,drafted_v2plus,pending_clinical_signoff,claude_ua_08,2,602,661,56,,
knowledge_base/hosted/content/indications/ind_rectal_tnt_long_course_prodige23.yaml,indications,rationale,rationale_ua,drafted_v2plus,pending_clinical_signoff,claude_ua_08,2,2558,1994,56,,
knowledge_base/hosted/content/indications/ind_rectal_tnt_short_course_rapido.yaml,indications,rationale,rationale_ua,drafted_v2plus,pending_clinical_signoff,claude_ua_08,2,1942,1557,56,,
knowledge_base/hosted/content/indications/ind_reproductive_breast_endometrial_prevention_counseling.yaml,indications,rationale,rationale_ua,drafted_pending,pending_clinical_signoff,claude_v03_completion,1,1278,541,50,,
knowledge_base/hosted/content/indications/ind_reproductive_breast_endometrial_prevention_observation.yaml,indications,rationale,rationale_ua,drafted_pending,pending_clinical_signoff,claude_v03_completion,1,206,98,50,,
knowledge_base/hosted/content/indications/ind_reproductive_late_first_pregnancy_prevention_counseling.yaml,indications,rationale,rationale_ua,drafted_pending,pending_clinical_signoff,claude_v03_lifestyle_iatrogenic_batch2,1,1826,929,50,,
knowledge_base/hosted/content/indications/ind_reproductive_late_first_pregnancy_prevention_observation.yaml,indications,rationale,rationale_ua,drafted_pending,pending_clinical_signoff,claude_v03_lifestyle_iatrogenic_batch2,1,423,296,50,,
knowledge_base/hosted/content/indications/ind_reproductive_ocp_long_term_counseling.yaml,indications,rationale,rationale_ua,drafted_pending,pending_clinical_signoff,claude_v03_lifestyle_iatrogenic_batch2,1,1911,1115,50,,
knowledge_base/hosted/content/indications/ind_reproductive_ocp_long_term_observation.yaml,indications,rationale,rationale_ua,drafted_pending,pending_clinical_signoff,claude_v03_lifestyle_iatrogenic_batch2,1,407,241,50,,
knowledge_base/hosted/content/indications/ind_salivary_palliative_paclitaxel_carbo.yaml,indications,rationale,rationale_ua,drafted_v2plus,pending_clinical_signoff,claude_ua_08,2,170,210,56,,
knowledge_base/hosted/content/indications/ind_schistosoma_haematobium_prevention_observation.yaml,indications,rationale,rationale_ua,drafted_pending,pending_clinical_signoff,claude_v0_2_a_anchor,1,528,443,50,,
knowledge_base/hosted/content/indications/ind_schistosoma_haematobium_prevention_treatment.yaml,indications,rationale,rationale_ua,drafted_pending,pending_clinical_signoff,claude_v0_2_a_anchor,1,687,634,50,,
knowledge_base/hosted/content/indications/ind_sclc_ls_consolidation_durva.yaml,indications,rationale,rationale_ua,drafted_v2plus,pending_clinical_signoff,claude_ua_08,2,425,479,56,,
knowledge_base/hosted/content/indications/ind_sclc_platinum_rechallenge.yaml,indications,rationale,rationale_ua,drafted_v2plus,pending_clinical_signoff,claude_ua_08,2,653,489,56,,
knowledge_base/hosted/content/indications/ind_sclc_rr_lurbinectedin.yaml,indications,rationale,rationale_ua,drafted_v2plus,pending_clinical_signoff,claude_ua_08,2,1364,1386,56,,
knowledge_base/hosted/content/indications/ind_sclc_rr_tarlatamab.yaml,indications,rationale,rationale_ua,drafted_v2plus,pending_clinical_signoff,claude_ua_08,2,2532,2381,56,,
knowledge_base/hosted/content/indications/ind_sclc_rr_topotecan.yaml,indications,rationale,rationale_ua,drafted_v2plus,pending_clinical_signoff,claude_ua_08,2,814,890,56,,
knowledge_base/hosted/content/indications/ind_scleroderma_lung_prevention_observation.yaml,indications,rationale,rationale_ua,drafted_pending,pending_clinical_signoff,claude_v0_3_chronic_condition_pilot,1,1902,1416,50,,
knowledge_base/hosted/content/indications/ind_scleroderma_lung_prevention_surveillance.yaml,indications,rationale,rationale_ua,drafted_pending,pending_clinical_signoff,claude_v0_3_chronic_condition_pilot,1,2298,1491,50,,
knowledge_base/hosted/content/indications/ind_sdh_carrier_intensified.yaml,indications,rationale,rationale_ua,drafted_pending,pending_clinical_signoff,claude_v02b_confirmed_carriers_additional,1,2400,1608,50,,
knowledge_base/hosted/content/indications/ind_sdh_carrier_surveillance.yaml,indications,rationale,rationale_ua,drafted_pending,pending_clinical_signoff,claude_v02b_confirmed_carriers_additional,1,2809,1922,50,,
knowledge_base/hosted/content/indications/ind_sdh_suspicion_prevention_enhanced_surveillance.yaml,indications,rationale,rationale_ua,drafted_pending,pending_clinical_signoff,claude_v03_more_hereditary,1,148,71,50,,
knowledge_base/hosted/content/indications/ind_sdh_suspicion_prevention_genetic_counseling.yaml,indications,rationale,rationale_ua,drafted_pending,pending_clinical_signoff,claude_v03_more_hereditary,1,664,303,50,,
knowledge_base/hosted/content/indications/ind_sjogren_malt_lymphoma_prevention_observation.yaml,indications,rationale,rationale_ua,drafted_pending,pending_clinical_signoff,claude_v0_3_chronic_condition_pilot,1,2192,1665,50,,
knowledge_base/hosted/content/indications/ind_sjogren_malt_lymphoma_prevention_surveillance.yaml,indications,rationale,rationale_ua,drafted_pending,pending_clinical_signoff,claude_v0_3_chronic_condition_pilot,1,2541,1631,50,,
knowledge_base/hosted/content/indications/ind_smzl_1l_hcv_positive.yaml,indications,rationale,rationale_ua,drafted_v2plus,pending_clinical_signoff,claude_ua_08,2,384,500,56,,
knowledge_base/hosted/content/indications/ind_smzl_1l_rituximab.yaml,indications,rationale,rationale_ua,drafted_v2plus,pending_clinical_signoff,claude_ua_08,2,350,461,56,,
knowledge_base/hosted/content/indications/ind_smzl_2l_br.yaml,indications,rationale,rationale_ua,drafted_v2plus,pending_clinical_signoff,claude_ua_08,2,380,486,56,,
knowledge_base/hosted/content/indications/ind_sts_advanced_1l_ai.yaml,indications,rationale,rationale_ua,drafted_v2plus,pending_clinical_signoff,claude_ua_08,2,785,636,56,,
knowledge_base/hosted/content/indications/ind_sts_advanced_1l_doxorubicin.yaml,indications,rationale,rationale_ua,drafted_v2plus,pending_clinical_signoff,claude_ua_08,2,750,777,56,,
knowledge_base/hosted/content/indications/ind_sts_advanced_2l_gemdoc.yaml,indications,rationale,rationale_ua,drafted_v2plus,pending_clinical_signoff,claude_ua_08,2,464,518,56,,
knowledge_base/hosted/content/indications/ind_sts_advanced_2l_pazopanib.yaml,indications,rationale,rationale_ua,drafted_v2plus,pending_clinical_signoff,claude_ua_08,2,521,608,56,,
knowledge_base/hosted/content/indications/ind_t_all_1l_hyper_cvad.yaml,indications,rationale,rationale_ua,drafted_v2plus,pending_clinical_signoff,claude_ua_08,2,248,363,56,,
knowledge_base/hosted/content/indications/ind_t_all_2l_nelarabine.yaml,indications,rationale,rationale_ua,drafted_v2plus,pending_clinical_signoff,claude_ua_08,2,563,648,56,,
knowledge_base/hosted/content/indications/ind_t_pll_1l_alemtuzumab.yaml,indications,rationale,rationale_ua,drafted_v2plus,pending_clinical_signoff,claude_ua_08,2,318,406,56,,
knowledge_base/hosted/content/indications/ind_t_pll_2l_venetoclax_alemtuzumab.yaml,indications,rationale,rationale_ua,drafted_v2plus,pending_clinical_signoff,claude_ua_08,2,426,536,56,,
knowledge_base/hosted/content/indications/ind_tcell_1l_choep.yaml,indications,rationale,rationale_ua,drafted_v2plus,pending_clinical_signoff,claude_ua_08,2,278,379,56,,
knowledge_base/hosted/content/indications/ind_tcell_1l_chp_bv.yaml,indications,rationale,rationale_ua,drafted_v2plus,pending_clinical_signoff,claude_ua_08,2,260,342,56,,
knowledge_base/hosted/content/indications/ind_tgct_1l_pexidartinib.yaml,indications,rationale,rationale_ua,drafted_v2plus,pending_clinical_signoff,claude_ua_08,2,628,689,56,,
knowledge_base/hosted/content/indications/ind_thyroid_papillary_rai_refractory_lenvatinib.yaml,indications,rationale,rationale_ua,drafted_v2plus,pending_clinical_signoff,claude_ua_08,2,159,320,56,,
knowledge_base/hosted/content/indications/ind_universal_age_50plus_prevention_comprehensive_catchup.yaml,indications,rationale,rationale_ua,drafted_pending,pending_clinical_signoff,claude_v03_universal_batch1,1,3351,1339,49,,
knowledge_base/hosted/content/indications/ind_universal_age_50plus_prevention_prioritized_screening.yaml,indications,rationale,rationale_ua,drafted_pending,pending_clinical_signoff,claude_v03_universal_batch1,1,2515,1309,49,,
knowledge_base/hosted/content/indications/ind_universal_current_smoker_prevention_brief_nrt.yaml,indications,rationale,rationale_ua,drafted_pending,pending_clinical_signoff,claude_v03_universal_batch1,1,2163,1074,49,,
knowledge_base/hosted/content/indications/ind_universal_current_smoker_prevention_cessation_ldct.yaml,indications,rationale,rationale_ua,drafted_pending,pending_clinical_signoff,claude_v03_universal_batch1,1,3080,1340,49,,
knowledge_base/hosted/content/indications/ind_universal_elevated_bmi_prevention_counseling_only.yaml,indications,rationale,rationale_ua,drafted_pending,pending_clinical_signoff,claude_v03_universal_batch1,1,1979,1059,49,,
knowledge_base/hosted/content/indications/ind_universal_elevated_bmi_prevention_weight_loss_screening.yaml,indications,rationale,rationale_ua,drafted_pending,pending_clinical_signoff,claude_v03_universal_batch1,1,2810,1511,49,,
knowledge_base/hosted/content/indications/ind_universal_first_degree_cancer_family_prevention_counseling.yaml,indications,rationale,rationale_ua,drafted_pending,pending_clinical_signoff,claude_v03_universal_batch1,1,2866,2221,49,,
knowledge_base/hosted/content/indications/ind_universal_first_degree_cancer_family_prevention_screening_modification.yaml,indications,rationale,rationale_ua,drafted_pending,pending_clinical_signoff,claude_v03_universal_batch1,1,2444,1623,49,,
knowledge_base/hosted/content/indications/ind_universal_heavy_alcohol_prevention_brief_intervention.yaml,indications,rationale,rationale_ua,drafted_pending,pending_clinical_signoff,claude_v03_universal_batch1,1,1847,1176,49,,
knowledge_base/hosted/content/indications/ind_universal_heavy_alcohol_prevention_cessation_screening.yaml,indications,rationale,rationale_ua,drafted_pending,pending_clinical_signoff,claude_v03_universal_batch1,1,3144,1345,49,,
knowledge_base/hosted/content/indications/ind_universal_immunocompromised_prevention_routine_screening.yaml,indications,rationale,rationale_ua,drafted_pending,pending_clinical_signoff,claude_v03_universal_batch1,1,2361,1215,49,,
knowledge_base/hosted/content/indications/ind_universal_immunocompromised_prevention_stratified_screening.yaml,indications,rationale,rationale_ua,drafted_pending,pending_clinical_signoff,claude_v03_universal_batch1,1,3426,1591,49,,
knowledge_base/hosted/content/indications/ind_universal_occupational_exposure_prevention_intensified_surveillance.yaml,indications,rationale,rationale_ua,drafted_pending,pending_clinical_signoff,claude_v03_universal_batch1,1,3450,1716,49,,
knowledge_base/hosted/content/indications/ind_universal_occupational_exposure_prevention_standard_screening.yaml,indications,rationale,rationale_ua,drafted_pending,pending_clinical_signoff,claude_v03_universal_batch1,1,2470,1321,49,,
knowledge_base/hosted/content/indications/ind_universal_prior_cancer_prevention_routine_followup.yaml,indications,rationale,rationale_ua,drafted_pending,pending_clinical_signoff,claude_v03_universal_batch1,1,2880,1488,49,,
knowledge_base/hosted/content/indications/ind_universal_prior_cancer_prevention_survivorship_program.yaml,indications,rationale,rationale_ua,drafted_pending,pending_clinical_signoff,claude_v03_universal_batch1,1,3719,1263,49,,
knowledge_base/hosted/content/indications/ind_urothelial_2l_ev.yaml,indications,rationale,rationale_ua,drafted_v2plus,pending_clinical_signoff,claude_ua_08,2,779,416,56,,
knowledge_base/hosted/content/indications/ind_urothelial_2l_pembrolizumab.yaml,indications,rationale,rationale_ua,drafted_pending,pending_clinical_signoff,claude_extraction,1,673,340,57,,
knowledge_base/hosted/content/indications/ind_urothelial_2l_platinum_chemo.yaml,indications,rationale,rationale_ua,drafted_v2plus,pending_clinical_signoff,claude_ua_08,2,781,664,56,,
knowledge_base/hosted/content/indications/ind_urothelial_metastatic_2l_erdafitinib.yaml,indications,rationale,rationale_ua,drafted_v2plus,pending_clinical_signoff,claude_ua_08,2,1513,1154,56,,
knowledge_base/hosted/content/indications/ind_vhl_carrier_intensified.yaml,indications,rationale,rationale_ua,drafted_pending,pending_clinical_signoff,claude_v03_completion,1,1129,896,50,,
knowledge_base/hosted/content/indications/ind_vhl_carrier_surveillance.yaml,indications,rationale,rationale_ua,drafted_pending,pending_clinical_signoff,claude_v03_completion,1,1288,1129,50,,
knowledge_base/hosted/content/indications/ind_vhl_suspicion_prevention_enhanced_surveillance.yaml,indications,rationale,rationale_ua,drafted_pending,pending_clinical_signoff,claude_v0_2_b_hereditary_pilot,1,2366,2381,50,,
knowledge_base/hosted/content/indications/ind_vhl_suspicion_prevention_genetic_counseling.yaml,indications,rationale,rationale_ua,drafted_pending,pending_clinical_signoff,claude_v0_2_b_hereditary_pilot,1,3833,3949,50,,
knowledge_base/hosted/content/indications/ind_wilsons_disease_hcc_prevention_observation.yaml,indications,rationale,rationale_ua,drafted_pending,pending_clinical_signoff,claude_v0_3_chronic_condition_pilot,1,2107,1548,50,,
knowledge_base/hosted/content/indications/ind_wilsons_disease_hcc_prevention_surveillance.yaml,indications,rationale,rationale_ua,drafted_pending,pending_clinical_signoff,claude_v0_3_chronic_condition_pilot,1,2601,1386,50,,
knowledge_base/hosted/content/indications/ind_wm_1l_btki.yaml,indications,rationale,rationale_ua,drafted_v2plus,pending_clinical_signoff,claude_ua_08,2,277,397,56,,
knowledge_base/hosted/content/indications/ind_wm_1l_drc.yaml,indications,rationale,rationale_ua,drafted_v2plus,pending_clinical_signoff,claude_ua_08,2,290,383,56,,
knowledge_base/hosted/content/indications/ind_wm_2l_carfilzomib_cxcr4mut.yaml,indications,rationale,rationale_ua,drafted_v2plus,pending_clinical_signoff,claude_ua_08,2,702,836,56,,
knowledge_base/hosted/content/indications/ind_wm_2l_vrd.yaml,indications,rationale,rationale_ua,drafted_v2plus,pending_clinical_signoff,claude_ua_08,2,715,891,56,,
knowledge_base/hosted/content/indications/ind_wm_2l_zanubrutinib.yaml,indications,rationale,rationale_ua,drafted_v2plus,pending_clinical_signoff,claude_ua_08,2,666,779,56,,
knowledge_base/hosted/content/indications/indication_mm_rr_2l_ciltacel.yaml,indications,rationale,rationale_ua,drafted_v2plus,pending_clinical_signoff,claude_ua_07,2,1147,1138,56,,
knowledge_base/hosted/content/indications/indication_mm_rr_3l_ciltacel.yaml,indications,rationale,rationale_ua,drafted_v2plus,pending_clinical_signoff,claude_ua_07,2,1114,1152,56,,
knowledge_base/hosted/content/indications/indication_mm_rr_3l_elranatamab.yaml,indications,rationale,rationale_ua,drafted_v2plus,pending_clinical_signoff,claude_ua_07,2,795,835,56,,
knowledge_base/hosted/content/indications/indication_mm_rr_3l_idecel.yaml,indications,rationale,rationale_ua,drafted_v2plus,pending_clinical_signoff,claude_ua_07,2,942,963,56,,
knowledge_base/hosted/content/indications/indication_mm_rr_3l_talquetamab.yaml,indications,rationale,rationale_ua,drafted_v2plus,pending_clinical_signoff,claude_ua_07,2,895,966,56,,
knowledge_base/hosted/content/indications/indication_mm_rr_3l_teclistamab.yaml,indications,rationale,rationale_ua,drafted_v2plus,pending_clinical_signoff,claude_ua_07,2,877,893,56,,
knowledge_base/hosted/content/drugs/abemaciclib.yaml,drugs,notes,notes_ua,drafted_v2plus,pending_clinical_signoff,claude_ua_14a,2,188,457,56,,
knowledge_base/hosted/content/drugs/abiraterone.yaml,drugs,notes,notes_ua,drafted_v2plus,pending_clinical_signoff,claude_ua_14a,2,151,542,56,,
knowledge_base/hosted/content/drugs/acalabrutinib.yaml,drugs,notes,notes_ua,drafted_v2plus,pending_clinical_signoff,claude_ua_14a,2,406,744,56,,
knowledge_base/hosted/content/drugs/acyclovir.yaml,drugs,notes,notes_ua,drafted_v2plus,pending_clinical_signoff,claude_ua_14a,2,320,428,56,,
knowledge_base/hosted/content/drugs/adagrasib.yaml,drugs,notes,notes_ua,drafted_v2plus,pending_clinical_signoff,claude_ua_14a,2,96,255,56,,
knowledge_base/hosted/content/drugs/afatinib.yaml,drugs,notes,notes_ua,drafted_v2plus,pending_clinical_signoff,claude_ua_14a,2,99,330,56,,
knowledge_base/hosted/content/drugs/alectinib.yaml,drugs,notes,notes_ua,drafted_v2plus,pending_clinical_signoff,claude_ua_14a,2,79,429,56,,
knowledge_base/hosted/content/drugs/alemtuzumab.yaml,drugs,notes,notes_ua,drafted_v2plus,pending_clinical_signoff,claude_ua_14a,2,437,604,56,,
knowledge_base/hosted/content/drugs/allopurinol.yaml,drugs,notes,notes_ua,drafted_v2plus,pending_clinical_signoff,claude_ua_14a,2,130,203,56,,
knowledge_base/hosted/content/drugs/alpelisib.yaml,drugs,notes,notes_ua,drafted_v2plus,pending_clinical_signoff,claude_ua_14a,2,170,432,56,,
knowledge_base/hosted/content/drugs/amivantamab.yaml,drugs,notes,notes_ua,drafted_v2plus,pending_clinical_signoff,claude_ua_14a,2,960,1265,56,,
knowledge_base/hosted/content/drugs/anagrelide.yaml,drugs,notes,notes_ua,drafted_v2plus,pending_clinical_signoff,claude_ua_14a,2,377,603,56,,
knowledge_base/hosted/content/drugs/anastrozole.yaml,drugs,notes,notes_ua,drafted_v2plus,pending_clinical_signoff,claude_ua_14a,2,238,358,56,,
knowledge_base/hosted/content/drugs/apalutamide.yaml,drugs,notes,notes_ua,drafted_v2plus,pending_clinical_signoff,claude_ua_14a,2,133,234,56,,
knowledge_base/hosted/content/drugs/aprepitant.yaml,drugs,notes,notes_ua,drafted_v2plus,pending_clinical_signoff,claude_ua_14a,2,704,976,56,,
knowledge_base/hosted/content/drugs/arsenic_trioxide.yaml,drugs,notes,notes_ua,drafted_v2plus,pending_clinical_signoff,claude_ua_14a,2,330,528,56,,
knowledge_base/hosted/content/drugs/asciminib.yaml,drugs,notes,notes_ua,drafted_v2plus,pending_clinical_signoff,claude_ua_14a,2,616,743,56,,
knowledge_base/hosted/content/drugs/aspirin.yaml,drugs,notes,notes_ua,drafted_v2plus,pending_clinical_signoff,claude_ua_14a,2,290,445,56,,
knowledge_base/hosted/content/drugs/atezolizumab.yaml,drugs,notes,notes_ua,drafted_v2plus,pending_clinical_signoff,claude_ua_14a,2,714,1190,56,,
knowledge_base/hosted/content/drugs/atra.yaml,drugs,notes,notes_ua,drafted_v2plus,pending_clinical_signoff,claude_ua_14a,2,336,522,56,,
knowledge_base/hosted/content/drugs/avapritinib.yaml,drugs,notes,notes_ua,drafted_v2plus,pending_clinical_signoff,claude_ua_14a,2,498,698,56,,
knowledge_base/hosted/content/drugs/avelumab.yaml,drugs,notes,notes_ua,drafted_v2plus,pending_clinical_signoff,claude_ua_14a,2,524,860,56,,
knowledge_base/hosted/content/drugs/axicabtagene_ciloleucel.yaml,drugs,notes,notes_ua,drafted_v2plus,pending_clinical_signoff,claude_ua_14a,2,539,766,56,,
knowledge_base/hosted/content/drugs/axitinib.yaml,drugs,notes,notes_ua,drafted_v2plus,pending_clinical_signoff,claude_ua_14a,2,792,1059,56,,
knowledge_base/hosted/content/drugs/azacitidine.yaml,drugs,notes,notes_ua,drafted_v2plus,pending_clinical_signoff,claude_ua_14a,2,262,482,56,,
knowledge_base/hosted/content/drugs/aztreonam.yaml,drugs,notes,notes_ua,drafted_v2plus,pending_clinical_signoff,claude_ua_14a,2,950,1115,56,,
knowledge_base/hosted/content/drugs/belinostat.yaml,drugs,notes,notes_ua,drafted_v2plus,pending_clinical_signoff,claude_ua_14a,2,327,466,56,,
knowledge_base/hosted/content/drugs/belzutifan.yaml,drugs,notes,notes_ua,drafted_v2plus,pending_clinical_signoff,claude_ua_14a,2,353,564,56,,
knowledge_base/hosted/content/drugs/bendamustine.yaml,drugs,notes,notes_ua,drafted_v2plus,pending_clinical_signoff,claude_ua_14a,2,104,362,56,,
knowledge_base/hosted/content/drugs/bevacizumab.yaml,drugs,notes,notes_ua,drafted_v2plus,pending_clinical_signoff,claude_ua_14a,2,506,687,56,,
knowledge_base/hosted/content/drugs/bexarotene.yaml,drugs,notes,notes_ua,drafted_v2plus,pending_clinical_signoff,claude_ua_14a,2,429,598,56,,
knowledge_base/hosted/content/drugs/binimetinib.yaml,drugs,notes,notes_ua,drafted_v2plus,pending_clinical_signoff,claude_ua_14a,2,622,807,56,,
knowledge_base/hosted/content/drugs/bleomycin.yaml,drugs,notes,notes_ua,drafted_v2plus,pending_clinical_signoff,claude_ua_14a,2,330,539,56,,
knowledge_base/hosted/content/drugs/blinatumomab.yaml,drugs,notes,notes_ua,drafted_v2plus,pending_clinical_signoff,claude_ua_14a,2,605,790,56,,
knowledge_base/hosted/content/drugs/bortezomib.yaml,drugs,notes,notes_ua,drafted_v2plus,pending_clinical_signoff,claude_ua_14a,2,199,251,56,,
knowledge_base/hosted/content/drugs/bosutinib.yaml,drugs,notes,notes_ua,drafted_v2plus,pending_clinical_signoff,claude_ua_14a,2,263,443,56,,
knowledge_base/hosted/content/drugs/brentuximab_vedotin.yaml,drugs,notes,notes_ua,drafted_v2plus,pending_clinical_signoff,claude_ua_14a,2,413,611,56,,
knowledge_base/hosted/content/drugs/brexucabtagene_autoleucel.yaml,drugs,notes,notes_ua,drafted_v2plus,pending_clinical_signoff,claude_ua_14a,2,504,684,56,,
knowledge_base/hosted/content/drugs/brigatinib.yaml,drugs,notes,notes_ua,drafted_v2plus,pending_clinical_signoff,claude_ua_14a,2,96,366,56,,
knowledge_base/hosted/content/drugs/cabazitaxel.yaml,drugs,notes,notes_ua,missing,,,,195,0,58,,
knowledge_base/hosted/content/drugs/cabozantinib.yaml,drugs,notes,notes_ua,drafted_v2plus,pending_clinical_signoff,claude_ua_14a,2,563,752,56,,
knowledge_base/hosted/content/drugs/capecitabine.yaml,drugs,notes,notes_ua,drafted_v2plus,pending_clinical_signoff,claude_ua_14a,2,866,1062,56,,
knowledge_base/hosted/content/drugs/capecitabine_breast.yaml,drugs,notes,notes_ua,drafted_v2plus,pending_clinical_signoff,claude_ua_14a,2,209,287,56,,
knowledge_base/hosted/content/drugs/capivasertib.yaml,drugs,notes,notes_ua,drafted_v2plus,pending_clinical_signoff,claude_ua_14a,2,968,1157,56,,
knowledge_base/hosted/content/drugs/capmatinib.yaml,drugs,notes,notes_ua,drafted_v2plus,pending_clinical_signoff,claude_ua_14a,2,71,156,56,,
knowledge_base/hosted/content/drugs/carboplatin.yaml,drugs,notes,notes_ua,drafted_v2plus,pending_clinical_signoff,claude_ua_14a,2,490,640,56,,
knowledge_base/hosted/content/drugs/carfilzomib.yaml,drugs,notes,notes_ua,drafted_v2plus,pending_clinical_signoff,claude_ua_14a,2,494,644,56,,
knowledge_base/hosted/content/drugs/caspofungin.yaml,drugs,notes,notes_ua,drafted_v2plus,pending_clinical_signoff,claude_ua_14a,2,1140,1435,56,,
knowledge_base/hosted/content/drugs/cefepime.yaml,drugs,notes,notes_ua,drafted_v2plus,pending_clinical_signoff,claude_ua_14a,2,903,1045,56,,
knowledge_base/hosted/content/drugs/cemiplimab.yaml,drugs,notes,notes_ua,drafted_v2plus,pending_clinical_signoff,claude_ua_14a,2,825,1034,56,,
knowledge_base/hosted/content/drugs/cetuximab.yaml,drugs,notes,notes_ua,drafted_v2plus,pending_clinical_signoff,claude_ua_14a,2,590,680,56,,
knowledge_base/hosted/content/drugs/chlorambucil.yaml,drugs,notes,notes_ua,drafted_v2plus,pending_clinical_signoff,claude_ua_14a,2,825,951,56,,
knowledge_base/hosted/content/drugs/ciltacabtagene_autoleucel.yaml,drugs,notes,notes_ua,drafted_v2plus,pending_clinical_signoff,claude_ua_14a,2,1026,1189,56,,
knowledge_base/hosted/content/drugs/ciprofloxacin.yaml,drugs,notes,notes_ua,drafted_v2plus,pending_clinical_signoff,claude_ua_14a,2,1043,1246,56,,
knowledge_base/hosted/content/drugs/cisplatin.yaml,drugs,notes,notes_ua,drafted_v2plus,pending_clinical_signoff,claude_ua_14a,2,451,561,56,,
knowledge_base/hosted/content/drugs/cladribine.yaml,drugs,notes,notes_ua,drafted_v2plus,pending_clinical_signoff,claude_ua_14a,2,245,330,56,,
knowledge_base/hosted/content/drugs/cobimetinib.yaml,drugs,notes,notes_ua,drafted_v2plus,pending_clinical_signoff,claude_ua_14a,2,725,876,56,,
knowledge_base/hosted/content/drugs/cpx_351.yaml,drugs,notes,notes_ua,drafted_v2plus,pending_clinical_signoff,claude_ua_14a,2,547,705,56,,
knowledge_base/hosted/content/drugs/crizotinib.yaml,drugs,notes,notes_ua,drafted_v2plus,pending_clinical_signoff,claude_ua_14a,2,87,225,56,,
knowledge_base/hosted/content/drugs/cyclophosphamide.yaml,drugs,notes,notes_ua,drafted_v2plus,pending_clinical_signoff,claude_ua_14a,2,187,400,56,,
knowledge_base/hosted/content/drugs/cytarabine.yaml,drugs,notes,notes_ua,drafted_v2plus,pending_clinical_signoff,claude_ua_14a,2,291,507,56,,
knowledge_base/hosted/content/drugs/dabrafenib.yaml,drugs,notes,notes_ua,drafted_v2plus,pending_clinical_signoff,claude_ua_14a,2,109,494,56,,
knowledge_base/hosted/content/drugs/dacarbazine.yaml,drugs,notes,notes_ua,drafted_v2plus,pending_clinical_signoff,claude_ua_14a,2,132,278,56,,
knowledge_base/hosted/content/drugs/dacomitinib.yaml,drugs,notes,notes_ua,drafted_v2plus,pending_clinical_signoff,claude_ua_14a,2,67,374,56,,
knowledge_base/hosted/content/drugs/daratumumab.yaml,drugs,notes,notes_ua,drafted_v2plus,pending_clinical_signoff,claude_ua_14a,2,445,711,56,,
knowledge_base/hosted/content/drugs/darolutamide.yaml,drugs,notes,notes_ua,drafted_v2plus,pending_clinical_signoff,claude_ua_14a,2,220,351,56,,
knowledge_base/hosted/content/drugs/dasatinib.yaml,drugs,notes,notes_ua,drafted_v2plus,pending_clinical_signoff,claude_ua_14a,2,213,339,56,,
knowledge_base/hosted/content/drugs/datopotamab_deruxtecan.yaml,drugs,notes,notes_ua,drafted_v2plus,pending_clinical_signoff,claude_ua_14a,2,541,696,56,,
knowledge_base/hosted/content/drugs/daunorubicin.yaml,drugs,notes,notes_ua,drafted_v2plus,pending_clinical_signoff,claude_ua_14a,2,245,358,56,,
knowledge_base/hosted/content/drugs/decitabine.yaml,drugs,notes,notes_ua,drafted_v2plus,pending_clinical_signoff,claude_ua_14a,2,258,371,56,,
knowledge_base/hosted/content/drugs/degarelix.yaml,drugs,notes,notes_ua,drafted_v2plus,pending_clinical_signoff,claude_ua_14a,2,159,360,56,,
knowledge_base/hosted/content/drugs/denosumab.yaml,drugs,notes,notes_ua,drafted_v2plus,pending_clinical_signoff,claude_ua_14a,2,203,385,56,,
knowledge_base/hosted/content/drugs/dexamethasone.yaml,drugs,notes,notes_ua,drafted_v2plus,pending_clinical_signoff,claude_ua_14a,2,256,545,56,,
knowledge_base/hosted/content/drugs/diphenhydramine.yaml,drugs,notes,notes_ua,drafted_v2plus,pending_clinical_signoff,claude_ua_14a,2,1074,1268,56,,
knowledge_base/hosted/content/drugs/docetaxel.yaml,drugs,notes,notes_ua,drafted_v2plus,pending_clinical_signoff,claude_ua_14a,2,577,723,56,,
knowledge_base/hosted/content/drugs/dostarlimab.yaml,drugs,notes,notes_ua,drafted_v2plus,pending_clinical_signoff,claude_ua_14a,2,1046,1293,56,,
knowledge_base/hosted/content/drugs/doxorubicin.yaml,drugs,notes,notes_ua,drafted_v2plus,pending_clinical_signoff,claude_ua_14a,2,293,373,56,,
knowledge_base/hosted/content/drugs/drug_acamprosate.yaml,drugs,notes,notes_ua,drafted_pending,pending_clinical_signoff,claude_v02_prevention_drugs_batch2,1,528,273,50,,
knowledge_base/hosted/content/drugs/drug_amoxicillin.yaml,drugs,notes,notes_ua,missing,,,,867,0,50,,
knowledge_base/hosted/content/drugs/drug_anastrozole_chemoprevention.yaml,drugs,notes,notes_ua,drafted_pending,pending_clinical_signoff,claude_chemoprevention_drugs_batch2_2026-05-18,1,1309,957,49,,
knowledge_base/hosted/content/drugs/drug_aspirin_low_dose_chemoprevention.yaml,drugs,notes,notes_ua,drafted_pending,pending_clinical_signoff,claude_chemoprevention_drugs_2026-05-18,1,922,761,49,,
knowledge_base/hosted/content/drugs/drug_atorvastatin_chemoprevention.yaml,drugs,notes,notes_ua,drafted_pending,pending_clinical_signoff,claude_chemoprevention_drugs_2026-05-18,1,742,556,49,,
knowledge_base/hosted/content/drugs/drug_bemarituzumab.yaml,drugs,notes,notes_ua,drafted_v2plus,pending_clinical_signoff,claude_ua_14a,2,1734,1895,56,,
knowledge_base/hosted/content/drugs/drug_bictegravir_emtricitabine_tenofovir_af.yaml,drugs,notes,notes_ua,missing,,,,1087,0,50,,
knowledge_base/hosted/content/drugs/drug_bismuth_subcitrate.yaml,drugs,notes,notes_ua,missing,,,,990,0,50,,
knowledge_base/hosted/content/drugs/drug_bupropion_sr.yaml,drugs,notes,notes_ua,drafted_pending,pending_clinical_signoff,claude_v02_prevention_drugs_batch2,1,558,288,50,,
knowledge_base/hosted/content/drugs/drug_calcium_carbonate_chemoprevention.yaml,drugs,notes,notes_ua,drafted_pending,pending_clinical_signoff,claude_chemoprevention_drugs_2026-05-18,1,909,739,49,,
knowledge_base/hosted/content/drugs/drug_celecoxib_chemoprevention.yaml,drugs,notes,notes_ua,drafted_pending,pending_clinical_signoff,claude_chemoprevention_drugs_2026-05-18,1,836,663,49,,
knowledge_base/hosted/content/drugs/drug_clarithromycin.yaml,drugs,notes,notes_ua,missing,,,,1052,0,50,,
knowledge_base/hosted/content/drugs/drug_curcumin_chemoprevention.yaml,drugs,notes,notes_ua,drafted_pending,pending_clinical_signoff,claude_chemoprevention_drugs_batch2_2026-05-18,1,1428,957,49,,
knowledge_base/hosted/content/drugs/drug_cytisine.yaml,drugs,notes,notes_ua,drafted_pending,pending_clinical_signoff,claude_v02_prevention_drugs_batch2,1,518,286,50,,
knowledge_base/hosted/content/drugs/drug_disulfiram.yaml,drugs,notes,notes_ua,drafted_pending,pending_clinical_signoff,claude_v02_prevention_drugs_batch2,1,491,228,50,,
knowledge_base/hosted/content/drugs/drug_dutasteride_chemoprevention.yaml,drugs,notes,notes_ua,drafted_pending,pending_clinical_signoff,claude_chemoprevention_drugs_2026-05-18,1,811,741,49,,
knowledge_base/hosted/content/drugs/drug_eflornithine_chemoprevention.yaml,drugs,notes,notes_ua,drafted_pending,pending_clinical_signoff,claude_chemoprevention_drugs_2026-05-18,1,709,620,49,,
knowledge_base/hosted/content/drugs/drug_enasidenib.yaml,drugs,notes,notes_ua,drafted_v2plus,pending_clinical_signoff,claude_ua_14a,2,847,1024,56,,
knowledge_base/hosted/content/drugs/drug_finasteride_chemoprevention.yaml,drugs,notes,notes_ua,drafted_pending,pending_clinical_signoff,claude_chemoprevention_drugs_2026-05-18,1,760,711,49,,
knowledge_base/hosted/content/drugs/drug_folate_prevention.yaml,drugs,notes,notes_ua,drafted_pending,pending_clinical_signoff,claude_chemoprevention_drugs_batch2_2026-05-18,1,1477,1126,49,,
knowledge_base/hosted/content/drugs/drug_gardasil_9.yaml,drugs,notes,notes_ua,missing,,,,1341,0,50,,
knowledge_base/hosted/content/drugs/drug_green_tea_extract_research.yaml,drugs,notes,notes_ua,drafted_pending,pending_clinical_signoff,claude_chemoprevention_drugs_batch2_2026-05-18,1,1606,1140,49,,
knowledge_base/hosted/content/drugs/drug_ivosidenib.yaml,drugs,notes,notes_ua,drafted_v2plus,pending_clinical_signoff,claude_ua_14a,2,1777,1866,56,,
knowledge_base/hosted/content/drugs/drug_lamivudine.yaml,drugs,notes,notes_ua,drafted_pending,pending_clinical_signoff,claude_v02_prevention_drugs_batch2,1,596,334,50,,
knowledge_base/hosted/content/drugs/drug_letrozole_chemoprevention.yaml,drugs,notes,notes_ua,drafted_pending,pending_clinical_signoff,claude_chemoprevention_drugs_batch2_2026-05-18,1,1312,871,49,,
knowledge_base/hosted/content/drugs/drug_liposomal_irinotecan.yaml,drugs,notes,notes_ua,missing,,,,1132,0,58,,
knowledge_base/hosted/content/drugs/drug_metformin_chemoprevention.yaml,drugs,notes,notes_ua,drafted_pending,pending_clinical_signoff,claude_chemoprevention_drugs_2026-05-18,1,666,513,49,,
knowledge_base/hosted/content/drugs/drug_misoprostol.yaml,drugs,notes,notes_ua,drafted_pending,pending_clinical_signoff,claude_v02_prevention_drugs_batch2,1,603,404,50,,
knowledge_base/hosted/content/drugs/drug_naltrexone_po.yaml,drugs,notes,notes_ua,drafted_pending,pending_clinical_signoff,claude_v02_prevention_drugs_batch2,1,550,300,50,,
knowledge_base/hosted/content/drugs/drug_nicotine_gum.yaml,drugs,notes,notes_ua,drafted_pending,pending_clinical_signoff,claude_chemoprevention_drugs_batch2_2026-05-18,1,1049,739,49,,
knowledge_base/hosted/content/drugs/drug_nicotine_lozenge.yaml,drugs,notes,notes_ua,drafted_pending,pending_clinical_signoff,claude_chemoprevention_drugs_batch2_2026-05-18,1,1023,909,49,,
knowledge_base/hosted/content/drugs/drug_nicotine_patch.yaml,drugs,notes,notes_ua,drafted_pending,pending_clinical_signoff,claude_v02_prevention_drugs_batch2,1,516,210,50,,
knowledge_base/hosted/content/drugs/drug_omega_3_epa.yaml,drugs,notes,notes_ua,drafted_pending,pending_clinical_signoff,claude_v02_prevention_drugs_batch2,1,682,440,50,,
knowledge_base/hosted/content/drugs/drug_omega_3_fatty_acids_chemoprevention.yaml,drugs,notes,notes_ua,drafted_pending,pending_clinical_signoff,claude_chemoprevention_drugs_2026-05-18,1,919,889,49,,
knowledge_base/hosted/content/drugs/drug_omeprazole.yaml,drugs,notes,notes_ua,missing,,,,952,0,50,,
knowledge_base/hosted/content/drugs/drug_pazopanib.yaml,drugs,notes,notes_ua,drafted_v2plus,pending_clinical_signoff,claude_ua_14a,2,1842,1919,56,,
knowledge_base/hosted/content/drugs/drug_pemigatinib.yaml,drugs,notes,notes_ua,drafted_v2plus,pending_clinical_signoff,claude_ua_14a,2,556,638,56,,
knowledge_base/hosted/content/drugs/drug_raloxifene.yaml,drugs,notes,notes_ua,drafted_pending,pending_clinical_signoff,claude_v02_prevention_drugs_batch2,1,540,349,50,,
knowledge_base/hosted/content/drugs/drug_resveratrol_research_only.yaml,drugs,notes,notes_ua,drafted_pending,pending_clinical_signoff,claude_chemoprevention_drugs_batch2_2026-05-18,1,1150,844,49,,
knowledge_base/hosted/content/drugs/drug_revumenib.yaml,drugs,notes,notes_ua,drafted_v2plus,pending_clinical_signoff,claude_ua_14a,2,763,859,56,,
knowledge_base/hosted/content/drugs/drug_selenium_chemoprevention.yaml,drugs,notes,notes_ua,drafted_pending,pending_clinical_signoff,claude_chemoprevention_drugs_batch2_2026-05-18,1,1421,872,49,,
knowledge_base/hosted/content/drugs/drug_semaglutide_2_4mg.yaml,drugs,notes,notes_ua,drafted_pending,pending_clinical_signoff,claude_v02_prevention_drugs_batch2,1,536,331,50,,
knowledge_base/hosted/content/drugs/drug_sulindac_chemoprevention.yaml,drugs,notes,notes_ua,drafted_pending,pending_clinical_signoff,claude_chemoprevention_drugs_batch2_2026-05-18,1,1258,830,49,,
knowledge_base/hosted/content/drugs/drug_tarlatamab.yaml,drugs,notes,notes_ua,drafted_v2plus,pending_clinical_signoff,claude_ua_14a,2,1499,1748,56,,
knowledge_base/hosted/content/drugs/drug_tenofovir_af.yaml,drugs,notes,notes_ua,missing,,,,829,0,50,,
knowledge_base/hosted/content/drugs/drug_tenofovir_df.yaml,drugs,notes,notes_ua,missing,,,,934,0,50,,
knowledge_base/hosted/content/drugs/drug_tetracycline.yaml,drugs,notes,notes_ua,missing,,,,990,0,50,,
knowledge_base/hosted/content/drugs/drug_tirzepatide.yaml,drugs,notes,notes_ua,drafted_pending,pending_clinical_signoff,claude_v02_prevention_drugs_batch2,1,537,223,50,,
knowledge_base/hosted/content/drugs/drug_varenicline.yaml,drugs,notes,notes_ua,drafted_pending,pending_clinical_signoff,claude_v02_prevention_drugs_batch2,1,490,268,50,,
knowledge_base/hosted/content/drugs/drug_vitamin_d3_chemoprevention.yaml,drugs,notes,notes_ua,drafted_pending,pending_clinical_signoff,claude_chemoprevention_drugs_2026-05-18,1,1011,752,49,,
knowledge_base/hosted/content/drugs/drug_zanidatamab.yaml,drugs,notes,notes_ua,drafted_v2plus,pending_clinical_signoff,claude_ua_14a,2,1031,1140,56,,
knowledge_base/hosted/content/drugs/drug_zolbetuximab.yaml,drugs,notes,notes_ua,drafted_v2plus,pending_clinical_signoff,claude_ua_14a,2,603,705,56,,
knowledge_base/hosted/content/drugs/durvalumab.yaml,drugs,notes,notes_ua,drafted_v2plus,pending_clinical_signoff,claude_ua_14a,2,701,894,56,,
knowledge_base/hosted/content/drugs/elacestrant.yaml,drugs,notes,notes_ua,drafted_v2plus,pending_clinical_signoff,claude_ua_14a,2,143,379,56,,
knowledge_base/hosted/content/drugs/elranatamab.yaml,drugs,notes,notes_ua,drafted_v2plus,pending_clinical_signoff,claude_ua_14a,2,692,787,56,,
knowledge_base/hosted/content/drugs/encorafenib.yaml,drugs,notes,notes_ua,drafted_v2plus,pending_clinical_signoff,claude_ua_14a,2,749,855,56,,
knowledge_base/hosted/content/drugs/enfortumab_vedotin.yaml,drugs,notes,notes_ua,drafted_v2plus,pending_clinical_signoff,claude_ua_14a,2,973,1128,56,,
knowledge_base/hosted/content/drugs/ensartinib.yaml,drugs,notes,notes_ua,drafted_v2plus,pending_clinical_signoff,claude_ua_14a,2,516,609,56,,
knowledge_base/hosted/content/drugs/entecavir.yaml,drugs,notes,notes_ua,drafted_v2plus,pending_clinical_signoff,claude_ua_14a,2,195,260,56,,
knowledge_base/hosted/content/drugs/entrectinib.yaml,drugs,notes,notes_ua,drafted_v2plus,pending_clinical_signoff,claude_ua_14a,2,89,301,56,,
knowledge_base/hosted/content/drugs/enzalutamide.yaml,drugs,notes,notes_ua,drafted_v2plus,pending_clinical_signoff,claude_ua_14a,2,137,254,56,,
knowledge_base/hosted/content/drugs/epcoritamab.yaml,drugs,notes,notes_ua,drafted_v2plus,pending_clinical_signoff,claude_ua_14a,2,834,958,56,,
knowledge_base/hosted/content/drugs/epinephrine.yaml,drugs,notes,notes_ua,drafted_v2plus,pending_clinical_signoff,claude_ua_14a,2,1091,1280,56,,
knowledge_base/hosted/content/drugs/epoetin_alfa.yaml,drugs,notes,notes_ua,drafted_v2plus,pending_clinical_signoff,claude_ua_14a,2,385,506,56,,
knowledge_base/hosted/content/drugs/erdafitinib.yaml,drugs,notes,notes_ua,drafted_v2plus,pending_clinical_signoff,claude_ua_14a,2,908,978,56,,
knowledge_base/hosted/content/drugs/erlotinib.yaml,drugs,notes,notes_ua,drafted_v2plus,pending_clinical_signoff,claude_ua_14a,2,136,231,56,,
knowledge_base/hosted/content/drugs/etoposide.yaml,drugs,notes,notes_ua,drafted_v2plus,pending_clinical_signoff,claude_ua_14a,2,673,813,56,,
knowledge_base/hosted/content/drugs/everolimus.yaml,drugs,notes,notes_ua,drafted_v2plus,pending_clinical_signoff,claude_ua_14a,2,306,385,56,,
knowledge_base/hosted/content/drugs/exemestane.yaml,drugs,notes,notes_ua,drafted_v2plus,pending_clinical_signoff,claude_ua_14a,2,178,377,56,,
knowledge_base/hosted/content/drugs/famotidine.yaml,drugs,notes,notes_ua,drafted_v2plus,pending_clinical_signoff,claude_ua_14a,2,1250,1407,56,,
knowledge_base/hosted/content/drugs/fedratinib.yaml,drugs,notes,notes_ua,drafted_v2plus,pending_clinical_signoff,claude_ua_14a,2,227,417,56,,
knowledge_base/hosted/content/drugs/filgrastim.yaml,drugs,notes,notes_ua,drafted_v2plus,pending_clinical_signoff,claude_ua_14a,2,157,322,56,,
knowledge_base/hosted/content/drugs/fludarabine.yaml,drugs,notes,notes_ua,drafted_v2plus,pending_clinical_signoff,claude_ua_14a,2,388,520,56,,
knowledge_base/hosted/content/drugs/fluorouracil.yaml,drugs,notes,notes_ua,drafted_v2plus,pending_clinical_signoff,claude_ua_14a,2,444,558,56,,
knowledge_base/hosted/content/drugs/fosaprepitant.yaml,drugs,notes,notes_ua,drafted_v2plus,pending_clinical_signoff,claude_ua_14a,2,628,812,56,,
knowledge_base/hosted/content/drugs/fruquintinib.yaml,drugs,notes,notes_ua,drafted_v2plus,pending_clinical_signoff,claude_ua_14a,2,768,971,56,,
knowledge_base/hosted/content/drugs/fulvestrant.yaml,drugs,notes,notes_ua,drafted_v2plus,pending_clinical_signoff,claude_ua_14a,2,226,359,56,,
knowledge_base/hosted/content/drugs/futibatinib.yaml,drugs,notes,notes_ua,drafted_v2plus,pending_clinical_signoff,claude_ua_14a,2,1142,1267,56,,
knowledge_base/hosted/content/drugs/gefitinib.yaml,drugs,notes,notes_ua,drafted_v2plus,pending_clinical_signoff,claude_ua_14b,2,70,466,56,,
knowledge_base/hosted/content/drugs/gemcitabine.yaml,drugs,notes,notes_ua,drafted_v2plus,pending_clinical_signoff,claude_ua_14b,2,683,1408,56,,
knowledge_base/hosted/content/drugs/gemtuzumab_ozogamicin.yaml,drugs,notes,notes_ua,drafted_v2plus,pending_clinical_signoff,claude_ua_14b,2,685,1244,56,,
knowledge_base/hosted/content/drugs/gilteritinib.yaml,drugs,notes,notes_ua,drafted_v2plus,pending_clinical_signoff,claude_ua_14b,2,611,1094,56,,
knowledge_base/hosted/content/drugs/glecaprevir_pibrentasvir.yaml,drugs,notes,notes_ua,drafted_v2plus,pending_clinical_signoff,claude_ua_14b,2,187,582,56,,
knowledge_base/hosted/content/drugs/glofitamab.yaml,drugs,notes,notes_ua,drafted_v2plus,pending_clinical_signoff,claude_ua_14b,2,910,1454,56,,
knowledge_base/hosted/content/drugs/goserelin.yaml,drugs,notes,notes_ua,drafted_v2plus,pending_clinical_signoff,claude_ua_14b,2,95,578,56,,
knowledge_base/hosted/content/drugs/hydrocortisone.yaml,drugs,notes,notes_ua,drafted_v2plus,pending_clinical_signoff,claude_ua_14b,2,1080,1472,56,,
knowledge_base/hosted/content/drugs/hydroxyurea.yaml,drugs,notes,notes_ua,drafted_v2plus,pending_clinical_signoff,claude_ua_14b,2,387,792,56,,
knowledge_base/hosted/content/drugs/ibrutinib.yaml,drugs,notes,notes_ua,drafted_v2plus,pending_clinical_signoff,claude_ua_14b,2,177,648,56,,
knowledge_base/hosted/content/drugs/idarubicin.yaml,drugs,notes,notes_ua,drafted_v2plus,pending_clinical_signoff,claude_ua_14b,2,207,532,56,,
knowledge_base/hosted/content/drugs/idecabtagene_vicleucel.yaml,drugs,notes,notes_ua,drafted_v2plus,pending_clinical_signoff,claude_ua_14b,2,965,1368,56,,
knowledge_base/hosted/content/drugs/ifosfamide.yaml,drugs,notes,notes_ua,drafted_v2plus,pending_clinical_signoff,claude_ua_14b,2,510,1081,56,,
knowledge_base/hosted/content/drugs/imatinib.yaml,drugs,notes,notes_ua,drafted_v2plus,pending_clinical_signoff,claude_ua_14b,2,327,663,56,,
knowledge_base/hosted/content/drugs/imetelstat.yaml,drugs,notes,notes_ua,drafted_v2plus,pending_clinical_signoff,claude_ua_14b,2,603,1130,56,,
knowledge_base/hosted/content/drugs/inavolisib.yaml,drugs,notes,notes_ua,drafted_v2plus,pending_clinical_signoff,claude_ua_14b,2,527,896,56,,
knowledge_base/hosted/content/drugs/infigratinib.yaml,drugs,notes,notes_ua,drafted_v2plus,pending_clinical_signoff,claude_ua_14b,2,1442,1860,56,,
knowledge_base/hosted/content/drugs/inotuzumab_ozogamicin.yaml,drugs,notes,notes_ua,drafted_v2plus,pending_clinical_signoff,claude_ua_14b,2,751,1296,56,,
knowledge_base/hosted/content/drugs/interferon_alpha.yaml,drugs,notes,notes_ua,drafted_v2plus,pending_clinical_signoff,claude_ua_14b,2,897,1410,56,,
knowledge_base/hosted/content/drugs/ipilimumab.yaml,drugs,notes,notes_ua,drafted_v2plus,pending_clinical_signoff,claude_ua_14b,2,1349,2401,56,,
knowledge_base/hosted/content/drugs/irinotecan.yaml,drugs,notes,notes_ua,drafted_v2plus,pending_clinical_signoff,claude_ua_14b,2,450,1243,56,,
knowledge_base/hosted/content/drugs/isatuximab.yaml,drugs,notes,notes_ua,drafted_v2plus,pending_clinical_signoff,claude_ua_14b,2,1808,2080,56,,
knowledge_base/hosted/content/drugs/l_asparaginase.yaml,drugs,notes,notes_ua,drafted_v2plus,pending_clinical_signoff,claude_ua_14b,2,773,1525,56,,
knowledge_base/hosted/content/drugs/lanreotide.yaml,drugs,notes,notes_ua,drafted_v2plus,pending_clinical_signoff,claude_ua_14b,2,398,917,56,,
knowledge_base/hosted/content/drugs/larotrectinib.yaml,drugs,notes,notes_ua,drafted_v2plus,pending_clinical_signoff,claude_ua_14b,2,85,329,56,,
knowledge_base/hosted/content/drugs/lazertinib.yaml,drugs,notes,notes_ua,drafted_v2plus,pending_clinical_signoff,claude_ua_14b,2,893,1760,56,,
knowledge_base/hosted/content/drugs/lenalidomide.yaml,drugs,notes,notes_ua,drafted_v2plus,pending_clinical_signoff,claude_ua_14b,2,266,674,56,,
knowledge_base/hosted/content/drugs/lenvatinib.yaml,drugs,notes,notes_ua,drafted_v2plus,pending_clinical_signoff,claude_ua_14b,2,723,1249,56,,
knowledge_base/hosted/content/drugs/letrozole.yaml,drugs,notes,notes_ua,drafted_v2plus,pending_clinical_signoff,claude_ua_14b,2,129,464,56,,
knowledge_base/hosted/content/drugs/leucovorin.yaml,drugs,notes,notes_ua,drafted_v2plus,pending_clinical_signoff,claude_ua_14b,2,748,1350,56,,
knowledge_base/hosted/content/drugs/leuprolide.yaml,drugs,notes,notes_ua,drafted_v2plus,pending_clinical_signoff,claude_ua_14b,2,183,601,56,,
knowledge_base/hosted/content/drugs/levofloxacin.yaml,drugs,notes,notes_ua,drafted_v2plus,pending_clinical_signoff,claude_ua_14b,2,1068,1901,56,,
knowledge_base/hosted/content/drugs/lifileucel.yaml,drugs,notes,notes_ua,drafted_v2plus,pending_clinical_signoff,claude_ua_14b,2,1066,2124,56,,
knowledge_base/hosted/content/drugs/liposomal_amphotericin_b.yaml,drugs,notes,notes_ua,drafted_v2plus,pending_clinical_signoff,claude_ua_14b,2,1171,1659,56,,
knowledge_base/hosted/content/drugs/lisocabtagene_maraleucel.yaml,drugs,notes,notes_ua,drafted_v2plus,pending_clinical_signoff,claude_ua_14b,2,892,1296,56,,
knowledge_base/hosted/content/drugs/lomustine.yaml,drugs,notes,notes_ua,missing,,,,112,0,58,,
knowledge_base/hosted/content/drugs/loncastuximab_tesirine.yaml,drugs,notes,notes_ua,drafted_v2plus,pending_clinical_signoff,claude_ua_14b,2,1005,1640,56,,
knowledge_base/hosted/content/drugs/lorazepam.yaml,drugs,notes,notes_ua,drafted_v2plus,pending_clinical_signoff,claude_ua_14b,2,911,1201,56,,
knowledge_base/hosted/content/drugs/lorlatinib.yaml,drugs,notes,notes_ua,drafted_v2plus,pending_clinical_signoff,claude_ua_14b,2,186,624,56,,
knowledge_base/hosted/content/drugs/lurbinectedin.yaml,drugs,notes,notes_ua,drafted_v2plus,pending_clinical_signoff,claude_ua_14b,2,846,1311,56,,
knowledge_base/hosted/content/drugs/luspatercept.yaml,drugs,notes,notes_ua,drafted_v2plus,pending_clinical_signoff,claude_ua_14b,2,217,622,56,,
knowledge_base/hosted/content/drugs/lutetium_177_psma.yaml,drugs,notes,notes_ua,drafted_v2plus,pending_clinical_signoff,claude_ua_14b,2,206,1043,56,,
knowledge_base/hosted/content/drugs/magrolimab.yaml,drugs,notes,notes_ua,drafted_v2plus,pending_clinical_signoff,claude_ua_14b,2,1817,1878,56,,
knowledge_base/hosted/content/drugs/mercaptopurine.yaml,drugs,notes,notes_ua,drafted_v2plus,pending_clinical_signoff,claude_ua_14b,2,398,869,56,,
knowledge_base/hosted/content/drugs/meropenem.yaml,drugs,notes,notes_ua,drafted_v2plus,pending_clinical_signoff,claude_ua_14b,2,933,1490,56,,
knowledge_base/hosted/content/drugs/mesna.yaml,drugs,notes,notes_ua,missing,,,,159,0,58,,
knowledge_base/hosted/content/drugs/methotrexate.yaml,drugs,notes,notes_ua,drafted_v2plus,pending_clinical_signoff,claude_ua_14b,2,935,1676,56,,
knowledge_base/hosted/content/drugs/methylprednisolone.yaml,drugs,notes,notes_ua,drafted_v2plus,pending_clinical_signoff,claude_ua_14b,2,1233,1733,56,,
knowledge_base/hosted/content/drugs/metoclopramide.yaml,drugs,notes,notes_ua,drafted_v2plus,pending_clinical_signoff,claude_ua_14b,2,773,1067,56,,
knowledge_base/hosted/content/drugs/metronidazole.yaml,drugs,notes,notes_ua,drafted_v2plus,pending_clinical_signoff,claude_ua_14b,2,1021,1380,56,,
knowledge_base/hosted/content/drugs/micafungin.yaml,drugs,notes,notes_ua,drafted_v2plus,pending_clinical_signoff,claude_ua_14b,2,999,1502,56,,
knowledge_base/hosted/content/drugs/midostaurin.yaml,drugs,notes,notes_ua,drafted_v2plus,pending_clinical_signoff,claude_ua_14b,2,289,664,56,,
knowledge_base/hosted/content/drugs/mirvetuximab_soravtansine.yaml,drugs,notes,notes_ua,drafted_v2plus,pending_clinical_signoff,claude_ua_14b,2,824,1290,56,,
knowledge_base/hosted/content/drugs/mitomycin_c.yaml,drugs,notes,notes_ua,missing,,,,156,0,58,,
knowledge_base/hosted/content/drugs/mogamulizumab.yaml,drugs,notes,notes_ua,drafted_v2plus,pending_clinical_signoff,claude_ua_14b,2,337,897,56,,
knowledge_base/hosted/content/drugs/momelotinib.yaml,drugs,notes,notes_ua,drafted_v2plus,pending_clinical_signoff,claude_ua_14b,2,207,511,56,,
knowledge_base/hosted/content/drugs/mosunetuzumab.yaml,drugs,notes,notes_ua,drafted_v2plus,pending_clinical_signoff,claude_ua_14b,2,367,902,56,,
knowledge_base/hosted/content/drugs/nab_paclitaxel.yaml,drugs,notes,notes_ua,drafted_v2plus,pending_clinical_signoff,claude_ua_14b,2,658,1259,56,,
knowledge_base/hosted/content/drugs/nal_iri.yaml,drugs,notes,notes_ua,missing,,,,142,0,58,,
knowledge_base/hosted/content/drugs/nelarabine.yaml,drugs,notes,notes_ua,drafted_v2plus,pending_clinical_signoff,claude_ua_14b,2,431,1019,56,,
knowledge_base/hosted/content/drugs/nilotinib.yaml,drugs,notes,notes_ua,drafted_v2plus,pending_clinical_signoff,claude_ua_14b,2,297,764,56,,
knowledge_base/hosted/content/drugs/nintedanib.yaml,drugs,notes,notes_ua,drafted_v2plus,pending_clinical_signoff,claude_ua_14b,2,323,674,56,,
knowledge_base/hosted/content/drugs/niraparib.yaml,drugs,notes,notes_ua,drafted_v2plus,pending_clinical_signoff,claude_ua_14b,2,103,375,56,,
knowledge_base/hosted/content/drugs/nivolumab.yaml,drugs,notes,notes_ua,drafted_v2plus,pending_clinical_signoff,claude_ua_14b,2,562,1168,56,,
knowledge_base/hosted/content/drugs/obinutuzumab.yaml,drugs,notes,notes_ua,drafted_v2plus,pending_clinical_signoff,claude_ua_14b,2,182,416,56,,
knowledge_base/hosted/content/drugs/olanzapine.yaml,drugs,notes,notes_ua,drafted_v2plus,pending_clinical_signoff,claude_ua_14b,2,830,1287,56,,
knowledge_base/hosted/content/drugs/olaparib.yaml,drugs,notes,notes_ua,drafted_v2plus,pending_clinical_signoff,claude_ua_14b,2,160,485,56,,
knowledge_base/hosted/content/drugs/olutasidenib.yaml,drugs,notes,notes_ua,drafted_v2plus,pending_clinical_signoff,claude_ua_14b,2,1453,1842,56,,
knowledge_base/hosted/content/drugs/ondansetron.yaml,drugs,notes,notes_ua,drafted_v2plus,pending_clinical_signoff,claude_ua_14b,2,101,343,56,,
knowledge_base/hosted/content/drugs/osimertinib.yaml,drugs,notes,notes_ua,drafted_v2plus,pending_clinical_signoff,claude_ua_14b,2,218,702,56,,
knowledge_base/hosted/content/drugs/oxaliplatin.yaml,drugs,notes,notes_ua,drafted_v2plus,pending_clinical_signoff,claude_ua_14b,2,444,1053,56,,
knowledge_base/hosted/content/drugs/paclitaxel.yaml,drugs,notes,notes_ua,drafted_v2plus,pending_clinical_signoff,claude_ua_14c,2,647,907,56,,
knowledge_base/hosted/content/drugs/palbociclib.yaml,drugs,notes,notes_ua,drafted_v2plus,pending_clinical_signoff,claude_ua_14c,2,182,422,56,,
knowledge_base/hosted/content/drugs/palonosetron.yaml,drugs,notes,notes_ua,drafted_v2plus,pending_clinical_signoff,claude_ua_14c,2,789,1118,56,,
knowledge_base/hosted/content/drugs/patritumab_deruxtecan.yaml,drugs,notes,notes_ua,drafted_v2plus,pending_clinical_signoff,claude_ua_14c,2,501,735,56,,
knowledge_base/hosted/content/drugs/pegylated_liposomal_doxorubicin.yaml,drugs,notes,notes_ua,drafted_v2plus,pending_clinical_signoff,claude_ua_14c,2,1095,1474,56,,
knowledge_base/hosted/content/drugs/pembrolizumab.yaml,drugs,notes,notes_ua,drafted_v2plus,pending_clinical_signoff,claude_ua_14c,2,662,1187,56,,
knowledge_base/hosted/content/drugs/pemetrexed.yaml,drugs,notes,notes_ua,drafted_v2plus,pending_clinical_signoff,claude_ua_14c,2,952,1512,56,,
knowledge_base/hosted/content/drugs/pertuzumab.yaml,drugs,notes,notes_ua,drafted_v2plus,pending_clinical_signoff,claude_ua_14c,2,156,433,56,,
knowledge_base/hosted/content/drugs/pexidartinib.yaml,drugs,notes,notes_ua,drafted_v2plus,pending_clinical_signoff,claude_ua_14c,2,636,962,56,,
knowledge_base/hosted/content/drugs/piperacillin_tazobactam.yaml,drugs,notes,notes_ua,drafted_v2plus,pending_clinical_signoff,claude_ua_14c,2,948,1282,56,,
knowledge_base/hosted/content/drugs/pirtobrutinib.yaml,drugs,notes,notes_ua,drafted_v2plus,pending_clinical_signoff,claude_ua_14c,2,497,904,56,,
knowledge_base/hosted/content/drugs/polatuzumab_vedotin.yaml,drugs,notes,notes_ua,drafted_v2plus,pending_clinical_signoff,claude_ua_14c,2,453,683,56,,
knowledge_base/hosted/content/drugs/ponatinib.yaml,drugs,notes,notes_ua,drafted_v2plus,pending_clinical_signoff,claude_ua_14c,2,259,500,56,,
knowledge_base/hosted/content/drugs/pralatrexate.yaml,drugs,notes,notes_ua,drafted_v2plus,pending_clinical_signoff,claude_ua_14c,2,439,863,56,,
knowledge_base/hosted/content/drugs/pralsetinib.yaml,drugs,notes,notes_ua,drafted_v2plus,pending_clinical_signoff,claude_ua_14c,2,776,1139,56,,
knowledge_base/hosted/content/drugs/prednisone.yaml,drugs,notes,notes_ua,drafted_v2plus,pending_clinical_signoff,claude_ua_14c,2,252,458,56,,
knowledge_base/hosted/content/drugs/procarbazine.yaml,drugs,notes,notes_ua,drafted_v2plus,pending_clinical_signoff,claude_ua_14c,2,567,959,56,,
knowledge_base/hosted/content/drugs/quizartinib.yaml,drugs,notes,notes_ua,drafted_v2plus,pending_clinical_signoff,claude_ua_14c,2,481,796,56,,
knowledge_base/hosted/content/drugs/radium_223.yaml,drugs,notes,notes_ua,drafted_v2plus,pending_clinical_signoff,claude_ua_14c,2,178,504,56,,
knowledge_base/hosted/content/drugs/ramucirumab.yaml,drugs,notes,notes_ua,drafted_v2plus,pending_clinical_signoff,claude_ua_14c,2,377,625,56,,
knowledge_base/hosted/content/drugs/regorafenib.yaml,drugs,notes,notes_ua,drafted_v2plus,pending_clinical_signoff,claude_ua_14c,2,516,744,56,,
knowledge_base/hosted/content/drugs/relatlimab.yaml,drugs,notes,notes_ua,drafted_v2plus,pending_clinical_signoff,claude_ua_14c,2,863,1285,56,,
knowledge_base/hosted/content/drugs/relugolix.yaml,drugs,notes,notes_ua,drafted_v2plus,pending_clinical_signoff,claude_ua_14c,2,148,342,56,,
knowledge_base/hosted/content/drugs/repotrectinib.yaml,drugs,notes,notes_ua,drafted_v2plus,pending_clinical_signoff,claude_ua_14c,2,911,1309,56,,
knowledge_base/hosted/content/drugs/retifanlimab.yaml,drugs,notes,notes_ua,drafted_v2plus,pending_clinical_signoff,claude_ua_14c,2,898,1236,56,,
knowledge_base/hosted/content/drugs/ribociclib.yaml,drugs,notes,notes_ua,drafted_v2plus,pending_clinical_signoff,claude_ua_14c,2,165,329,56,,
knowledge_base/hosted/content/drugs/ripretinib.yaml,drugs,notes,notes_ua,drafted_v2plus,pending_clinical_signoff,claude_ua_14c,2,805,1252,56,,
knowledge_base/hosted/content/drugs/rituximab.yaml,drugs,notes,notes_ua,drafted_v2plus,pending_clinical_signoff,claude_ua_14c,2,752,974,56,,
knowledge_base/hosted/content/drugs/rolapitant.yaml,drugs,notes,notes_ua,drafted_v2plus,pending_clinical_signoff,claude_ua_14c,2,759,1025,56,,
knowledge_base/hosted/content/drugs/romidepsin.yaml,drugs,notes,notes_ua,drafted_v2plus,pending_clinical_signoff,claude_ua_14c,2,475,867,56,,
knowledge_base/hosted/content/drugs/ropeginterferon_alfa_2b.yaml,drugs,notes,notes_ua,drafted_v2plus,pending_clinical_signoff,claude_ua_14c,2,600,868,56,,
knowledge_base/hosted/content/drugs/rucaparib.yaml,drugs,notes,notes_ua,drafted_v2plus,pending_clinical_signoff,claude_ua_14c,2,754,1179,56,,
knowledge_base/hosted/content/drugs/ruxolitinib.yaml,drugs,notes,notes_ua,drafted_v2plus,pending_clinical_signoff,claude_ua_14c,2,404,722,56,,
knowledge_base/hosted/content/drugs/sacituzumab_govitecan.yaml,drugs,notes,notes_ua,drafted_v2plus,pending_clinical_signoff,claude_ua_14c,2,201,424,56,,
knowledge_base/hosted/content/drugs/salbutamol.yaml,drugs,notes,notes_ua,drafted_v2plus,pending_clinical_signoff,claude_ua_14c,2,1139,1459,56,,
knowledge_base/hosted/content/drugs/selpercatinib.yaml,drugs,notes,notes_ua,drafted_v2plus,pending_clinical_signoff,claude_ua_14c,2,78,213,56,,
knowledge_base/hosted/content/drugs/sirolimus.yaml,drugs,notes,notes_ua,drafted_v2plus,pending_clinical_signoff,claude_ua_14c,2,684,1101,56,,
knowledge_base/hosted/content/drugs/sofosbuvir_velpatasvir.yaml,drugs,notes,notes_ua,drafted_v2plus,pending_clinical_signoff,claude_ua_14c,2,199,420,56,,
knowledge_base/hosted/content/drugs/sonidegib.yaml,drugs,notes,notes_ua,drafted_v2plus,pending_clinical_signoff,claude_ua_14c,2,475,684,56,,
knowledge_base/hosted/content/drugs/sorafenib.yaml,drugs,notes,notes_ua,drafted_v2plus,pending_clinical_signoff,claude_ua_14c,2,719,1316,56,,
knowledge_base/hosted/content/drugs/sotorasib.yaml,drugs,notes,notes_ua,drafted_v2plus,pending_clinical_signoff,claude_ua_14c,2,108,287,56,,
knowledge_base/hosted/content/drugs/sunitinib.yaml,drugs,notes,notes_ua,drafted_v2plus,pending_clinical_signoff,claude_ua_14c,2,474,843,56,,
knowledge_base/hosted/content/drugs/talazoparib.yaml,drugs,notes,notes_ua,drafted_v2plus,pending_clinical_signoff,claude_ua_14c,2,117,329,56,,
knowledge_base/hosted/content/drugs/talquetamab.yaml,drugs,notes,notes_ua,drafted_v2plus,pending_clinical_signoff,claude_ua_14c,2,708,1068,56,,
knowledge_base/hosted/content/drugs/tamoxifen.yaml,drugs,notes,notes_ua,drafted_v2plus,pending_clinical_signoff,claude_ua_14c,2,207,357,56,,
knowledge_base/hosted/content/drugs/tazemetostat.yaml,drugs,notes,notes_ua,drafted_v2plus,pending_clinical_signoff,claude_ua_14c,2,394,742,56,,
knowledge_base/hosted/content/drugs/teclistamab.yaml,drugs,notes,notes_ua,drafted_v2plus,pending_clinical_signoff,claude_ua_14c,2,511,994,56,,
knowledge_base/hosted/content/drugs/temozolomide.yaml,drugs,notes,notes_ua,drafted_v2plus,pending_clinical_signoff,claude_ua_14c,2,926,1399,56,,
knowledge_base/hosted/content/drugs/tepotinib.yaml,drugs,notes,notes_ua,drafted_v2plus,pending_clinical_signoff,claude_ua_14c,2,61,186,56,,
knowledge_base/hosted/content/drugs/thiotepa.yaml,drugs,notes,notes_ua,drafted_v2plus,pending_clinical_signoff,claude_ua_14c,2,683,993,56,,
knowledge_base/hosted/content/drugs/tisagenlecleucel.yaml,drugs,notes,notes_ua,drafted_v2plus,pending_clinical_signoff,claude_ua_14c,2,1176,1582,56,,
knowledge_base/hosted/content/drugs/tisotumab_vedotin.yaml,drugs,notes,notes_ua,drafted_v2plus,pending_clinical_signoff,claude_ua_14c,2,1441,2001,56,,
knowledge_base/hosted/content/drugs/topotecan.yaml,drugs,notes,notes_ua,drafted_v2plus,pending_clinical_signoff,claude_ua_14c,2,823,1182,56,,
knowledge_base/hosted/content/drugs/trabectedin.yaml,drugs,notes,notes_ua,drafted_v2plus,pending_clinical_signoff,claude_ua_14c,2,469,710,56,,
knowledge_base/hosted/content/drugs/trametinib.yaml,drugs,notes,notes_ua,drafted_v2plus,pending_clinical_signoff,claude_ua_14c,2,98,212,56,,
knowledge_base/hosted/content/drugs/trastuzumab.yaml,drugs,notes,notes_ua,drafted_v2plus,pending_clinical_signoff,claude_ua_14c,2,858,1259,56,,
knowledge_base/hosted/content/drugs/trastuzumab_deruxtecan.yaml,drugs,notes,notes_ua,drafted_v2plus,pending_clinical_signoff,claude_ua_14c,2,241,522,56,,
knowledge_base/hosted/content/drugs/trastuzumab_emtansine.yaml,drugs,notes,notes_ua,drafted_v2plus,pending_clinical_signoff,claude_ua_14c,2,161,345,56,,
knowledge_base/hosted/content/drugs/tremelimumab.yaml,drugs,notes,notes_ua,drafted_v2plus,pending_clinical_signoff,claude_ua_14c,2,551,872,56,,
knowledge_base/hosted/content/drugs/trifluridine_tipiracil.yaml,drugs,notes,notes_ua,drafted_v2plus,pending_clinical_signoff,claude_ua_14c,2,393,667,56,,
knowledge_base/hosted/content/drugs/trimethoprim_sulfamethoxazole.yaml,drugs,notes,notes_ua,drafted_v2plus,pending_clinical_signoff,claude_ua_14c,2,117,151,56,,
knowledge_base/hosted/content/drugs/tucatinib.yaml,drugs,notes,notes_ua,drafted_v2plus,pending_clinical_signoff,claude_ua_14c,2,190,347,56,,
knowledge_base/hosted/content/drugs/vancomycin.yaml,drugs,notes,notes_ua,drafted_v2plus,pending_clinical_signoff,claude_ua_14c,2,1053,1525,56,,
knowledge_base/hosted/content/drugs/vemurafenib.yaml,drugs,notes,notes_ua,drafted_v2plus,pending_clinical_signoff,claude_ua_14c,2,782,1170,56,,
knowledge_base/hosted/content/drugs/venetoclax.yaml,drugs,notes,notes_ua,drafted_v2plus,pending_clinical_signoff,claude_ua_14c,2,419,861,56,,
knowledge_base/hosted/content/drugs/vinblastine.yaml,drugs,notes,notes_ua,drafted_v2plus,pending_clinical_signoff,claude_ua_14c,2,126,217,56,,
knowledge_base/hosted/content/drugs/vincristine.yaml,drugs,notes,notes_ua,drafted_v2plus,pending_clinical_signoff,claude_ua_14c,2,310,445,56,,
knowledge_base/hosted/content/drugs/vismodegib.yaml,drugs,notes,notes_ua,drafted_v2plus,pending_clinical_signoff,claude_ua_14c,2,466,709,56,,
knowledge_base/hosted/content/drugs/zanubrutinib.yaml,drugs,notes,notes_ua,drafted_v2plus,pending_clinical_signoff,claude_ua_14c,2,174,421,56,,
knowledge_base/hosted/content/drugs/zenocutuzumab.yaml,drugs,notes,notes_ua,drafted_v2plus,pending_clinical_signoff,claude_ua_14c,2,396,636,56,,
knowledge_base/hosted/content/drugs/zidovudine.yaml,drugs,notes,notes_ua,drafted_v2plus,pending_clinical_signoff,claude_ua_14c,2,571,824,56,,
knowledge_base/hosted/content/drugs/zoledronate.yaml,drugs,notes,notes_ua,drafted_v2plus,pending_clinical_signoff,claude_ua_14c,2,289,441,56,,
knowledge_base/hosted/content/algorithms/algo_advsm_1l.yaml,algorithms,notes,notes_ua,missing,,,,642,0,58,,
knowledge_base/hosted/content/algorithms/algo_aitl_1l.yaml,algorithms,notes,notes_ua,drafted_v2plus,pending_clinical_signoff,claude_ua_13,2,236,263,56,,
knowledge_base/hosted/content/algorithms/algo_aitl_2l.yaml,algorithms,notes,notes_ua,missing,,,,535,0,58,,
knowledge_base/hosted/content/algorithms/algo_alcl_2l.yaml,algorithms,notes,notes_ua,drafted_v2plus,pending_clinical_signoff,claude_ua_13,2,285,358,56,,
knowledge_base/hosted/content/algorithms/algo_aml_1l.yaml,algorithms,notes,notes_ua,drafted_v2plus,pending_clinical_signoff,claude_ua_13,2,874,852,56,,
knowledge_base/hosted/content/algorithms/algo_aml_2l.yaml,algorithms,notes,notes_ua,missing,,,,683,0,58,,
knowledge_base/hosted/content/algorithms/algo_amsterdam_ii_lynch.yaml,algorithms,notes,notes_ua,missing,,,,1464,0,50,,
knowledge_base/hosted/content/algorithms/algo_anal_scc_1l.yaml,algorithms,notes,notes_ua,drafted_v2plus,pending_clinical_signoff,claude_ua_13,2,943,1099,56,,
knowledge_base/hosted/content/algorithms/algo_apl_1l.yaml,algorithms,notes,notes_ua,drafted_v2plus,pending_clinical_signoff,claude_ua_13,2,339,352,56,,
knowledge_base/hosted/content/algorithms/algo_apl_2l.yaml,algorithms,notes,notes_ua,missing,,,,499,0,58,,
knowledge_base/hosted/content/algorithms/algo_atll_1l.yaml,algorithms,notes,notes_ua,missing,,,,1754,0,58,,
knowledge_base/hosted/content/algorithms/algo_atll_2l.yaml,algorithms,notes,notes_ua,drafted_v2plus,pending_clinical_signoff,claude_ua_13,2,209,237,56,,
knowledge_base/hosted/content/algorithms/algo_b_all_1l.yaml,algorithms,notes,notes_ua,drafted_v2plus,pending_clinical_signoff,claude_ua_13,2,158,177,56,,
knowledge_base/hosted/content/algorithms/algo_b_all_2l.yaml,algorithms,notes,notes_ua,missing,,,,465,0,58,,
knowledge_base/hosted/content/algorithms/algo_bcc_1l.yaml,algorithms,notes,notes_ua,drafted_v2plus,pending_clinical_signoff,claude_ua_13,2,384,409,56,,
knowledge_base/hosted/content/algorithms/algo_bcsc_breast.yaml,algorithms,notes,notes_ua,missing,,,,1811,0,50,,
knowledge_base/hosted/content/algorithms/algo_boadicea_v6_breast_ovarian.yaml,algorithms,notes,notes_ua,missing,,,,3058,0,49,,
knowledge_base/hosted/content/algorithms/algo_brcapro.yaml,algorithms,notes,notes_ua,missing,,,,2815,0,49,,
knowledge_base/hosted/content/algorithms/algo_breast_1l.yaml,algorithms,notes,notes_ua,missing,,,,714,0,57,,
knowledge_base/hosted/content/algorithms/algo_breast_her2_pos_2l.yaml,algorithms,notes,notes_ua,missing,,,,701,0,58,,
knowledge_base/hosted/content/algorithms/algo_breast_hr_pos_2l.yaml,algorithms,notes,notes_ua,drafted_v2plus,pending_clinical_signoff,claude_ua_13,2,998,1078,56,,
knowledge_base/hosted/content/algorithms/algo_breast_tnbc_2l.yaml,algorithms,notes,notes_ua,drafted_v2plus,pending_clinical_signoff,claude_ua_13,2,1069,1209,56,,
knowledge_base/hosted/content/algorithms/algo_burkitt_1l.yaml,algorithms,notes,notes_ua,drafted_v2plus,pending_clinical_signoff,claude_ua_13,2,1490,1651,56,,
knowledge_base/hosted/content/algorithms/algo_burkitt_2l.yaml,algorithms,notes,notes_ua,missing,,,,829,0,58,,
knowledge_base/hosted/content/algorithms/algo_carrier_cascade_lynch.yaml,algorithms,notes,notes_ua,missing,,,,3183,0,49,,
knowledge_base/hosted/content/algorithms/algo_cascade_family_testing.yaml,algorithms,notes,notes_ua,missing,,,,2965,0,49,,
knowledge_base/hosted/content/algorithms/algo_cascade_lfs_carrier_family_testing.yaml,algorithms,notes,notes_ua,missing,,,,3574,0,49,,
knowledge_base/hosted/content/algorithms/algo_cervical_locally_advanced_1l.yaml,algorithms,notes,notes_ua,missing,,,,378,0,58,,
knowledge_base/hosted/content/algorithms/algo_cervical_metastatic_1l.yaml,algorithms,notes,notes_ua,missing,,,,916,0,57,,
knowledge_base/hosted/content/algorithms/algo_chl_1l.yaml,algorithms,notes,notes_ua,drafted_v2plus,pending_clinical_signoff,claude_ua_13,2,1595,1789,56,,
knowledge_base/hosted/content/algorithms/algo_chl_2l.yaml,algorithms,notes,notes_ua,drafted_v2plus,pending_clinical_signoff,claude_ua_13,2,522,579,56,,
knowledge_base/hosted/content/algorithms/algo_cholangio_1l.yaml,algorithms,notes,notes_ua,drafted_v2plus,pending_clinical_signoff,claude_ua_13,2,591,630,56,,
knowledge_base/hosted/content/algorithms/algo_cholangio_2l.yaml,algorithms,notes,notes_ua,missing,,,,790,0,58,,
knowledge_base/hosted/content/algorithms/algo_chompret_2015_lfs.yaml,algorithms,notes,notes_ua,missing,,,,1314,0,50,,
knowledge_base/hosted/content/algorithms/algo_chondrosarcoma_1l.yaml,algorithms,notes,notes_ua,drafted_v2plus,pending_clinical_signoff,claude_ua_13,2,40,45,56,,
knowledge_base/hosted/content/algorithms/algo_classic_fap_criteria.yaml,algorithms,notes,notes_ua,missing,,,,2348,0,50,,
knowledge_base/hosted/content/algorithms/algo_classic_lfs_criteria.yaml,algorithms,notes,notes_ua,missing,,,,1181,0,50,,
knowledge_base/hosted/content/algorithms/algo_cll_1l.yaml,algorithms,notes,notes_ua,drafted_v2plus,pending_clinical_signoff,claude_ua_13,2,1065,1147,56,,
knowledge_base/hosted/content/algorithms/algo_cll_2l.yaml,algorithms,notes,notes_ua,missing,,,,692,0,58,,
knowledge_base/hosted/content/algorithms/algo_cml_1l.yaml,algorithms,notes,notes_ua,drafted_v2plus,pending_clinical_signoff,claude_ua_13,2,310,359,56,,
knowledge_base/hosted/content/algorithms/algo_cml_2l.yaml,algorithms,notes,notes_ua,missing,,,,545,0,58,,
knowledge_base/hosted/content/algorithms/algo_cowden_carrier_surveillance.yaml,algorithms,notes,notes_ua,missing,,,,3370,0,49,,
knowledge_base/hosted/content/algorithms/algo_crc_adjuvant.yaml,algorithms,notes,notes_ua,missing,,,,1164,0,58,,
knowledge_base/hosted/content/algorithms/algo_crc_metastatic_1l.yaml,algorithms,notes,notes_ua,missing,,,,1126,0,60,,
knowledge_base/hosted/content/algorithms/algo_crc_metastatic_2l.yaml,algorithms,notes,notes_ua,missing,,,,1185,0,58,,
knowledge_base/hosted/content/algorithms/algo_crc_metastatic_3l.yaml,algorithms,notes,notes_ua,missing,,,,435,0,58,,
knowledge_base/hosted/content/algorithms/algo_dlbcl_1l.yaml,algorithms,notes,notes_ua,drafted_v2plus,pending_clinical_signoff,claude_ua_13,2,2491,2560,56,,
knowledge_base/hosted/content/algorithms/algo_dlbcl_2l.yaml,algorithms,notes,notes_ua,missing,,,,479,0,58,,
knowledge_base/hosted/content/algorithms/algo_dlbcl_3l.yaml,algorithms,notes,notes_ua,missing,,,,379,0,57,,
knowledge_base/hosted/content/algorithms/algo_eatl_1l.yaml,algorithms,notes,notes_ua,missing,,,,147,0,58,,
knowledge_base/hosted/content/algorithms/algo_endometrial_2l.yaml,algorithms,notes,notes_ua,drafted_v2plus,pending_clinical_signoff,claude_ua_13,2,820,977,56,,
knowledge_base/hosted/content/algorithms/algo_endometrial_advanced_1l.yaml,algorithms,notes,notes_ua,drafted_v2plus,pending_clinical_signoff,claude_ua_13,2,92,117,56,,
knowledge_base/hosted/content/algorithms/algo_epithelioid_sarcoma_1l.yaml,algorithms,notes,notes_ua,drafted_v2plus,pending_clinical_signoff,claude_ua_13,2,398,422,56,,
knowledge_base/hosted/content/algorithms/algo_esoph_2l.yaml,algorithms,notes,notes_ua,drafted_v2plus,pending_clinical_signoff,claude_ua_13,2,778,838,56,,
knowledge_base/hosted/content/algorithms/algo_esoph_definitive_1l.yaml,algorithms,notes,notes_ua,drafted_v2plus,pending_clinical_signoff,claude_ua_13,2,625,688,56,,
knowledge_base/hosted/content/algorithms/algo_esoph_metastatic_1l.yaml,algorithms,notes,notes_ua,missing,,,,1072,0,57,,
knowledge_base/hosted/content/algorithms/algo_esoph_resectable_1l.yaml,algorithms,notes,notes_ua,missing,,,,208,0,58,,
knowledge_base/hosted/content/algorithms/algo_esophageal_adjuvant_1l.yaml,algorithms,notes,notes_ua,drafted_v2plus,pending_clinical_signoff,claude_ua_13,2,331,380,56,,
knowledge_base/hosted/content/algorithms/algo_et_1l.yaml,algorithms,notes,notes_ua,drafted_v2plus,pending_clinical_signoff,claude_ua_13,2,223,224,56,,
knowledge_base/hosted/content/algorithms/algo_et_2l.yaml,algorithms,notes,notes_ua,missing,,,,1063,0,58,,
knowledge_base/hosted/content/algorithms/algo_fl_1l.yaml,algorithms,notes,notes_ua,drafted_v2plus,pending_clinical_signoff,claude_ua_13,2,195,206,56,,
knowledge_base/hosted/content/algorithms/algo_fl_2l.yaml,algorithms,notes,notes_ua,missing,,,,670,0,58,,
knowledge_base/hosted/content/algorithms/algo_gail_breast.yaml,algorithms,notes,notes_ua,missing,,,,1932,0,50,,
knowledge_base/hosted/content/algorithms/algo_gastric_2l.yaml,algorithms,notes,notes_ua,missing,,,,705,0,58,,
knowledge_base/hosted/content/algorithms/algo_gastric_metastatic_1l.yaml,algorithms,notes,notes_ua,drafted_v2plus,pending_clinical_signoff,claude_ua_13,2,1025,1080,56,,
knowledge_base/hosted/content/algorithms/algo_gastric_resectable_periop.yaml,algorithms,notes,notes_ua,drafted_v2plus,pending_clinical_signoff,claude_ua_13,2,701,734,56,,
knowledge_base/hosted/content/algorithms/algo_gbm_newly_diagnosed_1l.yaml,algorithms,notes,notes_ua,drafted_v2plus,pending_clinical_signoff,claude_ua_13,2,399,472,56,,
knowledge_base/hosted/content/algorithms/algo_gbm_recurrent.yaml,algorithms,notes,notes_ua,drafted_v2plus,pending_clinical_signoff,claude_ua_13,2,1082,1217,56,,
knowledge_base/hosted/content/algorithms/algo_gct_metastatic_1l.yaml,algorithms,notes,notes_ua,drafted_v2plus,pending_clinical_signoff,claude_ua_13,2,1222,1299,56,,
knowledge_base/hosted/content/algorithms/algo_gct_salvage_2l.yaml,algorithms,notes,notes_ua,missing,,,,1218,0,58,,
knowledge_base/hosted/content/algorithms/algo_gi_net_advanced_1l.yaml,algorithms,notes,notes_ua,drafted_v2plus,pending_clinical_signoff,claude_ua_13,2,681,735,56,,
knowledge_base/hosted/content/algorithms/algo_gist_1l.yaml,algorithms,notes,notes_ua,missing,,,,492,0,58,,
knowledge_base/hosted/content/algorithms/algo_gist_2l.yaml,algorithms,notes,notes_ua,missing,,,,350,0,58,,
knowledge_base/hosted/content/algorithms/algo_glioma_lgg_1l.yaml,algorithms,notes,notes_ua,drafted_v2plus,pending_clinical_signoff,claude_ua_13,2,576,675,56,,
knowledge_base/hosted/content/algorithms/algo_granulosa_cell_1l.yaml,algorithms,notes,notes_ua,drafted_v2plus,pending_clinical_signoff,claude_ua_13,2,549,603,56,,
knowledge_base/hosted/content/algorithms/algo_hcc_systemic_1l.yaml,algorithms,notes,notes_ua,drafted_v2plus,pending_clinical_signoff,claude_ua_13,2,1978,2091,56,,
knowledge_base/hosted/content/algorithms/algo_hcc_systemic_2l.yaml,algorithms,notes,notes_ua,drafted_v2plus,pending_clinical_signoff,claude_ua_13,2,857,916,56,,
knowledge_base/hosted/content/algorithms/algo_hcl_1l.yaml,algorithms,notes,notes_ua,drafted_v2plus,pending_clinical_signoff,claude_ua_13,2,134,130,56,,
knowledge_base/hosted/content/algorithms/algo_hcl_2l.yaml,algorithms,notes,notes_ua,drafted_v2plus,pending_clinical_signoff,claude_ua_13,2,1071,1154,56,,
knowledge_base/hosted/content/algorithms/algo_hcv_mzl_1l.yaml,algorithms,notes,notes_ua,drafted_v2plus,pending_clinical_signoff,claude_ua_13,2,259,261,56,,
knowledge_base/hosted/content/algorithms/algo_hcv_mzl_2l.yaml,algorithms,notes,notes_ua,missing,,,,1207,0,58,,
knowledge_base/hosted/content/algorithms/algo_hereditary_melanoma_surveillance.yaml,algorithms,notes,notes_ua,missing,,,,2250,0,49,,
knowledge_base/hosted/content/algorithms/algo_hereditary_prostate_cancer_risk.yaml,algorithms,notes,notes_ua,missing,,,,3870,0,49,,
knowledge_base/hosted/content/algorithms/algo_hgbl_dh_1l.yaml,algorithms,notes,notes_ua,drafted_v2plus,pending_clinical_signoff,claude_ua_13,2,221,247,56,,
knowledge_base/hosted/content/algorithms/algo_hgbl_dh_2l.yaml,algorithms,notes,notes_ua,drafted_v2plus,pending_clinical_signoff,claude_ua_13,2,1024,1065,56,,
knowledge_base/hosted/content/algorithms/algo_hnscc_rm_1l.yaml,algorithms,notes,notes_ua,missing,,,,749,0,58,,
knowledge_base/hosted/content/algorithms/algo_hnscc_rm_2l.yaml,algorithms,notes,notes_ua,missing,,,,1229,0,57,,
knowledge_base/hosted/content/algorithms/algo_hstcl_1l.yaml,algorithms,notes,notes_ua,drafted_v2plus,pending_clinical_signoff,claude_ua_13,2,251,282,56,,
knowledge_base/hosted/content/algorithms/algo_ifs_1l.yaml,algorithms,notes,notes_ua,drafted_v2plus,pending_clinical_signoff,claude_ua_13,2,40,45,56,,
knowledge_base/hosted/content/algorithms/algo_imt_1l.yaml,algorithms,notes,notes_ua,drafted_v2plus,pending_clinical_signoff,claude_ua_13,2,40,45,56,,
knowledge_base/hosted/content/algorithms/algo_integrated_risk_from_multiple_rfs.yaml,algorithms,notes,notes_ua,missing,,,,3470,0,49,,
knowledge_base/hosted/content/algorithms/algo_jmml_1l.yaml,algorithms,notes,notes_ua,missing,,,,76,0,57,,
knowledge_base/hosted/content/algorithms/algo_lam_1l.yaml,algorithms,notes,notes_ua,drafted_v2plus,pending_clinical_signoff,claude_ua_13,2,475,552,56,,
knowledge_base/hosted/content/algorithms/algo_manchester_brca.yaml,algorithms,notes,notes_ua,missing,,,,1532,0,50,,
knowledge_base/hosted/content/algorithms/algo_mcl_1l.yaml,algorithms,notes,notes_ua,drafted_v2plus,pending_clinical_signoff,claude_ua_13,2,126,150,56,,
knowledge_base/hosted/content/algorithms/algo_mcl_2l.yaml,algorithms,notes,notes_ua,missing,,,,541,0,58,,
knowledge_base/hosted/content/algorithms/algo_mcl_3l.yaml,algorithms,notes,notes_ua,missing,,,,242,0,57,,
knowledge_base/hosted/content/algorithms/algo_mds_hr_1l.yaml,algorithms,notes,notes_ua,drafted_v2plus,pending_clinical_signoff,claude_ua_13,2,205,213,56,,
knowledge_base/hosted/content/algorithms/algo_mds_hr_2l.yaml,algorithms,notes,notes_ua,missing,,,,467,0,58,,
knowledge_base/hosted/content/algorithms/algo_mds_lr_1l.yaml,algorithms,notes,notes_ua,drafted_v2plus,pending_clinical_signoff,claude_ua_13,2,424,433,56,,
knowledge_base/hosted/content/algorithms/algo_mds_lr_2l.yaml,algorithms,notes,notes_ua,missing,,,,436,0,58,,
knowledge_base/hosted/content/algorithms/algo_melanoma_adjuvant_1l.yaml,algorithms,notes,notes_ua,drafted_v2plus,pending_clinical_signoff,claude_ua_13,2,497,533,56,,
knowledge_base/hosted/content/algorithms/algo_melanoma_metastatic_1l.yaml,algorithms,notes,notes_ua,drafted_v2plus,pending_clinical_signoff,claude_ua_13,2,327,382,56,,
knowledge_base/hosted/content/algorithms/algo_melanoma_metastatic_2l.yaml,algorithms,notes,notes_ua,missing,,,,1183,0,58,,
knowledge_base/hosted/content/algorithms/algo_men1_carrier_surveillance.yaml,algorithms,notes,notes_ua,missing,,,,2669,0,49,,
knowledge_base/hosted/content/algorithms/algo_men2_carrier_prophylactic_thyroidectomy_timing.yaml,algorithms,notes,notes_ua,missing,,,,2741,0,49,,
knowledge_base/hosted/content/algorithms/algo_meningioma_1l.yaml,algorithms,notes,notes_ua,missing,,,,82,0,57,,
knowledge_base/hosted/content/algorithms/algo_mesothelioma_1l.yaml,algorithms,notes,notes_ua,missing,,,,716,0,57,,
knowledge_base/hosted/content/algorithms/algo_mesothelioma_2l.yaml,algorithms,notes,notes_ua,drafted_v2plus,pending_clinical_signoff,claude_ua_13,2,228,243,56,,
knowledge_base/hosted/content/algorithms/algo_mf_sezary_1l.yaml,algorithms,notes,notes_ua,drafted_v2plus,pending_clinical_signoff,claude_ua_13,2,588,744,56,,
knowledge_base/hosted/content/algorithms/algo_mf_sezary_2l.yaml,algorithms,notes,notes_ua,missing,,,,432,0,58,,
knowledge_base/hosted/content/algorithms/algo_mm_1l.yaml,algorithms,notes,notes_ua,missing,,,,1695,0,58,,
knowledge_base/hosted/content/algorithms/algo_mm_2l.yaml,algorithms,notes,notes_ua,missing,,,,670,0,58,,
knowledge_base/hosted/content/algorithms/algo_mm_3l.yaml,algorithms,notes,notes_ua,missing,,,,438,0,58,,
knowledge_base/hosted/content/algorithms/algo_mmrpro.yaml,algorithms,notes,notes_ua,missing,,,,3233,0,49,,
knowledge_base/hosted/content/algorithms/algo_mpnst_1l.yaml,algorithms,notes,notes_ua,drafted_v2plus,pending_clinical_signoff,claude_ua_13,2,40,45,56,,
knowledge_base/hosted/content/algorithms/algo_mtc_1l.yaml,algorithms,notes,notes_ua,missing,,,,455,0,58,,
knowledge_base/hosted/content/algorithms/algo_multi_syndrome_pedigree_triage.yaml,algorithms,notes,notes_ua,missing,,,,2046,0,49,,
knowledge_base/hosted/content/algorithms/algo_nccn_pancreatic_caps_surveillance.yaml,algorithms,notes,notes_ua,missing,,,,2268,0,49,,
knowledge_base/hosted/content/algorithms/algo_nk_t_nasal_1l.yaml,algorithms,notes,notes_ua,drafted_v2plus,pending_clinical_signoff,claude_ua_13,2,608,671,56,,
knowledge_base/hosted/content/algorithms/algo_nk_t_nasal_2l.yaml,algorithms,notes,notes_ua,drafted_v2plus,pending_clinical_signoff,claude_ua_13,2,308,393,56,,
knowledge_base/hosted/content/algorithms/algo_nlpbl_1l.yaml,algorithms,notes,notes_ua,missing,,,,281,0,58,,
knowledge_base/hosted/content/algorithms/algo_nlpbl_2l.yaml,algorithms,notes,notes_ua,drafted_v2plus,pending_clinical_signoff,claude_ua_13,2,1144,1258,56,,
knowledge_base/hosted/content/algorithms/algo_nmzl_1l.yaml,algorithms,notes,notes_ua,drafted_v2plus,pending_clinical_signoff,claude_ua_13,2,483,574,56,,
knowledge_base/hosted/content/algorithms/algo_nmzl_2l.yaml,algorithms,notes,notes_ua,drafted_v2plus,pending_clinical_signoff,claude_ua_13,2,508,633,56,,
knowledge_base/hosted/content/algorithms/algo_nsclc_adjuvant.yaml,algorithms,notes,notes_ua,missing,,,,364,0,58,,
knowledge_base/hosted/content/algorithms/algo_nsclc_metastatic_1l.yaml,algorithms,notes,notes_ua,drafted_v2plus,pending_clinical_signoff,claude_ua_13,2,1079,1210,56,,
knowledge_base/hosted/content/algorithms/algo_nsclc_metastatic_2l.yaml,algorithms,notes,notes_ua,drafted_v2plus,pending_clinical_signoff,claude_ua_13,2,2306,2684,56,,
knowledge_base/hosted/content/algorithms/algo_nsclc_resectable_periop.yaml,algorithms,notes,notes_ua,missing,,,,211,0,58,,
knowledge_base/hosted/content/algorithms/algo_ovarian_2l.yaml,algorithms,notes,notes_ua,drafted_v2plus,pending_clinical_signoff,claude_ua_13,2,1329,1464,56,,
knowledge_base/hosted/content/algorithms/algo_ovarian_advanced_1l.yaml,algorithms,notes,notes_ua,drafted_v2plus,pending_clinical_signoff,claude_ua_13,2,364,424,56,,
knowledge_base/hosted/content/algorithms/algo_pcnsl_1l.yaml,algorithms,notes,notes_ua,drafted_v2plus,pending_clinical_signoff,claude_ua_13,2,123,167,56,,
knowledge_base/hosted/content/algorithms/algo_pcnsl_2l.yaml,algorithms,notes,notes_ua,drafted_v2plus,pending_clinical_signoff,claude_ua_13,2,1311,1620,56,,
knowledge_base/hosted/content/algorithms/algo_pdac_lapc.yaml,algorithms,notes,notes_ua,drafted_v2plus,pending_clinical_signoff,claude_ua_13,2,883,984,56,,
knowledge_base/hosted/content/algorithms/algo_pdac_metastatic_1l.yaml,algorithms,notes,notes_ua,drafted_v2plus,pending_clinical_signoff,claude_ua_13,2,588,644,56,,
knowledge_base/hosted/content/algorithms/algo_pdac_metastatic_2l.yaml,algorithms,notes,notes_ua,missing,,,,896,0,58,,
knowledge_base/hosted/content/algorithms/algo_pdac_resectable_periop.yaml,algorithms,notes,notes_ua,drafted_v2plus,pending_clinical_signoff,claude_ua_13,2,957,1046,56,,
knowledge_base/hosted/content/algorithms/algo_pediatric_cancer_predisposition_triage.yaml,algorithms,notes,notes_ua,missing,,,,3505,0,49,,
knowledge_base/hosted/content/algorithms/algo_peutz_jeghers_carrier_surveillance.yaml,algorithms,notes,notes_ua,missing,,,,2970,0,49,,
knowledge_base/hosted/content/algorithms/algo_pmbcl_1l.yaml,algorithms,notes,notes_ua,drafted_v2plus,pending_clinical_signoff,claude_ua_13,2,120,142,56,,
knowledge_base/hosted/content/algorithms/algo_pmbcl_2l.yaml,algorithms,notes,notes_ua,drafted_v2plus,pending_clinical_signoff,claude_ua_13,2,980,1108,56,,
knowledge_base/hosted/content/algorithms/algo_pmf_1l.yaml,algorithms,notes,notes_ua,drafted_v2plus,pending_clinical_signoff,claude_ua_13,2,379,425,56,,
knowledge_base/hosted/content/algorithms/algo_pmf_2l.yaml,algorithms,notes,notes_ua,missing,,,,378,0,58,,
knowledge_base/hosted/content/algorithms/algo_pnet_metastatic_1l.yaml,algorithms,notes,notes_ua,drafted_v2plus,pending_clinical_signoff,claude_ua_13,2,548,590,56,,
knowledge_base/hosted/content/algorithms/algo_premm5_lynch.yaml,algorithms,notes,notes_ua,missing,,,,1465,0,50,,
knowledge_base/hosted/content/algorithms/algo_prevention_risk_triage_overview.yaml,algorithms,notes,notes_ua,missing,,,,2986,0,49,,
knowledge_base/hosted/content/algorithms/algo_prostate_mcrpc_1l.yaml,algorithms,notes,notes_ua,missing,,,,810,0,58,,
knowledge_base/hosted/content/algorithms/algo_prostate_mcrpc_2l.yaml,algorithms,notes,notes_ua,drafted_v2plus,pending_clinical_signoff,claude_ua_13,2,1229,1364,56,,
knowledge_base/hosted/content/algorithms/algo_prostate_mhspc_1l.yaml,algorithms,notes,notes_ua,drafted_v2plus,pending_clinical_signoff,claude_ua_13,2,171,196,56,,
knowledge_base/hosted/content/algorithms/algo_ptcl_2l.yaml,algorithms,notes,notes_ua,drafted_v2plus,pending_clinical_signoff,claude_ua_13,2,329,361,56,,
knowledge_base/hosted/content/algorithms/algo_ptld_1l.yaml,algorithms,notes,notes_ua,drafted_v2plus,pending_clinical_signoff,claude_ua_13,2,817,905,56,,
knowledge_base/hosted/content/algorithms/algo_ptld_2l.yaml,algorithms,notes,notes_ua,missing,,,,211,0,58,,
knowledge_base/hosted/content/algorithms/algo_pv_1l.yaml,algorithms,notes,notes_ua,drafted_v2plus,pending_clinical_signoff,claude_ua_13,2,341,353,56,,
knowledge_base/hosted/content/algorithms/algo_pv_2l.yaml,algorithms,notes,notes_ua,missing,,,,475,0,58,,
knowledge_base/hosted/content/algorithms/algo_rcc_metastatic_1l.yaml,algorithms,notes,notes_ua,missing,,,,754,0,57,,
knowledge_base/hosted/content/algorithms/algo_rcc_metastatic_2l.yaml,algorithms,notes,notes_ua,missing,,,,431,0,58,,
knowledge_base/hosted/content/algorithms/algo_rectal_locally_advanced_tnt.yaml,algorithms,notes,notes_ua,drafted_v2plus,pending_clinical_signoff,claude_ua_13,2,995,1073,56,,
knowledge_base/hosted/content/algorithms/algo_revised_bethesda_lynch.yaml,algorithms,notes,notes_ua,missing,,,,1541,0,50,,
knowledge_base/hosted/content/algorithms/algo_salivary_1l.yaml,algorithms,notes,notes_ua,drafted_v2plus,pending_clinical_signoff,claude_ua_13,2,40,45,56,,
knowledge_base/hosted/content/algorithms/algo_sclc_1l.yaml,algorithms,notes,notes_ua,drafted_v2plus,pending_clinical_signoff,claude_ua_13,2,350,405,56,,
knowledge_base/hosted/content/algorithms/algo_sclc_2l.yaml,algorithms,notes,notes_ua,drafted_v2plus,pending_clinical_signoff,claude_ua_13,2,894,1032,56,,
knowledge_base/hosted/content/algorithms/algo_smzl_1l.yaml,algorithms,notes,notes_ua,drafted_v2plus,pending_clinical_signoff,claude_ua_13,2,894,1015,56,,
knowledge_base/hosted/content/algorithms/algo_smzl_2l.yaml,algorithms,notes,notes_ua,drafted_v2plus,pending_clinical_signoff,claude_ua_13,2,714,850,56,,
knowledge_base/hosted/content/algorithms/algo_sts_advanced_1l.yaml,algorithms,notes,notes_ua,drafted_v2plus,pending_clinical_signoff,claude_ua_13,2,1152,1301,56,,
knowledge_base/hosted/content/algorithms/algo_sts_advanced_2l.yaml,algorithms,notes,notes_ua,drafted_v2plus,pending_clinical_signoff,claude_ua_13,2,1259,1398,56,,
knowledge_base/hosted/content/algorithms/algo_t_all_1l.yaml,algorithms,notes,notes_ua,missing,,,,243,0,58,,
knowledge_base/hosted/content/algorithms/algo_t_all_2l.yaml,algorithms,notes,notes_ua,drafted_v2plus,pending_clinical_signoff,claude_ua_13,2,159,200,56,,
knowledge_base/hosted/content/algorithms/algo_t_pll_1l.yaml,algorithms,notes,notes_ua,missing,,,,113,0,58,,
knowledge_base/hosted/content/algorithms/algo_t_pll_2l.yaml,algorithms,notes,notes_ua,drafted_v2plus,pending_clinical_signoff,claude_ua_13,2,183,212,56,,
knowledge_base/hosted/content/algorithms/algo_tgct_1l.yaml,algorithms,notes,notes_ua,drafted_v2plus,pending_clinical_signoff,claude_ua_13,2,292,344,56,,
knowledge_base/hosted/content/algorithms/algo_thyroid_anaplastic_1l.yaml,algorithms,notes,notes_ua,drafted_v2plus,pending_clinical_signoff,claude_ua_13,2,750,856,56,,
knowledge_base/hosted/content/algorithms/algo_thyroid_papillary_1l.yaml,algorithms,notes,notes_ua,drafted_v2plus,pending_clinical_signoff,claude_ua_13,2,40,45,56,,
knowledge_base/hosted/content/algorithms/algo_tyrer_cuzick_v8_breast.yaml,algorithms,notes,notes_ua,missing,,,,2127,0,50,,
knowledge_base/hosted/content/algorithms/algo_urothelial_metastatic_1l.yaml,algorithms,notes,notes_ua,missing,,,,748,0,57,,
knowledge_base/hosted/content/algorithms/algo_urothelial_metastatic_2l.yaml,algorithms,notes,notes_ua,missing,,,,859,0,57,,
knowledge_base/hosted/content/algorithms/algo_vhl_carrier_surveillance_vhl_alliance.yaml,algorithms,notes,notes_ua,missing,,,,3798,0,49,,
knowledge_base/hosted/content/algorithms/algo_wm_1l.yaml,algorithms,notes,notes_ua,drafted_v2plus,pending_clinical_signoff,claude_ua_13,2,176,171,56,,
knowledge_base/hosted/content/algorithms/algo_wm_2l.yaml,algorithms,notes,notes_ua,missing,,,,520,0,58,,
knowledge_base/hosted/content/procedures/proc_asct.yaml,procedures,notes,notes_ua,drafted_v2plus,pending_clinical_signoff,claude_ua_14c,2,1801,2434,56,,
knowledge_base/hosted/content/procedures/proc_d2_lymphadenectomy.yaml,procedures,notes,notes_ua,drafted_v2plus,pending_clinical_signoff,claude_ua_14c,2,698,956,56,,
knowledge_base/hosted/content/procedures/proc_ercp_brush_cytology.yaml,procedures,notes,notes_ua,missing,pending_clinical_signoff,claude_agent_aac98192634228af3,1,1745,0,49,,
knowledge_base/hosted/content/procedures/proc_esophagectomy_mie.yaml,procedures,notes,notes_ua,drafted_v2plus,pending_clinical_signoff,claude_ua_14c,2,910,1232,56,,
knowledge_base/hosted/content/procedures/proc_esophagectomy_open.yaml,procedures,notes,notes_ua,drafted_v2plus,pending_clinical_signoff,claude_ua_14c,2,777,954,56,,
knowledge_base/hosted/content/procedures/proc_esophagectomy_ramie.yaml,procedures,notes,notes_ua,drafted_v2plus,pending_clinical_signoff,claude_ua_14c,2,817,1026,56,,
knowledge_base/hosted/content/procedures/proc_genetic_counseling_pre_test.yaml,procedures,notes,notes_ua,missing,pending_clinical_signoff,claude_agent_aac98192634228af3,1,2473,0,49,,
knowledge_base/hosted/content/procedures/proc_hra_high_res_anoscopy.yaml,procedures,notes,notes_ua,missing,pending_clinical_signoff,claude_agent_aac98192634228af3,1,2014,0,49,,
knowledge_base/hosted/content/procedures/proc_lung_lobectomy.yaml,procedures,notes,notes_ua,drafted_v2plus,pending_clinical_signoff,claude_ua_14c,2,1678,2074,56,,
knowledge_base/hosted/content/procedures/proc_mammography_diagnostic.yaml,procedures,notes,notes_ua,missing,pending_clinical_signoff,claude_agent_aac98192634228af3,1,1659,0,49,,
knowledge_base/hosted/content/procedures/proc_meningioma_resection.yaml,procedures,notes,notes_ua,missing,,,,298,0,57,,
knowledge_base/hosted/content/procedures/proc_nephron_sparing_partial_nephrectomy_vhl.yaml,procedures,notes,notes_ua,missing,pending_clinical_signoff,claude_agent_aac98192634228af3,1,2424,0,49,,
knowledge_base/hosted/content/procedures/proc_pancreaticoduodenectomy.yaml,procedures,notes,notes_ua,drafted_v2plus,pending_clinical_signoff,claude_ua_14c,2,1121,1427,56,,
knowledge_base/hosted/content/procedures/proc_prophylactic_bso_brca.yaml,procedures,notes,notes_ua,missing,pending_clinical_signoff,claude_agent_aac98192634228af3,1,1998,0,49,,
knowledge_base/hosted/content/procedures/proc_prophylactic_colectomy_fap.yaml,procedures,notes,notes_ua,missing,pending_clinical_signoff,claude_agent_aac98192634228af3,1,1763,0,49,,
knowledge_base/hosted/content/procedures/proc_prophylactic_hysterectomy_lynch.yaml,procedures,notes,notes_ua,missing,pending_clinical_signoff,claude_agent_aac98192634228af3,1,1703,0,49,,
knowledge_base/hosted/content/procedures/proc_prophylactic_mastectomy_brca.yaml,procedures,notes,notes_ua,missing,pending_clinical_signoff,claude_agent_aac98192634228af3,1,1872,0,49,,
knowledge_base/hosted/content/procedures/proc_prophylactic_thyroidectomy_men2.yaml,procedures,notes,notes_ua,missing,pending_clinical_signoff,claude_agent_aac98192634228af3,1,1617,0,49,,
knowledge_base/hosted/content/procedures/proc_tme_proctectomy.yaml,procedures,notes,notes_ua,drafted_v2plus,pending_clinical_signoff,claude_ua_14c,2,1722,2288,56,,
knowledge_base/hosted/content/radiation_courses/rc_cross_neoadj.yaml,radiation_courses,notes,notes_ua,drafted_v2plus,pending_clinical_signoff,claude_ua_14c,2,814,1157,56,,
knowledge_base/hosted/content/radiation_courses/rc_definitive_esoph_scc.yaml,radiation_courses,notes,notes_ua,drafted_v2plus,pending_clinical_signoff,claude_ua_14c,2,643,906,56,,
knowledge_base/hosted/content/radiation_courses/rc_lapc_chemoradiation_pdac.yaml,radiation_courses,notes,notes_ua,drafted_v2plus,pending_clinical_signoff,claude_ua_14c,2,3455,4183,56,,
knowledge_base/hosted/content/radiation_courses/rc_lccrt_504_28_rectal.yaml,radiation_courses,notes,notes_ua,drafted_v2plus,pending_clinical_signoff,claude_ua_14c,2,2471,2984,56,,
knowledge_base/hosted/content/radiation_courses/rc_meningioma_adjuvant_594_33.yaml,radiation_courses,notes,notes_ua,missing,,,,235,0,57,,
knowledge_base/hosted/content/radiation_courses/rc_scrt_25_5_rectal.yaml,radiation_courses,notes,notes_ua,drafted_v2plus,pending_clinical_signoff,claude_ua_14c,2,1660,2078,56,,
